コード,ticker,銘柄名,市場・商品区分,33業種区分,17業種区分
AACB,AACB,Artius II Acquisition Inc.,NASDAQ,NASDAQ,NASDAQ
AACG,AACG,ATA Creativity Global,NASDAQ,NASDAQ,NASDAQ
AACI,AACI,Armada Acquisition Corp. III,NASDAQ,NASDAQ,NASDAQ
AACO,AACO,Abony Acquisition Corp. I,NASDAQ,NASDAQ,NASDAQ
AACP,AACP,Apogee Acquisition Corp,NASDAQ,NASDAQ,NASDAQ
AAL,AAL,"American Airlines Group, Inc.",NASDAQ,NASDAQ,NASDAQ
AAME,AAME,Atlantic American Corporation,NASDAQ,NASDAQ,NASDAQ
AAOI,AAOI,"Applied Optoelectronics, Inc.",NASDAQ,NASDAQ,NASDAQ
AAON,AAON,"AAON, Inc.",NASDAQ,NASDAQ,NASDAQ
AAPG,AAPG,Ascentage Pharma Group International,NASDAQ,NASDAQ,NASDAQ
AAPL,AAPL,Apple Inc.,NASDAQ,NASDAQ,NASDAQ
AARD,AARD,"Aardvark Therapeutics, Inc.",NASDAQ,NASDAQ,NASDAQ
ABAT,ABAT,American Battery Technology Company,NASDAQ,NASDAQ,NASDAQ
ABCL,ABCL,AbCellera Biologics Inc.,NASDAQ,NASDAQ,NASDAQ
ABEO,ABEO,Abeona Therapeutics Inc.,NASDAQ,NASDAQ,NASDAQ
ABLV,ABLV,Able View Global Inc.,NASDAQ,NASDAQ,NASDAQ
ABNB,ABNB,"Airbnb, Inc.",NASDAQ,NASDAQ,NASDAQ
ABOS,ABOS,"Acumen Pharmaceuticals, Inc.",NASDAQ,NASDAQ,NASDAQ
ABSI,ABSI,Absci Corporation,NASDAQ,NASDAQ,NASDAQ
ABTC,ABTC,American Bitcoin Corp.,NASDAQ,NASDAQ,NASDAQ
ABTS,ABTS,Abits Group Inc,NASDAQ,NASDAQ,NASDAQ
ABUS,ABUS,Arbutus Biopharma Corporation,NASDAQ,NASDAQ,NASDAQ
ABVC,ABVC,"ABVC BioPharma, Inc.",NASDAQ,NASDAQ,NASDAQ
ABVX,ABVX,Abivax SA,NASDAQ,NASDAQ,NASDAQ
ACAA,ACAA,Averin Capital Acquisition Corp.,NASDAQ,NASDAQ,NASDAQ
ACAD,ACAD,ACADIA Pharmaceuticals Inc.,NASDAQ,NASDAQ,NASDAQ
ACB,ACB,Aurora Cannabis Inc.,NASDAQ,NASDAQ,NASDAQ
ACCL,ACCL,Acco Group Holdings Limited,NASDAQ,NASDAQ,NASDAQ
ACDC,ACDC,ProFrac Holding Corp.,NASDAQ,NASDAQ,NASDAQ
ACET,ACET,"Adicet Bio, Inc.",NASDAQ,NASDAQ,NASDAQ
ACFN,ACFN,"Acorn Energy, Inc.",NASDAQ,NASDAQ,NASDAQ
ACGC,ACGC,ACP Holdings Acquisition Corp.,NASDAQ,NASDAQ,NASDAQ
ACGL,ACGL,Arch Capital Group Ltd.,NASDAQ,NASDAQ,NASDAQ
ACHC,ACHC,"Acadia Healthcare Company, Inc.",NASDAQ,NASDAQ,NASDAQ
ACHV,ACHV,"Achieve Life Sciences, Inc.",NASDAQ,NASDAQ,NASDAQ
ACIC,ACIC,American Coastal Insurance Corporation,NASDAQ,NASDAQ,NASDAQ
ACIU,ACIU,AC Immune SA,NASDAQ,NASDAQ,NASDAQ
ACIW,ACIW,"ACI Worldwide, Inc.",NASDAQ,NASDAQ,NASDAQ
ACLS,ACLS,"Axcelis Technologies, Inc.",NASDAQ,NASDAQ,NASDAQ
ACMR,ACMR,"ACM Research, Inc.",NASDAQ,NASDAQ,NASDAQ
ACNB,ACNB,ACNB Corporation,NASDAQ,NASDAQ,NASDAQ
ACNT,ACNT,Ascent Industries Co.,NASDAQ,NASDAQ,NASDAQ
ACOG,ACOG,Alpha Cognition Inc.,NASDAQ,NASDAQ,NASDAQ
ACON,ACON,"Aclarion, Inc.",NASDAQ,NASDAQ,NASDAQ
ACRS,ACRS,"Aclaris Therapeutics, Inc.",NASDAQ,NASDAQ,NASDAQ
ACRV,ACRV,"Acrivon Therapeutics, Inc.",NASDAQ,NASDAQ,NASDAQ
ACT,ACT,"Enact Holdings, Inc.",NASDAQ,NASDAQ,NASDAQ
ACTG,ACTG,Acacia Research Corporation,NASDAQ,NASDAQ,NASDAQ
ACTU,ACTU,"Actuate Therapeutics, Inc.",NASDAQ,NASDAQ,NASDAQ
ACXP,ACXP,"Acurx Pharmaceuticals, Inc.",NASDAQ,NASDAQ,NASDAQ
ADAC,ADAC,American Drive Acquisition Company,NASDAQ,NASDAQ,NASDAQ
ADAG,ADAG,Adagene Inc.,NASDAQ,NASDAQ,NASDAQ
ADAM,ADAM,"Adamas Trust, Inc.",NASDAQ,NASDAQ,NASDAQ
ADAMG,ADAMG,"Adamas Trust, Inc.",NASDAQ,NASDAQ,NASDAQ
ADAMH,ADAMH,"Adamas Trust, Inc.",NASDAQ,NASDAQ,NASDAQ
ADAMI,ADAMI,"Adamas Trust, Inc.",NASDAQ,NASDAQ,NASDAQ
ADAML,ADAML,"Adamas Trust, Inc.",NASDAQ,NASDAQ,NASDAQ
ADAMM,ADAMM,"Adamas Trust, Inc.",NASDAQ,NASDAQ,NASDAQ
ADAMN,ADAMN,"Adamas Trust, Inc.",NASDAQ,NASDAQ,NASDAQ
ADAMO,ADAMO,"Adamas Trust, Inc.",NASDAQ,NASDAQ,NASDAQ
ADAMZ,ADAMZ,"Adamas Trust, Inc.",NASDAQ,NASDAQ,NASDAQ
ADBE,ADBE,Adobe Inc.,NASDAQ,NASDAQ,NASDAQ
ADEA,ADEA,Adeia Inc.,NASDAQ,NASDAQ,NASDAQ
ADGM,ADGM,"Adagio Medical Holdings, Inc",NASDAQ,NASDAQ,NASDAQ
ADI,ADI,"Analog Devices, Inc.",NASDAQ,NASDAQ,NASDAQ
ADIL,ADIL,"Adial Pharmaceuticals, Inc",NASDAQ,NASDAQ,NASDAQ
ADMA,ADMA,ADMA Biologics Inc,NASDAQ,NASDAQ,NASDAQ
ADP,ADP,"Automatic Data Processing, Inc.",NASDAQ,NASDAQ,NASDAQ
ADPT,ADPT,Adaptive Biotechnologies Corporation,NASDAQ,NASDAQ,NASDAQ
ADSE,ADSE,ADS-TEC ENERGY PLC,NASDAQ,NASDAQ,NASDAQ
ADSK,ADSK,"Autodesk, Inc.",NASDAQ,NASDAQ,NASDAQ
ADTN,ADTN,"ADTRAN Holdings, Inc.",NASDAQ,NASDAQ,NASDAQ
ADUR,ADUR,Aduro Clean Technologies Inc.,NASDAQ,NASDAQ,NASDAQ
ADUS,ADUS,Addus HomeCare Corporation,NASDAQ,NASDAQ,NASDAQ
ADV,ADV,Advantage Solutions Inc.,NASDAQ,NASDAQ,NASDAQ
ADVB,ADVB,Advanced Biomed Inc.,NASDAQ,NASDAQ,NASDAQ
ADXN,ADXN,Addex Therapeutics Ltd,NASDAQ,NASDAQ,NASDAQ
AEAQ,AEAQ,Activate Energy Acquisition Corp.,NASDAQ,NASDAQ,NASDAQ
AEBI,AEBI,Aebi Schmidt Holding AG,NASDAQ,NASDAQ,NASDAQ
AEC,AEC,Anfield Energy Inc.,NASDAQ,NASDAQ,NASDAQ
AEHL,AEHL,Antelope Enterprise Holdings Limited,NASDAQ,NASDAQ,NASDAQ
AEHR,AEHR,Aehr Test Systems,NASDAQ,NASDAQ,NASDAQ
AEI,AEI,Alset Inc.,NASDAQ,NASDAQ,NASDAQ
AEIS,AEIS,"Advanced Energy Industries, Inc.",NASDAQ,NASDAQ,NASDAQ
AEMD,AEMD,"Aethlon Medical, Inc.",NASDAQ,NASDAQ,NASDAQ
AENT,AENT,Alliance Entertainment Holding Corporation,NASDAQ,NASDAQ,NASDAQ
AEP,AEP,"American Electric Power Company, Inc.",NASDAQ,NASDAQ,NASDAQ
AERT,AERT,"Aeries Technology, Inc.",NASDAQ,NASDAQ,NASDAQ
AESP,AESP,Aeon Acquisition I Corp.,NASDAQ,NASDAQ,NASDAQ
AEVA,AEVA,"Aeva Technologies, Inc.",NASDAQ,NASDAQ,NASDAQ
AEYE,AEYE,"AudioEye, Inc.",NASDAQ,NASDAQ,NASDAQ
AFCG,AFCG,Advanced Flower Capital Inc.,NASDAQ,NASDAQ,NASDAQ
AFJK,AFJK,"Aimei Health Technology Co., Ltd",NASDAQ,NASDAQ,NASDAQ
AFRI,AFRI,Forafric Global PLC,NASDAQ,NASDAQ,NASDAQ
AFRM,AFRM,"Affirm Holdings, Inc.",NASDAQ,NASDAQ,NASDAQ
AFYA,AFYA,Afya Limited,NASDAQ,NASDAQ,NASDAQ
AGCC,AGCC,Agencia Comercial Spirits Ltd,NASDAQ,NASDAQ,NASDAQ
AGEN,AGEN,Agenus Inc.,NASDAQ,NASDAQ,NASDAQ
AGIO,AGIO,"Agios Pharmaceuticals, Inc.",NASDAQ,NASDAQ,NASDAQ
AGMB,AGMB,AgomAb Therapeutics NV,NASDAQ,NASDAQ,NASDAQ
AGMH,AGMH,AGM Group Holdings Inc.,NASDAQ,NASDAQ,NASDAQ
AGNC,AGNC,AGNC Investment Corp.,NASDAQ,NASDAQ,NASDAQ
AGNCL,AGNCL,AGNC Investment Corp.,NASDAQ,NASDAQ,NASDAQ
AGNCM,AGNCM,AGNC Investment Corp.,NASDAQ,NASDAQ,NASDAQ
AGNCN,AGNCN,AGNC Investment Corp.,NASDAQ,NASDAQ,NASDAQ
AGNCO,AGNCO,AGNC Investment Corp.,NASDAQ,NASDAQ,NASDAQ
AGNCP,AGNCP,AGNC Investment Corp.,NASDAQ,NASDAQ,NASDAQ
AGNCZ,AGNCZ,AGNC Investment Corp.,NASDAQ,NASDAQ,NASDAQ
AGNT,AGNT,"AGNT, Inc.",NASDAQ,NASDAQ,NASDAQ
AGPU,AGPU,Axe Compute Inc.,NASDAQ,NASDAQ,NASDAQ
AGRZ,AGRZ,Agroz Inc.,NASDAQ,NASDAQ,NASDAQ
AGYS,AGYS,"Agilysys, Inc.",NASDAQ,NASDAQ,NASDAQ
AHCO,AHCO,AdaptHealth Corp.,NASDAQ,NASDAQ,NASDAQ
AHG,AHG,Akso Health Group,NASDAQ,NASDAQ,NASDAQ
AHMA,AHMA,Ambitions Enterprise Management Co. L.L.C,NASDAQ,NASDAQ,NASDAQ
AIAI,AIAI,AIAI Holdings Corporation,NASDAQ,NASDAQ,NASDAQ
AIBZ,AIBZ,Bitzero Holdings Inc.,NASDAQ,NASDAQ,NASDAQ
AIDX,AIDX,"20/20 Biolabs, Inc.",NASDAQ,NASDAQ,NASDAQ
AIFA,AIFA,"All In FutureTech Alliance, Inc.",NASDAQ,NASDAQ,NASDAQ
AIFC,AIFC,AI Financial Corporation,NASDAQ,NASDAQ,NASDAQ
AIFF,AIFF,"Firefly Neuroscience, Inc.",NASDAQ,NASDAQ,NASDAQ
AIFU,AIFU,AIFU Inc.,NASDAQ,NASDAQ,NASDAQ
AIHS,AIHS,Senmiao Technology Limited,NASDAQ,NASDAQ,NASDAQ
AIIO,AIIO,Robo.ai Inc.,NASDAQ,NASDAQ,NASDAQ
AIIR,AIIR,Air Global PLC,NASDAQ,NASDAQ,NASDAQ
AIMD,AIMD,"Ainos, Inc.",NASDAQ,NASDAQ,NASDAQ
AIOS,AIOS,AIOS Tech Inc.,NASDAQ,NASDAQ,NASDAQ
AIOT,AIOT,"PowerFleet, Inc.",NASDAQ,NASDAQ,NASDAQ
AIP,AIP,"Arteris, Inc.",NASDAQ,NASDAQ,NASDAQ
AIRE,AIRE,reAlpha Tech Corp.,NASDAQ,NASDAQ,NASDAQ
AIRG,AIRG,"Airgain, Inc.",NASDAQ,NASDAQ,NASDAQ
AIRJ,AIRJ,AirJoule Technologies Corporation,NASDAQ,NASDAQ,NASDAQ
AIRO,AIRO,"AIRO Group Holdings, Inc.",NASDAQ,NASDAQ,NASDAQ
AIRS,AIRS,"AirSculpt Technologies, Inc.",NASDAQ,NASDAQ,NASDAQ
AIRT,AIRT,"Air T, Inc.",NASDAQ,NASDAQ,NASDAQ
AIRTP,AIRTP,"Air T, Inc.",NASDAQ,NASDAQ,NASDAQ
AISP,AISP,"Airship AI Holdings, Inc",NASDAQ,NASDAQ,NASDAQ
AIXC,AIXC,"AIxCrypto Holdings, Inc.",NASDAQ,NASDAQ,NASDAQ
AIXI,AIXI,XIAO-I Corporation,NASDAQ,NASDAQ,NASDAQ
AKAM,AKAM,"Akamai Technologies, Inc.",NASDAQ,NASDAQ,NASDAQ
AKAN,AKAN,Akanda Corp.,NASDAQ,NASDAQ,NASDAQ
AKBA,AKBA,"Akebia Therapeutics, Inc.",NASDAQ,NASDAQ,NASDAQ
AKTS,AKTS,"Aktis Oncology, Inc.",NASDAQ,NASDAQ,NASDAQ
AKTX,AKTX,Akari Therapeutics Plc,NASDAQ,NASDAQ,NASDAQ
ALAB,ALAB,"Astera Labs, Inc.",NASDAQ,NASDAQ,NASDAQ
ALAR,ALAR,Alarum Technologies Ltd.,NASDAQ,NASDAQ,NASDAQ
ALCO,ALCO,"Alico, Inc.",NASDAQ,NASDAQ,NASDAQ
ALDF,ALDF,Aldel Financial II Inc.,NASDAQ,NASDAQ,NASDAQ
ALDX,ALDX,"Aldeyra Therapeutics, Inc.",NASDAQ,NASDAQ,NASDAQ
ALEC,ALEC,"Alector, Inc.",NASDAQ,NASDAQ,NASDAQ
ALF,ALF,Centurion Acquisition Corp.,NASDAQ,NASDAQ,NASDAQ
ALGM,ALGM,"Allegro MicroSystems, Inc.",NASDAQ,NASDAQ,NASDAQ
ALGN,ALGN,"Align Technology, Inc.",NASDAQ,NASDAQ,NASDAQ
ALGS,ALGS,"Aligos Therapeutics, Inc.",NASDAQ,NASDAQ,NASDAQ
ALGT,ALGT,Allegiant Travel Company,NASDAQ,NASDAQ,NASDAQ
ALHC,ALHC,"Alignment Healthcare, Inc.",NASDAQ,NASDAQ,NASDAQ
ALIS,ALIS,Calisa Acquisition Corp,NASDAQ,NASDAQ,NASDAQ
ALKS,ALKS,Alkermes plc,NASDAQ,NASDAQ,NASDAQ
ALKT,ALKT,"Alkami Technology, Inc.",NASDAQ,NASDAQ,NASDAQ
ALLO,ALLO,"Allogene Therapeutics, Inc.",NASDAQ,NASDAQ,NASDAQ
ALLR,ALLR,"Allarity Therapeutics, Inc.",NASDAQ,NASDAQ,NASDAQ
ALLT,ALLT,Allot Ltd.,NASDAQ,NASDAQ,NASDAQ
ALM,ALM,Almonty Industries Inc.,NASDAQ,NASDAQ,NASDAQ
ALMR,ALMR,"Alamar Biosciences, Inc.",NASDAQ,NASDAQ,NASDAQ
ALMS,ALMS,Alumis Inc.,NASDAQ,NASDAQ,NASDAQ
ALMU,ALMU,"Aeluma, Inc.",NASDAQ,NASDAQ,NASDAQ
ALNT,ALNT,Allient Inc.,NASDAQ,NASDAQ,NASDAQ
ALNY,ALNY,"Alnylam Pharmaceuticals, Inc.",NASDAQ,NASDAQ,NASDAQ
ALOT,ALOT,"AstroNova, Inc.",NASDAQ,NASDAQ,NASDAQ
ALOV,ALOV,"Aldabra 4 Liquidity Opportunity Vehicle, Inc.",NASDAQ,NASDAQ,NASDAQ
ALOY,ALOY,REalloys Inc.,NASDAQ,NASDAQ,NASDAQ
ALP,ALP,Alpha Compute Corp,NASDAQ,NASDAQ,NASDAQ
ALPS,ALPS,ALPS Group Inc,NASDAQ,NASDAQ,NASDAQ
ALPX,ALPX,Alpex Acquisition Corporation,NASDAQ,NASDAQ,NASDAQ
ALRM,ALRM,"Alarm.com Holdings, Inc.",NASDAQ,NASDAQ,NASDAQ
ALRS,ALRS,Alerus Financial Corporation,NASDAQ,NASDAQ,NASDAQ
ALT,ALT,"Altimmune, Inc.",NASDAQ,NASDAQ,NASDAQ
ALTI,ALTI,"AlTi Global, Inc.",NASDAQ,NASDAQ,NASDAQ
ALTO,ALTO,"Alto Ingredients, Inc.",NASDAQ,NASDAQ,NASDAQ
ALVO,ALVO,Alvotech,NASDAQ,NASDAQ,NASDAQ
ALXO,ALXO,ALX Oncology Holdings Inc.,NASDAQ,NASDAQ,NASDAQ
ALZN,ALZN,"Alzamend Neuro, Inc.",NASDAQ,NASDAQ,NASDAQ
AMAL,AMAL,Amalgamated Financial Corp.,NASDAQ,NASDAQ,NASDAQ
AMAN,AMAN,Amanat Acquisition Corp,NASDAQ,NASDAQ,NASDAQ
AMAT,AMAT,"Applied Materials, Inc.",NASDAQ,NASDAQ,NASDAQ
AMBA,AMBA,"Ambarella, Inc.",NASDAQ,NASDAQ,NASDAQ
AMBR,AMBR,Amber International Holding Limited,NASDAQ,NASDAQ,NASDAQ
AMCI,AMCI,AMC Robotics Corporation,NASDAQ,NASDAQ,NASDAQ
AMCX,AMCX,AMC Global Media Inc.,NASDAQ,NASDAQ,NASDAQ
AMD,AMD,"Advanced Micro Devices, Inc.",NASDAQ,NASDAQ,NASDAQ
AMGN,AMGN,Amgen Inc.,NASDAQ,NASDAQ,NASDAQ
AMIX,AMIX,"Autonomix Medical, Inc.",NASDAQ,NASDAQ,NASDAQ
AMKR,AMKR,"Amkor Technology, Inc.",NASDAQ,NASDAQ,NASDAQ
AMLX,AMLX,"Amylyx Pharmaceuticals, Inc.",NASDAQ,NASDAQ,NASDAQ
AMOD,AMOD,"Alpha Modus Holdings, Inc.",NASDAQ,NASDAQ,NASDAQ
AMPG,AMPG,"Amplitech Group, Inc.",NASDAQ,NASDAQ,NASDAQ
AMPH,AMPH,"Amphastar Pharmaceuticals, Inc.",NASDAQ,NASDAQ,NASDAQ
AMPL,AMPL,"Amplitude, Inc.",NASDAQ,NASDAQ,NASDAQ
AMRN,AMRN,Amarin Corporation plc,NASDAQ,NASDAQ,NASDAQ
AMRX,AMRX,"Amneal Pharmaceuticals, Inc.",NASDAQ,NASDAQ,NASDAQ
AMSC,AMSC,American Superconductor Corporation,NASDAQ,NASDAQ,NASDAQ
AMSF,AMSF,"AMERISAFE, Inc.",NASDAQ,NASDAQ,NASDAQ
AMSS,AMSS,AMASS Brands Inc.,NASDAQ,NASDAQ,NASDAQ
AMST,AMST,Amesite Inc.,NASDAQ,NASDAQ,NASDAQ
AMTX,AMTX,"Aemetis, Inc",NASDAQ,NASDAQ,NASDAQ
AMZN,AMZN,"Amazon.com, Inc.",NASDAQ,NASDAQ,NASDAQ
ANAB,ANAB,"AnaptysBio, Inc.",NASDAQ,NASDAQ,NASDAQ
ANDE,ANDE,"The Andersons, Inc.",NASDAQ,NASDAQ,NASDAQ
ANGH,ANGH,Anghami Inc.,NASDAQ,NASDAQ,NASDAQ
ANGI,ANGI,Angi Inc.,NASDAQ,NASDAQ,NASDAQ
ANGO,ANGO,"AngioDynamics, Inc.",NASDAQ,NASDAQ,NASDAQ
ANIK,ANIK,Anika Therapeutics Inc.,NASDAQ,NASDAQ,NASDAQ
ANIP,ANIP,"ANI Pharmaceuticals, Inc.",NASDAQ,NASDAQ,NASDAQ
ANIX,ANIX,"Anixa Biosciences, Inc.",NASDAQ,NASDAQ,NASDAQ
ANL,ANL,Adlai Nortye Ltd.,NASDAQ,NASDAQ,NASDAQ
ANNA,ANNA,"AleAnna, Inc.",NASDAQ,NASDAQ,NASDAQ
ANNX,ANNX,"Annexon, Inc.",NASDAQ,NASDAQ,NASDAQ
ANPA,ANPA,Rich Sparkle Holdings Limited,NASDAQ,NASDAQ,NASDAQ
ANSC,ANSC,Agriculture & Natural Solutions Acquisition Corp,NASDAQ,NASDAQ,NASDAQ
ANTA,ANTA,Antalpha Platform Holding Company,NASDAQ,NASDAQ,NASDAQ
ANTX,ANTX,"AN2 Therapeutics, Inc.",NASDAQ,NASDAQ,NASDAQ
ANY,ANY,Sphere 3D Corp.,NASDAQ,NASDAQ,NASDAQ
AOSL,AOSL,Alpha and Omega Semiconductor Limited,NASDAQ,NASDAQ,NASDAQ
AOUT,AOUT,"American Outdoor Brands, Inc.",NASDAQ,NASDAQ,NASDAQ
APA,APA,APA Corporation,NASDAQ,NASDAQ,NASDAQ
APAC,APAC,StoneBridge Acquisition II Corporation,NASDAQ,NASDAQ,NASDAQ
APC,APC,ARKO Petroleum Corp.,NASDAQ,NASDAQ,NASDAQ
APEI,APEI,"American Public Education, Inc.",NASDAQ,NASDAQ,NASDAQ
APGE,APGE,"Apogee Therapeutics, Inc.",NASDAQ,NASDAQ,NASDAQ
API,API,"Agora, Inc.",NASDAQ,NASDAQ,NASDAQ
APLD,APLD,Applied Digital Corporation,NASDAQ,NASDAQ,NASDAQ
APLM,APLM,Apollomics Inc.,NASDAQ,NASDAQ,NASDAQ
APMC,APMC,AmperCap Acquisition Company,NASDAQ,NASDAQ,NASDAQ
APMD,APMD,"Apnimed, Inc.",NASDAQ,NASDAQ,NASDAQ
APOG,APOG,"Apogee Enterprises, Inc.",NASDAQ,NASDAQ,NASDAQ
APP,APP,Applovin Corporation,NASDAQ,NASDAQ,NASDAQ
APPF,APPF,"AppFolio, Inc.",NASDAQ,NASDAQ,NASDAQ
APPN,APPN,Appian Corporation,NASDAQ,NASDAQ,NASDAQ
APPS,APPS,"Digital Turbine, Inc.",NASDAQ,NASDAQ,NASDAQ
APRE,APRE,"Aprea Therapeutics, Inc.",NASDAQ,NASDAQ,NASDAQ
APUR,APUR,Aperture AC,NASDAQ,NASDAQ,NASDAQ
APVO,APVO,Aptevo Therapeutics Inc.,NASDAQ,NASDAQ,NASDAQ
APWC,APWC,Asia Pacific Wire & Cable Corporation Limited,NASDAQ,NASDAQ,NASDAQ
APXT,APXT,Apex Treasury Corporation,NASDAQ,NASDAQ,NASDAQ
APYX,APYX,Apyx Medical Corporation,NASDAQ,NASDAQ,NASDAQ
AQB,AQB,"AquaBounty Technologies, Inc.",NASDAQ,NASDAQ,NASDAQ
AQMS,AQMS,"Aqua Metals, Inc.",NASDAQ,NASDAQ,NASDAQ
AQST,AQST,"Aquestive Therapeutics, Inc.",NASDAQ,NASDAQ,NASDAQ
ARAI,ARAI,Arrive AI Inc.,NASDAQ,NASDAQ,NASDAQ
ARAY,ARAY,Accuray Incorporated,NASDAQ,NASDAQ,NASDAQ
ARBB,ARBB,ARB IOT Group Limited,NASDAQ,NASDAQ,NASDAQ
ARBE,ARBE,Arbe Robotics Ltd.,NASDAQ,NASDAQ,NASDAQ
ARBK,ARBK,Argo Blockchain plc,NASDAQ,NASDAQ,NASDAQ
ARCB,ARCB,ArcBest Corporation,NASDAQ,NASDAQ,NASDAQ
ARCC,ARCC,Ares Capital Corporation,NASDAQ,NASDAQ,NASDAQ
ARCI,ARCI,Archimedes Tech SPAC Partners III Co.,NASDAQ,NASDAQ,NASDAQ
ARCL,ARCL,ARC Group Acquisition I Corp,NASDAQ,NASDAQ,NASDAQ
ARCT,ARCT,Arcturus Therapeutics Holdings Inc.,NASDAQ,NASDAQ,NASDAQ
ARDX,ARDX,"Ardelyx, Inc.",NASDAQ,NASDAQ,NASDAQ
AREC,AREC,American Resources Corporation,NASDAQ,NASDAQ,NASDAQ
ARGX,ARGX,argenx SE,NASDAQ,NASDAQ,NASDAQ
ARHS,ARHS,"Arhaus, Inc.",NASDAQ,NASDAQ,NASDAQ
ARKO,ARKO,ARKO Corp.,NASDAQ,NASDAQ,NASDAQ
ARKR,ARKR,Ark Restaurants Corp.,NASDAQ,NASDAQ,NASDAQ
ARM,ARM,Arm Holdings plc,NASDAQ,NASDAQ,NASDAQ
AROW,AROW,Arrow Financial Corporation,NASDAQ,NASDAQ,NASDAQ
ARQ,ARQ,"Arq, Inc.",NASDAQ,NASDAQ,NASDAQ
ARQQ,ARQQ,Arqit Quantum Inc.,NASDAQ,NASDAQ,NASDAQ
ARQT,ARQT,"Arcutis Biotherapeutics, Inc.",NASDAQ,NASDAQ,NASDAQ
ARRY,ARRY,"Array Technologies, Inc.",NASDAQ,NASDAQ,NASDAQ
ARTC,ARTC,Art Technology Acquisition Corp.,NASDAQ,NASDAQ,NASDAQ
ARTL,ARTL,"Artelo Biosciences, Inc.",NASDAQ,NASDAQ,NASDAQ
ARTNA,ARTNA,Artesian Resources Corporation,NASDAQ,NASDAQ,NASDAQ
ARTV,ARTV,"Artiva Biotherapeutics, Inc.",NASDAQ,NASDAQ,NASDAQ
ARTW,ARTW,"Art's-Way Manufacturing Co., Inc.",NASDAQ,NASDAQ,NASDAQ
ARVN,ARVN,"Arvinas, Inc.",NASDAQ,NASDAQ,NASDAQ
ARWR,ARWR,"Arrowhead Pharmaceuticals, Inc.",NASDAQ,NASDAQ,NASDAQ
ARXS,ARXS,"Arxis, Inc.",NASDAQ,NASDAQ,NASDAQ
ASBP,ASBP,"Aspire Biopharma Holdings, Inc.",NASDAQ,NASDAQ,NASDAQ
ASLE,ASLE,AerSale Corporation,NASDAQ,NASDAQ,NASDAQ
ASMB,ASMB,"Assembly Biosciences, Inc.",NASDAQ,NASDAQ,NASDAQ
ASML,ASML,ASML Holding N.V.,NASDAQ,NASDAQ,NASDAQ
ASND,ASND,Ascendis Pharma A/S,NASDAQ,NASDAQ,NASDAQ
ASO,ASO,"Academy Sports and Outdoors, Inc.",NASDAQ,NASDAQ,NASDAQ
ASPC,ASPC,A SPAC III Acquisition Corp.,NASDAQ,NASDAQ,NASDAQ
ASPI,ASPI,ASP Isotopes Inc.,NASDAQ,NASDAQ,NASDAQ
ASPS,ASPS,Altisource Portfolio Solutions S.A.,NASDAQ,NASDAQ,NASDAQ
ASRV,ASRV,AmeriServ Financial Inc.,NASDAQ,NASDAQ,NASDAQ
ASST,ASST,"Strive, Inc.",NASDAQ,NASDAQ,NASDAQ
ASTC,ASTC,Astrotech Corporation,NASDAQ,NASDAQ,NASDAQ
ASTE,ASTE,"Astec Industries, Inc.",NASDAQ,NASDAQ,NASDAQ
ASTH,ASTH,Astrana Health Inc.,NASDAQ,NASDAQ,NASDAQ
ASTI,ASTI,"Ascent Solar Technologies, Inc",NASDAQ,NASDAQ,NASDAQ
ASTL,ASTL,Algoma Steel Group Inc.,NASDAQ,NASDAQ,NASDAQ
ASTS,ASTS,"AST SpaceMobile, Inc.",NASDAQ,NASDAQ,NASDAQ
ASUR,ASUR,Asure Software Inc,NASDAQ,NASDAQ,NASDAQ
ASYS,ASYS,"Amtech Systems, Inc.",NASDAQ,NASDAQ,NASDAQ
ATAI,ATAI,AtaiBeckley Inc.,NASDAQ,NASDAQ,NASDAQ
ATAT,ATAT,Atour Lifestyle Holdings Limited,NASDAQ,NASDAQ,NASDAQ
ATCX,ATCX,Atlas Critical Minerals Corporation,NASDAQ,NASDAQ,NASDAQ
ATEC,ATEC,"Alphatec Holdings, Inc.",NASDAQ,NASDAQ,NASDAQ
ATER,ATER,"Aterian, Inc.",NASDAQ,NASDAQ,NASDAQ
ATEX,ATEX,Anterix Inc.,NASDAQ,NASDAQ,NASDAQ
ATGL,ATGL,Alpha Technology Group Limited,NASDAQ,NASDAQ,NASDAQ
ATHE,ATHE,Alterity Therapeutics Limited,NASDAQ,NASDAQ,NASDAQ
ATHR,ATHR,"Aether Holdings, Inc.",NASDAQ,NASDAQ,NASDAQ
ATII,ATII,Archimedes Tech SPAC Partners II Co.,NASDAQ,NASDAQ,NASDAQ
ATLC,ATLC,Atlanticus Holdings Corporation,NASDAQ,NASDAQ,NASDAQ
ATLCL,ATLCL,Atlanticus Holdings Corporation,NASDAQ,NASDAQ,NASDAQ
ATLCP,ATLCP,Atlanticus Holdings Corporation,NASDAQ,NASDAQ,NASDAQ
ATLCZ,ATLCZ,Atlanticus Holdings Corporation,NASDAQ,NASDAQ,NASDAQ
ATLO,ATLO,Ames National Corporation,NASDAQ,NASDAQ,NASDAQ
ATLX,ATLX,Atlas Lithium Corporation,NASDAQ,NASDAQ,NASDAQ
ATNI,ATNI,"ATN International, Inc.",NASDAQ,NASDAQ,NASDAQ
ATOM,ATOM,Atomera Incorporated,NASDAQ,NASDAQ,NASDAQ
ATOS,ATOS,"Atossa Therapeutics, Inc.",NASDAQ,NASDAQ,NASDAQ
ATPC,ATPC,Agape ATP Corporation,NASDAQ,NASDAQ,NASDAQ
ATRA,ATRA,"Atara Biotherapeutics, Inc.",NASDAQ,NASDAQ,NASDAQ
ATRC,ATRC,"AtriCure, Inc.",NASDAQ,NASDAQ,NASDAQ
ATRO,ATRO,Astronics Corporation,NASDAQ,NASDAQ,NASDAQ
ATTO,ATTO,"Attovia Therapeutics, Inc.",NASDAQ,NASDAQ,NASDAQ
ATXG,ATXG,Addentax Group Corp.,NASDAQ,NASDAQ,NASDAQ
ATYR,ATYR,"aTyr Pharma, Inc.",NASDAQ,NASDAQ,NASDAQ
AUBN,AUBN,"Auburn National Bancorporation, Inc.",NASDAQ,NASDAQ,NASDAQ
AUC,AUC,ATIF Holdings Limited,NASDAQ,NASDAQ,NASDAQ
AUDC,AUDC,AudioCodes Ltd.,NASDAQ,NASDAQ,NASDAQ
AUGO,AUGO,Aura Minerals Inc.,NASDAQ,NASDAQ,NASDAQ
AUID,AUID,authID Inc.,NASDAQ,NASDAQ,NASDAQ
AUPH,AUPH,Aurinia Pharmaceuticals Inc,NASDAQ,NASDAQ,NASDAQ
AUR,AUR,"Aurora Innovation, Inc.",NASDAQ,NASDAQ,NASDAQ
AURA,AURA,"Aura Biosciences, Inc.",NASDAQ,NASDAQ,NASDAQ
AURE,AURE,Aurelion Inc.,NASDAQ,NASDAQ,NASDAQ
AUTL,AUTL,Autolus Therapeutics plc,NASDAQ,NASDAQ,NASDAQ
AUUD,AUUD,Auddia Inc.,NASDAQ,NASDAQ,NASDAQ
AVAH,AVAH,Aveanna Healthcare Holdings Inc.,NASDAQ,NASDAQ,NASDAQ
AVAT,AVAT,Avalanche Treasury Corporation,NASDAQ,NASDAQ,NASDAQ
AVAV,AVAV,"AeroVironment, Inc.",NASDAQ,NASDAQ,NASDAQ
AVBH,AVBH,"Avidbank Holdings, Inc.",NASDAQ,NASDAQ,NASDAQ
AVBP,AVBP,"ArriVent BioPharma, Inc.",NASDAQ,NASDAQ,NASDAQ
AVGO,AVGO,Broadcom Inc.,NASDAQ,NASDAQ,NASDAQ
AVIR,AVIR,"Atea Pharmaceuticals, Inc.",NASDAQ,NASDAQ,NASDAQ
AVLN,AVLN,Avalyn Pharma Inc.,NASDAQ,NASDAQ,NASDAQ
AVNW,AVNW,"Aviat Networks, Inc.",NASDAQ,NASDAQ,NASDAQ
AVO,AVO,"Mission Produce, Inc.",NASDAQ,NASDAQ,NASDAQ
AVPT,AVPT,"AvePoint, Inc.",NASDAQ,NASDAQ,NASDAQ
AVR,AVR,Anteris Technologies Global Corp.,NASDAQ,NASDAQ,NASDAQ
AVT,AVT,"Avnet, Inc.",NASDAQ,NASDAQ,NASDAQ
AVTX,AVTX,"Avalo Therapeutics, Inc.",NASDAQ,NASDAQ,NASDAQ
AVX,AVX,Avax One Technology Ltd.,NASDAQ,NASDAQ,NASDAQ
AVXL,AVXL,Anavex Life Sciences Corp.,NASDAQ,NASDAQ,NASDAQ
AWRE,AWRE,"Aware, Inc.",NASDAQ,NASDAQ,NASDAQ
AXG,AXG,Solowin Holdings,NASDAQ,NASDAQ,NASDAQ
AXGN,AXGN,"Axogen, Inc.",NASDAQ,NASDAQ,NASDAQ
AXIN,AXIN,Axiom Intelligence Acquisition Corp 1,NASDAQ,NASDAQ,NASDAQ
AXON,AXON,"Axon Enterprise, Inc.",NASDAQ,NASDAQ,NASDAQ
AXSM,AXSM,"Axsome Therapeutics, Inc.",NASDAQ,NASDAQ,NASDAQ
AXTI,AXTI,AXT Inc,NASDAQ,NASDAQ,NASDAQ
AYA,AYA,Aya Gold & Silver Inc.,NASDAQ,NASDAQ,NASDAQ
AYTU,AYTU,"Aytu BioPharma, Inc.",NASDAQ,NASDAQ,NASDAQ
AZ,AZ,A2Z Cust2Mate Solutions Corp.,NASDAQ,NASDAQ,NASDAQ
AZI,AZI,Autozi Internet Technology (Global) Ltd.,NASDAQ,NASDAQ,NASDAQ
AZIO,AZIO,"Azio AI Holdings, Inc.",NASDAQ,NASDAQ,NASDAQ
AZTA,AZTA,"Azenta, Inc.",NASDAQ,NASDAQ,NASDAQ
BACC,BACC,Blue Acquisition Corp.,NASDAQ,NASDAQ,NASDAQ
BAER,BAER,"Bridger Aerospace Group Holdings, Inc.",NASDAQ,NASDAQ,NASDAQ
BAFN,BAFN,BayFirst Financial Corp.,NASDAQ,NASDAQ,NASDAQ
BAND,BAND,Bandwidth Inc.,NASDAQ,NASDAQ,NASDAQ
BANF,BANF,BancFirst Corporation,NASDAQ,NASDAQ,NASDAQ
BANFP,BANFP,BancFirst Corporation,NASDAQ,NASDAQ,NASDAQ
BANL,BANL,CBL International Limited,NASDAQ,NASDAQ,NASDAQ
BANR,BANR,Banner Corporation,NASDAQ,NASDAQ,NASDAQ
BANX,BANX,ArrowMark Financial Corp.,NASDAQ,NASDAQ,NASDAQ
BAOS,BAOS,Baosheng Media Group Holdings Limited,NASDAQ,NASDAQ,NASDAQ
BATRA,BATRA,"Atlanta Braves Holdings, Inc.",NASDAQ,NASDAQ,NASDAQ
BATRK,BATRK,"Atlanta Braves Holdings, Inc.",NASDAQ,NASDAQ,NASDAQ
BBCP,BBCP,"Concrete Pumping Holdings, Inc.",NASDAQ,NASDAQ,NASDAQ
BBCQ,BBCQ,Bleichroeder Acquisition Corp. II,NASDAQ,NASDAQ,NASDAQ
BBGI,BBGI,"Beasley Broadcast Group, Inc.",NASDAQ,NASDAQ,NASDAQ
BBIO,BBIO,"BridgeBio Pharma, Inc.",NASDAQ,NASDAQ,NASDAQ
BBLG,BBLG,Bone Biologics Corp,NASDAQ,NASDAQ,NASDAQ
BBNX,BBNX,"Beta Bionics, Inc.",NASDAQ,NASDAQ,NASDAQ
BBOT,BBOT,"BridgeBio Oncology Therapeutics, Inc.",NASDAQ,NASDAQ,NASDAQ
BBSI,BBSI,"Barrett Business Services, Inc.",NASDAQ,NASDAQ,NASDAQ
BCAB,BCAB,"BioAtla, Inc.",NASDAQ,NASDAQ,NASDAQ
BCAL,BCAL,California BanCorp,NASDAQ,NASDAQ,NASDAQ
BCAR,BCAR,D. Boral ARC Acquisition I Corp.,NASDAQ,NASDAQ,NASDAQ
BCAX,BCAX,Bicara Therapeutics Inc.,NASDAQ,NASDAQ,NASDAQ
BCBP,BCBP,"BCB Bancorp, Inc. (NJ)",NASDAQ,NASDAQ,NASDAQ
BCCQ,BCCQ,Bleichroeder Acquisition Corp. III,NASDAQ,NASDAQ,NASDAQ
BCDA,BCDA,"BioCardia, Inc.",NASDAQ,NASDAQ,NASDAQ
BCG,BCG,"Binah Capital Group, Inc.",NASDAQ,NASDAQ,NASDAQ
BCIC,BCIC,BCP Investment Corporation,NASDAQ,NASDAQ,NASDAQ
BCML,BCML,BayCom Corp,NASDAQ,NASDAQ,NASDAQ
BCPC,BCPC,Balchem Corporation,NASDAQ,NASDAQ,NASDAQ
BCRX,BCRX,"BioCryst Pharmaceuticals, Inc.",NASDAQ,NASDAQ,NASDAQ
BCTX,BCTX,BriaCell Therapeutics Corp.,NASDAQ,NASDAQ,NASDAQ
BCYC,BCYC,Bicycle Therapeutics plc,NASDAQ,NASDAQ,NASDAQ
BDCI,BDCI,BTC Development Corp.,NASDAQ,NASDAQ,NASDAQ
BDMD,BDMD,Baird Medical Investment Holdings Ltd,NASDAQ,NASDAQ,NASDAQ
BDRX,BDRX,Biodexa Pharmaceuticals plc,NASDAQ,NASDAQ,NASDAQ
BDSX,BDSX,"Biodesix, Inc.",NASDAQ,NASDAQ,NASDAQ
BDTX,BDTX,"Black Diamond Therapeutics, Inc.",NASDAQ,NASDAQ,NASDAQ
BEAG,BEAG,Bold Eagle Acquisition Corp.,NASDAQ,NASDAQ,NASDAQ
BEAM,BEAM,Beam Therapeutics Inc.,NASDAQ,NASDAQ,NASDAQ
BEAT,BEAT,"Heartbeam, Inc.",NASDAQ,NASDAQ,NASDAQ
BEEM,BEEM,Beam Global,NASDAQ,NASDAQ,NASDAQ
BEEP,BEEP,Mobile Infrastructure Corporation,NASDAQ,NASDAQ,NASDAQ
BELFA,BELFA,Bel Fuse Inc.,NASDAQ,NASDAQ,NASDAQ
BELFB,BELFB,Bel Fuse Inc.,NASDAQ,NASDAQ,NASDAQ
BENF,BENF,Beneficient,NASDAQ,NASDAQ,NASDAQ
BETR,BETR,Better Home & Finance Holding Company,NASDAQ,NASDAQ,NASDAQ
BFC,BFC,Bank First Corporation,NASDAQ,NASDAQ,NASDAQ
BFRG,BFRG,"Bullfrog AI Holdings, Inc.",NASDAQ,NASDAQ,NASDAQ
BFRI,BFRI,Biofrontera Inc.,NASDAQ,NASDAQ,NASDAQ
BFST,BFST,"Business First Bancshares, Inc.",NASDAQ,NASDAQ,NASDAQ
BGC,BGC,"BGC Group, Inc.",NASDAQ,NASDAQ,NASDAQ
BGDE,BGDE,"Big Digital Energy, Inc.",NASDAQ,NASDAQ,NASDAQ
BGIN,BGIN,Bgin Blockchain Limited,NASDAQ,NASDAQ,NASDAQ
BGL,BGL,Blue Gold Limited,NASDAQ,NASDAQ,NASDAQ
BGLC,BGLC,BioNexus Gene Lab Corp,NASDAQ,NASDAQ,NASDAQ
BGM,BGM,BGM Group Ltd.,NASDAQ,NASDAQ,NASDAQ
BGMS,BGMS,"Bio Green Med Solution, Inc.",NASDAQ,NASDAQ,NASDAQ
BHAV,BHAV,BHAV Acquisition Corp,NASDAQ,NASDAQ,NASDAQ
BHRB,BHRB,Burke & Herbert Financial Services Corp.,NASDAQ,NASDAQ,NASDAQ
BHST,BHST,BioHarvest Sciences Inc.,NASDAQ,NASDAQ,NASDAQ
BIAF,BIAF,"bioAffinity Technologies, Inc.",NASDAQ,NASDAQ,NASDAQ
BID,BID,Tribeca Strategic Acquisition Corp.,NASDAQ,NASDAQ,NASDAQ
BIDU,BIDU,"Baidu, Inc.",NASDAQ,NASDAQ,NASDAQ
BIIB,BIIB,Biogen Inc.,NASDAQ,NASDAQ,NASDAQ
BILI,BILI,Bilibili Inc.,NASDAQ,NASDAQ,NASDAQ
BIOA,BIOA,"BioAge Labs, Inc.",NASDAQ,NASDAQ,NASDAQ
BIOT,BIOT,Instinct Bio Technical Company Holdings Inc.,NASDAQ,NASDAQ,NASDAQ
BIOX,BIOX,Bioceres Crop Solutions Corp.,NASDAQ,NASDAQ,NASDAQ
BIRD,BIRD,"Smartbird, Inc.",NASDAQ,NASDAQ,NASDAQ
BIVI,BIVI,BioVie Inc.,NASDAQ,NASDAQ,NASDAQ
BIXI,BIXI,Bitcoin Infrastructure Acquisition Corp Ltd.,NASDAQ,NASDAQ,NASDAQ
BIYA,BIYA,Baiya International Group Inc.,NASDAQ,NASDAQ,NASDAQ
BJDX,BJDX,"Bluejay Diagnostics, Inc.",NASDAQ,NASDAQ,NASDAQ
BJRI,BJRI,"BJ's Restaurants, Inc.",NASDAQ,NASDAQ,NASDAQ
BKHA,BKHA,Black Hawk Acquisition Corporation,NASDAQ,NASDAQ,NASDAQ
BKNG,BKNG,Booking Holdings Inc.,NASDAQ,NASDAQ,NASDAQ
BKR,BKR,Baker Hughes Company,NASDAQ,NASDAQ,NASDAQ
BKYI,BKYI,"BIO-key International, Inc.",NASDAQ,NASDAQ,NASDAQ
BL,BL,"BlackLine, Inc.",NASDAQ,NASDAQ,NASDAQ
BLBD,BLBD,Blue Bird Corporation,NASDAQ,NASDAQ,NASDAQ
BLDP,BLDP,"Ballard Power Systems, Inc.",NASDAQ,NASDAQ,NASDAQ
BLFS,BLFS,"BioLife Solutions, Inc.",NASDAQ,NASDAQ,NASDAQ
BLIN,BLIN,"Bridgeline Digital, Inc.",NASDAQ,NASDAQ,NASDAQ
BLIV,BLIV,BeLive Holdings,NASDAQ,NASDAQ,NASDAQ
BLKB,BLKB,"Blackbaud, Inc.",NASDAQ,NASDAQ,NASDAQ
BLLN,BLLN,"BillionToOne, Inc.",NASDAQ,NASDAQ,NASDAQ
BLMN,BLMN,"Bloomin' Brands, Inc.",NASDAQ,NASDAQ,NASDAQ
BLNE,BLNE,"Beeline Holdings, Inc.",NASDAQ,NASDAQ,NASDAQ
BLNK,BLNK,Blink Charging Co.,NASDAQ,NASDAQ,NASDAQ
BLRK,BLRK,Bluerock Acquisition Corp.,NASDAQ,NASDAQ,NASDAQ
BLRX,BLRX,BioLineRx Ltd.,NASDAQ,NASDAQ,NASDAQ
BLSM,BLSM,"BlossomHill Therapeutics, Inc.",NASDAQ,NASDAQ,NASDAQ
BLTE,BLTE,"Belite Bio, Inc",NASDAQ,NASDAQ,NASDAQ
BLUW,BLUW,Blue Water Acquisition Corp. III,NASDAQ,NASDAQ,NASDAQ
BLZE,BLZE,"Backblaze, Inc.",NASDAQ,NASDAQ,NASDAQ
BLZR,BLZR,Trailblazer Acquisition Corp.,NASDAQ,NASDAQ,NASDAQ
BMBL,BMBL,Bumble Inc.,NASDAQ,NASDAQ,NASDAQ
BMEA,BMEA,"Biomea Fusion, Inc.",NASDAQ,NASDAQ,NASDAQ
BMGL,BMGL,Basel Medical Group Ltd,NASDAQ,NASDAQ,NASDAQ
BMHL,BMHL,Bluemount Holdings Limited,NASDAQ,NASDAQ,NASDAQ
BMM,BMM,Blue Moon Metals Inc.,NASDAQ,NASDAQ,NASDAQ
BMR,BMR,Beamr Imaging Ltd.,NASDAQ,NASDAQ,NASDAQ
BMRA,BMRA,"Biomerica, Inc.",NASDAQ,NASDAQ,NASDAQ
BMRC,BMRC,Bank of Marin Bancorp,NASDAQ,NASDAQ,NASDAQ
BMRN,BMRN,BioMarin Pharmaceutical Inc.,NASDAQ,NASDAQ,NASDAQ
BNAI,BNAI,Brand Engagement Network Inc.,NASDAQ,NASDAQ,NASDAQ
BNC,BNC,CEA Industries Inc.,NASDAQ,NASDAQ,NASDAQ
BNGO,BNGO,"Bionano Genomics, Inc.",NASDAQ,NASDAQ,NASDAQ
BNKK,BNKK,"Bonk, Inc.",NASDAQ,NASDAQ,NASDAQ
BNR,BNR,Burning Rock Biotech Limited,NASDAQ,NASDAQ,NASDAQ
BNRG,BNRG,Brenmiller Energy Ltd,NASDAQ,NASDAQ,NASDAQ
BNTC,BNTC,Benitec Biopharma Inc.,NASDAQ,NASDAQ,NASDAQ
BNTX,BNTX,BioNTech SE,NASDAQ,NASDAQ,NASDAQ
BODI,BODI,"The Beachbody Company, Inc.",NASDAQ,NASDAQ,NASDAQ
BOF,BOF,BranchOut Food Inc.,NASDAQ,NASDAQ,NASDAQ
BOKF,BOKF,BOK Financial Corporation,NASDAQ,NASDAQ,NASDAQ
BOLD,BOLD,"Boundless Bio, Inc.",NASDAQ,NASDAQ,NASDAQ
BOLT,BOLT,"Bolt Biotherapeutics, Inc.",NASDAQ,NASDAQ,NASDAQ
BON,BON,Bon Natural Life Limited,NASDAQ,NASDAQ,NASDAQ
BOOM,BOOM,DMC Global Inc.,NASDAQ,NASDAQ,NASDAQ
BOSC,BOSC,B.O.S. Better Online Solutions,NASDAQ,NASDAQ,NASDAQ
BOT,BOT,"RoboStrategy, Inc.",NASDAQ,NASDAQ,NASDAQ
BOTJ,BOTJ,"Bank of the James Financial Group, Inc.",NASDAQ,NASDAQ,NASDAQ
BOXL,BOXL,Boxlight Corporation,NASDAQ,NASDAQ,NASDAQ
BPAC,BPAC,Blueport Acquisition Ltd,NASDAQ,NASDAQ,NASDAQ
BPOP,BPOP,"Popular, Inc.",NASDAQ,NASDAQ,NASDAQ
BPOPM,BPOPM,"Popular, Inc.",NASDAQ,NASDAQ,NASDAQ
BPRN,BPRN,"Princeton Bancorp, Inc.",NASDAQ,NASDAQ,NASDAQ
BRAG,BRAG,Bragg Gaming Group Inc.,NASDAQ,NASDAQ,NASDAQ
BRAI,BRAI,Braiin Limited,NASDAQ,NASDAQ,NASDAQ
BRBI,BRBI,BRBI BR Partners S.A.,NASDAQ,NASDAQ,NASDAQ
BRCB,BRCB,"Black Rock Coffee Bar, Inc.",NASDAQ,NASDAQ,NASDAQ
BREZ,BREZ,Breeze Acquisition Corp. II,NASDAQ,NASDAQ,NASDAQ
BRFH,BRFH,Barfresh Food Group Inc.,NASDAQ,NASDAQ,NASDAQ
BRID,BRID,Bridgford Foods Corporation,NASDAQ,NASDAQ,NASDAQ
BRKH,BRKH,Burtech Acquisition Corp II,NASDAQ,NASDAQ,NASDAQ
BRKR,BRKR,Bruker Corporation,NASDAQ,NASDAQ,NASDAQ
BRKRP,BRKRP,Bruker Corporation,NASDAQ,NASDAQ,NASDAQ
BRLS,BRLS,Borealis Foods Inc.,NASDAQ,NASDAQ,NASDAQ
BRLT,BRLT,"Brilliant Earth Group, Inc.",NASDAQ,NASDAQ,NASDAQ
BRNS,BRNS,Barinthus Biotherapeutics plc,NASDAQ,NASDAQ,NASDAQ
BRR,BRR,"ProCap Financial, Inc.",NASDAQ,NASDAQ,NASDAQ
BRTX,BRTX,"BioRestorative Therapies, Inc.",NASDAQ,NASDAQ,NASDAQ
BRUN,BRUN,Boost Run Inc.,NASDAQ,NASDAQ,NASDAQ
BRVE,BRVE,"Braveheart Bio, Inc.",NASDAQ,NASDAQ,NASDAQ
BRZE,BRZE,"Braze, Inc.",NASDAQ,NASDAQ,NASDAQ
BSAA,BSAA,BEST SPAC I Acquisition Corp.,NASDAQ,NASDAQ,NASDAQ
BSBK,BSBK,Bogota Financial Corp.,NASDAQ,NASDAQ,NASDAQ
BSEM,BSEM,"BioStem Technologies, Inc.",NASDAQ,NASDAQ,NASDAQ
BSET,BSET,"Bassett Furniture Industries, Incorporated",NASDAQ,NASDAQ,NASDAQ
BSIN,BSIN,Big Sky Industrial Inc.,NASDAQ,NASDAQ,NASDAQ
BSP,BSP,Bending Spoons S.p.A.,NASDAQ,NASDAQ,NASDAQ
BSRR,BSRR,Sierra Bancorp,NASDAQ,NASDAQ,NASDAQ
BSVN,BSVN,Bank7 Corp.,NASDAQ,NASDAQ,NASDAQ
BSY,BSY,"Bentley Systems, Incorporated",NASDAQ,NASDAQ,NASDAQ
BTAI,BTAI,"BioXcel Therapeutics, Inc.",NASDAQ,NASDAQ,NASDAQ
BTBD,BTBD,"BT Brands, Inc.",NASDAQ,NASDAQ,NASDAQ
BTBT,BTBT,"Bit Digital, Inc.",NASDAQ,NASDAQ,NASDAQ
BTCS,BTCS,BTCS Inc.,NASDAQ,NASDAQ,NASDAQ
BTCT,BTCT,BTC Digital Ltd.,NASDAQ,NASDAQ,NASDAQ
BTDR,BTDR,Bitdeer Technologies Group,NASDAQ,NASDAQ,NASDAQ
BTMD,BTMD,Biote Corp.,NASDAQ,NASDAQ,NASDAQ
BTOC,BTOC,Armlogi Holding Corp.,NASDAQ,NASDAQ,NASDAQ
BTOG,BTOG,Bit Origin Limited,NASDAQ,NASDAQ,NASDAQ
BTQ,BTQ,BTQ Technologies Corp.,NASDAQ,NASDAQ,NASDAQ
BTTC,BTTC,Black Titan Corp,NASDAQ,NASDAQ,NASDAQ
BULL,BULL,Webull Corporation,NASDAQ,NASDAQ,NASDAQ
BUSE,BUSE,First Busey Corporation,NASDAQ,NASDAQ,NASDAQ
BUSEP,BUSEP,First Busey Corporation,NASDAQ,NASDAQ,NASDAQ
BUUU,BUUU,BUUU Group Limited,NASDAQ,NASDAQ,NASDAQ
BVC,BVC,BitVentures Limited,NASDAQ,NASDAQ,NASDAQ
BVFL,BVFL,"BV Financial, Inc.",NASDAQ,NASDAQ,NASDAQ
BVS,BVS,Bioventus Inc.,NASDAQ,NASDAQ,NASDAQ
BWAY,BWAY,BrainsWay Ltd.,NASDAQ,NASDAQ,NASDAQ
BWB,BWB,"Bridgewater Bancshares, Inc.",NASDAQ,NASDAQ,NASDAQ
BWBBP,BWBBP,"Bridgewater Bancshares, Inc.",NASDAQ,NASDAQ,NASDAQ
BWEN,BWEN,"Broadwind, Inc.",NASDAQ,NASDAQ,NASDAQ
BWFG,BWFG,"Bankwell Financial Group, Inc.",NASDAQ,NASDAQ,NASDAQ
BWIN,BWIN,"The Baldwin Insurance Group, Inc.",NASDAQ,NASDAQ,NASDAQ
BWMN,BWMN,Bowman Consulting Group Ltd.,NASDAQ,NASDAQ,NASDAQ
BXBL,BXBL,"BOXABL, Inc.",NASDAQ,NASDAQ,NASDAQ
BYAH,BYAH,"Park Ha Biological Technology Co., Ltd.",NASDAQ,NASDAQ,NASDAQ
BYFC,BYFC,Broadway Financial Corporation,NASDAQ,NASDAQ,NASDAQ
BYND,BYND,"Beyond Meat, Inc.",NASDAQ,NASDAQ,NASDAQ
BYRN,BYRN,"Byrna Technologies, Inc.",NASDAQ,NASDAQ,NASDAQ
BYSI,BYSI,"BeyondSpring, Inc.",NASDAQ,NASDAQ,NASDAQ
BZ,BZ,KANZHUN LIMITED,NASDAQ,NASDAQ,NASDAQ
BZAI,BZAI,"Blaize Holdings, Inc.",NASDAQ,NASDAQ,NASDAQ
BZFD,BZFD,"BuzzFeed, Inc.",NASDAQ,NASDAQ,NASDAQ
BZUN,BZUN,Baozun Inc.,NASDAQ,NASDAQ,NASDAQ
CAAS,CAAS,"China Automotive Systems, Inc.",NASDAQ,NASDAQ,NASDAQ
CABA,CABA,"Cabaletta Bio, Inc.",NASDAQ,NASDAQ,NASDAQ
CABR,CABR,"Caring Brands, Inc.",NASDAQ,NASDAQ,NASDAQ
CAC,CAC,Camden National Corporation,NASDAQ,NASDAQ,NASDAQ
CACC,CACC,Credit Acceptance Corporation,NASDAQ,NASDAQ,NASDAQ
CADL,CADL,"Candel Therapeutics, Inc.",NASDAQ,NASDAQ,NASDAQ
CAE,CAE,CAE Inc,NASDAQ,NASDAQ,NASDAQ
CAES,CAES,"Cantor Equity Partners VII, Inc.",NASDAQ,NASDAQ,NASDAQ
CAI,CAI,"Caris Life Sciences, Inc.",NASDAQ,NASDAQ,NASDAQ
CAII,CAII,Collective Acquisition Corp. II,NASDAQ,NASDAQ,NASDAQ
CAKE,CAKE,The Cheesecake Factory Incorporated,NASDAQ,NASDAQ,NASDAQ
CALC,CALC,"CalciMedica, Inc.",NASDAQ,NASDAQ,NASDAQ
CALM,CALM,"Cal-Maine Foods, Inc.",NASDAQ,NASDAQ,NASDAQ
CAMP,CAMP,CAMP4 Therapeutics Corporation,NASDAQ,NASDAQ,NASDAQ
CAMT,CAMT,Camtek Ltd.,NASDAQ,NASDAQ,NASDAQ
CAN,CAN,Canaan Inc.,NASDAQ,NASDAQ,NASDAQ
CAPN,CAPN,Cayson Acquisition Corp,NASDAQ,NASDAQ,NASDAQ
CAPR,CAPR,"Capricor Therapeutics, Inc.",NASDAQ,NASDAQ,NASDAQ
CAPS,CAPS,Capstone Holding Corp.,NASDAQ,NASDAQ,NASDAQ
CAQ,CAQ,Cambridge Acquisition Corp.,NASDAQ,NASDAQ,NASDAQ
CAR,CAR,"Avis Budget Group, Inc.",NASDAQ,NASDAQ,NASDAQ
CARE,CARE,"Carter Bankshares, Inc.",NASDAQ,NASDAQ,NASDAQ
CARG,CARG,"CarGurus, Inc.",NASDAQ,NASDAQ,NASDAQ
CARL,CARL,"Carlsmed, Inc.",NASDAQ,NASDAQ,NASDAQ
CART,CART,Maplebear Inc.,NASDAQ,NASDAQ,NASDAQ
CASH,CASH,"Pathward Financial, Inc.",NASDAQ,NASDAQ,NASDAQ
CASS,CASS,"Cass Information Systems, Inc",NASDAQ,NASDAQ,NASDAQ
CAST,CAST,"FreeCast, Inc.",NASDAQ,NASDAQ,NASDAQ
CASY,CASY,"Caseys General Stores, Inc.",NASDAQ,NASDAQ,NASDAQ
CATY,CATY,Cathay General Bancorp,NASDAQ,NASDAQ,NASDAQ
CBAT,CBAT,CBAK Energy Technology Limited,NASDAQ,NASDAQ,NASDAQ
CBC,CBC,"Central Bancompany, Inc.",NASDAQ,NASDAQ,NASDAQ
CBFV,CBFV,"CB Financial Services, Inc.",NASDAQ,NASDAQ,NASDAQ
CBIO,CBIO,"Crescent Biopharma, Inc.",NASDAQ,NASDAQ,NASDAQ
CBK,CBK,"Commercial Bancgroup, Inc.",NASDAQ,NASDAQ,NASDAQ
CBLL,CBLL,"CeriBell, Inc.",NASDAQ,NASDAQ,NASDAQ
CBNK,CBNK,"Capital Bancorp, Inc.",NASDAQ,NASDAQ,NASDAQ
CBRL,CBRL,"Cracker Barrel Old Country Store, Inc.",NASDAQ,NASDAQ,NASDAQ
CBRS,CBRS,Cerebras Systems Inc.,NASDAQ,NASDAQ,NASDAQ
CBSH,CBSH,"Commerce Bancshares, Inc.",NASDAQ,NASDAQ,NASDAQ
CBUS,CBUS,"Cibus, Inc.",NASDAQ,NASDAQ,NASDAQ
CCAP,CCAP,"Crescent Capital BDC, Inc.",NASDAQ,NASDAQ,NASDAQ
CCAQ,CCAQ,Collective Acquisition Corp.,NASDAQ,NASDAQ,NASDAQ
CCB,CCB,Coastal Financial Corporation,NASDAQ,NASDAQ,NASDAQ
CCBG,CCBG,Capital City Bank Group,NASDAQ,NASDAQ,NASDAQ
CCC,CCC,CCC Intelligent Solutions Holdings Inc.,NASDAQ,NASDAQ,NASDAQ
CCCC,CCCC,"C4 Therapeutics, Inc.",NASDAQ,NASDAQ,NASDAQ
CCCT,CCCT,Columbus Circle Capital Corp III,NASDAQ,NASDAQ,NASDAQ
CCD,CCD,Calamos Dynamic Convertible & Income Fund,NASDAQ,NASDAQ,NASDAQ
CCEC,CCEC,Capital Clean Energy Carriers Corp.,NASDAQ,NASDAQ,NASDAQ
CCEP,CCEP,Coca-Cola Europacific Partners plc,NASDAQ,NASDAQ,NASDAQ
CCG,CCG,Cheche Group Inc.,NASDAQ,NASDAQ,NASDAQ
CCHH,CCHH,CCH Holdings Ltd,NASDAQ,NASDAQ,NASDAQ
CCII,CCII,Cohen Circle Acquisition Corp. II,NASDAQ,NASDAQ,NASDAQ
CCLD,CCLD,"CareCloud, Inc.",NASDAQ,NASDAQ,NASDAQ
CCNE,CCNE,CNB Financial Corporation,NASDAQ,NASDAQ,NASDAQ
CCNEP,CCNEP,CNB Financial Corporation,NASDAQ,NASDAQ,NASDAQ
CCOI,CCOI,"Cogent Communications Holdings, Inc.",NASDAQ,NASDAQ,NASDAQ
CCSI,CCSI,"Consensus Cloud Solutions, Inc.",NASDAQ,NASDAQ,NASDAQ
CCTG,CCTG,CCSC Technology International Holdings Limited,NASDAQ,NASDAQ,NASDAQ
CCXI,CCXI,Churchill Capital Corp XI,NASDAQ,NASDAQ,NASDAQ
CD,CD,Chaince Digital Holdings Inc.,NASDAQ,NASDAQ,NASDAQ
CDIO,CDIO,Cardio Diagnostics Holdings Inc.,NASDAQ,NASDAQ,NASDAQ
CDLX,CDLX,"Cardlytics, Inc.",NASDAQ,NASDAQ,NASDAQ
CDNA,CDNA,"CareDx, Inc.",NASDAQ,NASDAQ,NASDAQ
CDNL,CDNL,Cardinal Infrastructure Group Inc.,NASDAQ,NASDAQ,NASDAQ
CDNS,CDNS,"Cadence Design Systems, Inc.",NASDAQ,NASDAQ,NASDAQ
CDRO,CDRO,"Codere Online Luxembourg, S.A.",NASDAQ,NASDAQ,NASDAQ
CDT,CDT,CDT Equity Inc.,NASDAQ,NASDAQ,NASDAQ
CDTG,CDTG,CDT Environmental Technology Investment Holdings,NASDAQ,NASDAQ,NASDAQ
CDW,CDW,CDW Corporation,NASDAQ,NASDAQ,NASDAQ
CDXS,CDXS,"Codexis, Inc.",NASDAQ,NASDAQ,NASDAQ
CDZI,CDZI,"Cadiz, Inc.",NASDAQ,NASDAQ,NASDAQ
CDZIP,CDZIP,"Cadiz, Inc.",NASDAQ,NASDAQ,NASDAQ
CECO,CECO,CECO Environmental Corp.,NASDAQ,NASDAQ,NASDAQ
CEG,CEG,Constellation Energy Corporation,NASDAQ,NASDAQ,NASDAQ
CELC,CELC,Celcuity Inc.,NASDAQ,NASDAQ,NASDAQ
CELH,CELH,"Celsius Holdings, Inc.",NASDAQ,NASDAQ,NASDAQ
CELU,CELU,Celularity Inc.,NASDAQ,NASDAQ,NASDAQ
CELZ,CELZ,"Creative Medical Technology Holdings, Inc.",NASDAQ,NASDAQ,NASDAQ
CENN,CENN,Cenntro Inc.,NASDAQ,NASDAQ,NASDAQ
CENT,CENT,Central Garden & Pet Company,NASDAQ,NASDAQ,NASDAQ
CENTA,CENTA,Central Garden & Pet Company,NASDAQ,NASDAQ,NASDAQ
CENX,CENX,Century Aluminum Company,NASDAQ,NASDAQ,NASDAQ
CEPF,CEPF,"Cantor Equity Partners IV, Inc.",NASDAQ,NASDAQ,NASDAQ
CEPL,CEPL,"Capstone Energy Plus, Inc.",NASDAQ,NASDAQ,NASDAQ
CEPO,CEPO,"Cantor Equity Partners I, Inc.",NASDAQ,NASDAQ,NASDAQ
CEPS,CEPS,"Cantor Equity Partners VI, Inc.",NASDAQ,NASDAQ,NASDAQ
CEPV,CEPV,"Cantor Equity Partners V, Inc.",NASDAQ,NASDAQ,NASDAQ
CERS,CERS,Cerus Corporation,NASDAQ,NASDAQ,NASDAQ
CERT,CERT,"Certara, Inc.",NASDAQ,NASDAQ,NASDAQ
CETX,CETX,Cemtrex Inc.,NASDAQ,NASDAQ,NASDAQ
CETY,CETY,"Clean Energy Technologies, Inc.",NASDAQ,NASDAQ,NASDAQ
CEVA,CEVA,"CEVA, Inc.",NASDAQ,NASDAQ,NASDAQ
CFBK,CFBK,CF Bankshares Inc.,NASDAQ,NASDAQ,NASDAQ
CFFI,CFFI,C&F Financial Corporation,NASDAQ,NASDAQ,NASDAQ
CFFN,CFFN,"Capitol Federal Financial, Inc.",NASDAQ,NASDAQ,NASDAQ
CG,CG,The Carlyle Group Inc.,NASDAQ,NASDAQ,NASDAQ
CGABL,CGABL,The Carlyle Group Inc.,NASDAQ,NASDAQ,NASDAQ
CGBD,CGBD,"Carlyle Secured Lending, Inc.",NASDAQ,NASDAQ,NASDAQ
CGC,CGC,Canopy Growth Corporation,NASDAQ,NASDAQ,NASDAQ
CGEM,CGEM,"Cullinan Therapeutics, Inc.",NASDAQ,NASDAQ,NASDAQ
CGEN,CGEN,Compugen Ltd.,NASDAQ,NASDAQ,NASDAQ
CGNT,CGNT,Cognyte Software Ltd.,NASDAQ,NASDAQ,NASDAQ
CGNX,CGNX,Cognex Corporation,NASDAQ,NASDAQ,NASDAQ
CGO,CGO,Calamos Global Total Return Fund,NASDAQ,NASDAQ,NASDAQ
CGON,CGON,"CG Oncology, Inc.",NASDAQ,NASDAQ,NASDAQ
CGTL,CGTL,Creative Global Technology Holdings Limited,NASDAQ,NASDAQ,NASDAQ
CGTX,CGTX,"Cognition Therapeutics, Inc.",NASDAQ,NASDAQ,NASDAQ
CHA,CHA,Chagee Holdings Limited,NASDAQ,NASDAQ,NASDAQ
CHAI,CHAI,"Core AI Holdings, Inc.",NASDAQ,NASDAQ,NASDAQ
CHAR,CHAR,Charlton Aria Acquisition Corporation,NASDAQ,NASDAQ,NASDAQ
CHCI,CHCI,"Comstock Holding Companies, Inc.",NASDAQ,NASDAQ,NASDAQ
CHCO,CHCO,City Holding Company,NASDAQ,NASDAQ,NASDAQ
CHDN,CHDN,"Churchill Downs, Incorporated",NASDAQ,NASDAQ,NASDAQ
CHEC,CHEC,Chenghe Acquisition III Co.,NASDAQ,NASDAQ,NASDAQ
CHEF,CHEF,"The Chefs' Warehouse, Inc.",NASDAQ,NASDAQ,NASDAQ
CHGA,CHGA,Change Agents Corporation,NASDAQ,NASDAQ,NASDAQ
CHI,CHI,Calamos Convertible Opportunities and Income Fun,NASDAQ,NASDAQ,NASDAQ
CHKP,CHKP,Check Point Software Technologies Ltd.,NASDAQ,NASDAQ,NASDAQ
CHMG,CHMG,Chemung Financial Corp,NASDAQ,NASDAQ,NASDAQ
CHNR,CHNR,"China Natural Resources, Inc.",NASDAQ,NASDAQ,NASDAQ
CHPG,CHPG,ChampionsGate Acquisition Corporation,NASDAQ,NASDAQ,NASDAQ
CHR,CHR,"Cheer Holding, Inc.",NASDAQ,NASDAQ,NASDAQ
CHRD,CHRD,Chord Energy Corporation,NASDAQ,NASDAQ,NASDAQ
CHRN,CHRN,ChronoScale Holdings Corporation,NASDAQ,NASDAQ,NASDAQ
CHRS,CHRS,"Coherus Oncology, Inc.",NASDAQ,NASDAQ,NASDAQ
CHRW,CHRW,"C.H. Robinson Worldwide, Inc.",NASDAQ,NASDAQ,NASDAQ
CHSCL,CHSCL,CHS Inc,NASDAQ,NASDAQ,NASDAQ
CHSCM,CHSCM,CHS Inc,NASDAQ,NASDAQ,NASDAQ
CHSCN,CHSCN,CHS Inc,NASDAQ,NASDAQ,NASDAQ
CHSCO,CHSCO,CHS Inc,NASDAQ,NASDAQ,NASDAQ
CHSCP,CHSCP,CHS Inc,NASDAQ,NASDAQ,NASDAQ
CHSN,CHSN,Chanson International Holding,NASDAQ,NASDAQ,NASDAQ
CHTR,CHTR,"Charter Communications, Inc.",NASDAQ,NASDAQ,NASDAQ
CHW,CHW,Calamos Global Dynamic Income Fund,NASDAQ,NASDAQ,NASDAQ
CHY,CHY,Calamos Convertible and High Income Fund,NASDAQ,NASDAQ,NASDAQ
CHYM,CHYM,"Chime Financial, Inc.",NASDAQ,NASDAQ,NASDAQ
CIFR,CIFR,Cipher Digital Inc.,NASDAQ,NASDAQ,NASDAQ
CIGI,CIGI,Colliers International Group Inc.,NASDAQ,NASDAQ,NASDAQ
CIGL,CIGL,Concorde International Group Ltd,NASDAQ,NASDAQ,NASDAQ
CIIT,CIIT,"Tianci International, Inc.",NASDAQ,NASDAQ,NASDAQ
CINF,CINF,Cincinnati Financial Corporation,NASDAQ,NASDAQ,NASDAQ
CING,CING,Cingulate Inc.,NASDAQ,NASDAQ,NASDAQ
CIRC,CIRC,"Circle8 Group, Inc.",NASDAQ,NASDAQ,NASDAQ
CISO,CISO,"CISO Global, Inc.",NASDAQ,NASDAQ,NASDAQ
CISS,CISS,C3is Inc.,NASDAQ,NASDAQ,NASDAQ
CIVB,CIVB,"Civista Bancshares, Inc.",NASDAQ,NASDAQ,NASDAQ
CJMB,CJMB,Callan JMB Inc.,NASDAQ,NASDAQ,NASDAQ
CLAR,CLAR,Clarus Corporation,NASDAQ,NASDAQ,NASDAQ
CLBK,CLBK,"Columbia Financial, Inc.",NASDAQ,NASDAQ,NASDAQ
CLBT,CLBT,Cellebrite DI Ltd.,NASDAQ,NASDAQ,NASDAQ
CLDX,CLDX,"Celldex Therapeutics, Inc.",NASDAQ,NASDAQ,NASDAQ
CLFD,CLFD,"Clearfield, Inc.",NASDAQ,NASDAQ,NASDAQ
CLGN,CLGN,CollPlant Biotechnologies Ltd.,NASDAQ,NASDAQ,NASDAQ
CLIK,CLIK,Click Holdings Limited,NASDAQ,NASDAQ,NASDAQ
CLIR,CLIR,ClearSign Technologies Corporation,NASDAQ,NASDAQ,NASDAQ
CLLS,CLLS,Cellectis S.A.,NASDAQ,NASDAQ,NASDAQ
CLMB,CLMB,"Climb Global Solutions, Inc.",NASDAQ,NASDAQ,NASDAQ
CLMT,CLMT,"Calumet, Inc",NASDAQ,NASDAQ,NASDAQ
CLNE,CLNE,Clean Energy Fuels Corp.,NASDAQ,NASDAQ,NASDAQ
CLNN,CLNN,Clene Inc.,NASDAQ,NASDAQ,NASDAQ
CLOV,CLOV,"Clover Health Investments, Corp.",NASDAQ,NASDAQ,NASDAQ
CLPS,CLPS,CLPS Incorporation,NASDAQ,NASDAQ,NASDAQ
CLPT,CLPT,ClearPoint Neuro Inc.,NASDAQ,NASDAQ,NASDAQ
CLRB,CLRB,"Cellectar Biosciences, Inc.",NASDAQ,NASDAQ,NASDAQ
CLRO,CLRO,"ClearOne, Inc.",NASDAQ,NASDAQ,NASDAQ
CLSK,CLSK,"CleanSpark, Inc.",NASDAQ,NASDAQ,NASDAQ
CLST,CLST,"Catalyst Bancorp, Inc.",NASDAQ,NASDAQ,NASDAQ
CLWT,CLWT,Euro Tech Holdings Company Limited,NASDAQ,NASDAQ,NASDAQ
CLYM,CLYM,"Climb Bio, Inc.",NASDAQ,NASDAQ,NASDAQ
CMCO,CMCO,Columbus McKinnon Corporation,NASDAQ,NASDAQ,NASDAQ
CMCSA,CMCSA,Comcast Corporation,NASDAQ,NASDAQ,NASDAQ
CMCT,CMCT,Creative Media,NASDAQ,NASDAQ,NASDAQ
CME,CME,CME Group Inc.,NASDAQ,NASDAQ,NASDAQ
CMII,CMII,Columbus Circle Capital Corp II,NASDAQ,NASDAQ,NASDAQ
CMMB,CMMB,Chemomab Therapeutics Ltd.,NASDAQ,NASDAQ,NASDAQ
CMND,CMND,Clearmind Medicine Inc.,NASDAQ,NASDAQ,NASDAQ
CMPR,CMPR,Cimpress plc,NASDAQ,NASDAQ,NASDAQ
CMPS,CMPS,COMPASS Pathways Plc,NASDAQ,NASDAQ,NASDAQ
CMPX,CMPX,"Compass Therapeutics, Inc.",NASDAQ,NASDAQ,NASDAQ
CMRC,CMRC,"Commerce.com, Inc.",NASDAQ,NASDAQ,NASDAQ
CMTL,CMTL,Comtech Telecommunications Corp.,NASDAQ,NASDAQ,NASDAQ
CMTV,CMTV,Community Bancorp.,NASDAQ,NASDAQ,NASDAQ
CNCK,CNCK,Coincheck Group N.V.,NASDAQ,NASDAQ,NASDAQ
CNDT,CNDT,Conduent Incorporated,NASDAQ,NASDAQ,NASDAQ
CNET,CNET,ZW Data Action Technologies Inc.,NASDAQ,NASDAQ,NASDAQ
CNEY,CNEY,CN Energy Group Inc.,NASDAQ,NASDAQ,NASDAQ
CNL,CNL,Collective Mining Ltd.,NASDAQ,NASDAQ,NASDAQ
CNOB,CNOB,"ConnectOne Bancorp, Inc.",NASDAQ,NASDAQ,NASDAQ
CNOBP,CNOBP,"ConnectOne Bancorp, Inc.",NASDAQ,NASDAQ,NASDAQ
CNSP,CNSP,"CNS Pharmaceuticals, Inc.",NASDAQ,NASDAQ,NASDAQ
CNSY,CNSY,"Cerenome, Inc.",NASDAQ,NASDAQ,NASDAQ
CNTB,CNTB,Connect Biopharma Holdings Limited,NASDAQ,NASDAQ,NASDAQ
CNTN,CNTN,"Canton Strategic Holdings, Inc.",NASDAQ,NASDAQ,NASDAQ
CNTX,CNTX,Context Therapeutics Inc.,NASDAQ,NASDAQ,NASDAQ
CNTY,CNTY,"Century Casinos, Inc.",NASDAQ,NASDAQ,NASDAQ
CNVS,CNVS,Cineverse Corp.,NASDAQ,NASDAQ,NASDAQ
CNXC,CNXC,Concentrix Corporation,NASDAQ,NASDAQ,NASDAQ
CNXN,CNXN,"PC Connection, Inc.",NASDAQ,NASDAQ,NASDAQ
CNXU,CNXU,Conexeu Sciences Inc.,NASDAQ,NASDAQ,NASDAQ
COAG,COAG,"Hemab Therapeutics Holdings, Inc.",NASDAQ,NASDAQ,NASDAQ
COCH,COCH,"Envoy Medical, Inc.",NASDAQ,NASDAQ,NASDAQ
COCO,COCO,"The Vita Coco Company, Inc.",NASDAQ,NASDAQ,NASDAQ
COCP,COCP,"Cocrystal Pharma, Inc.",NASDAQ,NASDAQ,NASDAQ
CODA,CODA,"Coda Octopus Group, Inc.",NASDAQ,NASDAQ,NASDAQ
CODX,CODX,"Co-Diagnostics, Inc.",NASDAQ,NASDAQ,NASDAQ
COFS,COFS,"ChoiceOne Financial Services, Inc.",NASDAQ,NASDAQ,NASDAQ
COGT,COGT,"Cogent Biosciences, Inc.",NASDAQ,NASDAQ,NASDAQ
COHU,COHU,"Cohu, Inc.",NASDAQ,NASDAQ,NASDAQ
COIN,COIN,"Coinbase Global, Inc.",NASDAQ,NASDAQ,NASDAQ
COKE,COKE,"Coca-Cola Consolidated, Inc.",NASDAQ,NASDAQ,NASDAQ
COLA,COLA,Columbus Acquisition Corp,NASDAQ,NASDAQ,NASDAQ
COLB,COLB,"Columbia Banking System, Inc.",NASDAQ,NASDAQ,NASDAQ
COLL,COLL,"Collegium Pharmaceutical, Inc.",NASDAQ,NASDAQ,NASDAQ
COLM,COLM,Columbia Sportswear Company,NASDAQ,NASDAQ,NASDAQ
COO,COO,"The Cooper Companies, Inc.",NASDAQ,NASDAQ,NASDAQ
COOT,COOT,Australian Oilseeds Holdings Limited,NASDAQ,NASDAQ,NASDAQ
CORT,CORT,Corcept Therapeutics Incorporated,NASDAQ,NASDAQ,NASDAQ
CORZ,CORZ,"Core Scientific, Inc.",NASDAQ,NASDAQ,NASDAQ
COSM,COSM,Cosmos Health Inc.,NASDAQ,NASDAQ,NASDAQ
COST,COST,Costco Wholesale Corporation,NASDAQ,NASDAQ,NASDAQ
COYA,COYA,"Coya Therapeutics, Inc.",NASDAQ,NASDAQ,NASDAQ
CPB,CPB,The Campbell's Company,NASDAQ,NASDAQ,NASDAQ
CPBI,CPBI,"Central Plains Bancshares, Inc.",NASDAQ,NASDAQ,NASDAQ
CPHC,CPHC,Canterbury Park Holding Corporation,NASDAQ,NASDAQ,NASDAQ
CPIX,CPIX,Cumberland Pharmaceuticals Inc.,NASDAQ,NASDAQ,NASDAQ
CPOP,CPOP,"Pop Culture Group Co., Ltd",NASDAQ,NASDAQ,NASDAQ
CPRT,CPRT,"Copart, Inc.",NASDAQ,NASDAQ,NASDAQ
CPSH,CPSH,CPS Technologies Corp.,NASDAQ,NASDAQ,NASDAQ
CPSS,CPSS,"Consumer Portfolio Services, Inc.",NASDAQ,NASDAQ,NASDAQ
CPZ,CPZ,Calamos Long/Short Equity & Dynamic Income Trust,NASDAQ,NASDAQ,NASDAQ
CRAC,CRAC,Crown Reserve Acquisition Corp. I,NASDAQ,NASDAQ,NASDAQ
CRAI,CRAI,"CRA International,Inc.",NASDAQ,NASDAQ,NASDAQ
CRAN,CRAN,Crane Harbor Acquisition Corp. II,NASDAQ,NASDAQ,NASDAQ
CRAQ,CRAQ,Cal Redwood Acquisition Corp.,NASDAQ,NASDAQ,NASDAQ
CRBP,CRBP,"Corbus Pharmaceuticals Holdings, Inc.",NASDAQ,NASDAQ,NASDAQ
CRBU,CRBU,"Caribou Biosciences, Inc.",NASDAQ,NASDAQ,NASDAQ
CRCT,CRCT,"Cricut, Inc.",NASDAQ,NASDAQ,NASDAQ
CRDF,CRDF,"Cardiff Oncology, Inc.",NASDAQ,NASDAQ,NASDAQ
CRDL,CRDL,Cardiol Therapeutics Inc.,NASDAQ,NASDAQ,NASDAQ
CRDO,CRDO,Credo Technology Group Holding Ltd,NASDAQ,NASDAQ,NASDAQ
CRE,CRE,Cre8 Enterprise Limited,NASDAQ,NASDAQ,NASDAQ
CRESY,CRESY,Cresud S.A.C.I.F. y A.,NASDAQ,NASDAQ,NASDAQ
CREX,CREX,"Creative Realities, Inc.",NASDAQ,NASDAQ,NASDAQ
CRGO,CRGO,Freightos Limited,NASDAQ,NASDAQ,NASDAQ
CRIS,CRIS,"Curis, Inc.",NASDAQ,NASDAQ,NASDAQ
CRMD,CRMD,CorMedix Inc.,NASDAQ,NASDAQ,NASDAQ
CRML,CRML,Critical Metals Corp.,NASDAQ,NASDAQ,NASDAQ
CRMT,CRMT,"America's Car-Mart, Inc.",NASDAQ,NASDAQ,NASDAQ
CRNC,CRNC,Cerence Inc.,NASDAQ,NASDAQ,NASDAQ
CRNT,CRNT,Ceragon Networks Ltd.,NASDAQ,NASDAQ,NASDAQ
CRNX,CRNX,"Crinetics Pharmaceuticals, Inc.",NASDAQ,NASDAQ,NASDAQ
CRON,CRON,Cronos Group Inc.,NASDAQ,NASDAQ,NASDAQ
CROX,CROX,"Crocs, Inc.",NASDAQ,NASDAQ,NASDAQ
CRSP,CRSP,CRISPR Therapeutics AG,NASDAQ,NASDAQ,NASDAQ
CRSR,CRSR,"Corsair Gaming, Inc.",NASDAQ,NASDAQ,NASDAQ
CRTO,CRTO,Criteo S.A.,NASDAQ,NASDAQ,NASDAQ
CRUS,CRUS,"Cirrus Logic, Inc.",NASDAQ,NASDAQ,NASDAQ
CRVL,CRVL,CorVel Corp.,NASDAQ,NASDAQ,NASDAQ
CRVO,CRVO,CervoMed Inc.,NASDAQ,NASDAQ,NASDAQ
CRVS,CRVS,"Corvus Pharmaceuticals, Inc.",NASDAQ,NASDAQ,NASDAQ
CRWD,CRWD,"CrowdStrike Holdings, Inc.",NASDAQ,NASDAQ,NASDAQ
CRWS,CRWS,"Crown Crafts, Inc.",NASDAQ,NASDAQ,NASDAQ
CRWV,CRWV,"CoreWeave, Inc.",NASDAQ,NASDAQ,NASDAQ
CSAI,CSAI,"Cloudastructure, Inc.",NASDAQ,NASDAQ,NASDAQ
CSBR,CSBR,"Champions Oncology, Inc.",NASDAQ,NASDAQ,NASDAQ
CSCO,CSCO,"Cisco Systems, Inc.",NASDAQ,NASDAQ,NASDAQ
CSGP,CSGP,"CoStar Group, Inc.",NASDAQ,NASDAQ,NASDAQ
CSHR,CSHR,CoinShares PLC,NASDAQ,NASDAQ,NASDAQ
CSIQ,CSIQ,Canadian Solar Inc.,NASDAQ,NASDAQ,NASDAQ
CSPI,CSPI,CSP Inc.,NASDAQ,NASDAQ,NASDAQ
CSQ,CSQ,Calamos Strategic Total Return Fund,NASDAQ,NASDAQ,NASDAQ
CSTE,CSTE,Caesarstone Ltd.,NASDAQ,NASDAQ,NASDAQ
CSTL,CSTL,"Castle Biosciences, Inc.",NASDAQ,NASDAQ,NASDAQ
CSWC,CSWC,Capital Southwest Corporation,NASDAQ,NASDAQ,NASDAQ
CSX,CSX,CSX Corporation,NASDAQ,NASDAQ,NASDAQ
CTAA,CTAA,ClearThink 1 Acquisition Corp.,NASDAQ,NASDAQ,NASDAQ
CTAS,CTAS,Cintas Corporation,NASDAQ,NASDAQ,NASDAQ
CTBI,CTBI,"Community Trust Bancorp, Inc.",NASDAQ,NASDAQ,NASDAQ
CTKB,CTKB,"Cytek Biosciences, Inc.",NASDAQ,NASDAQ,NASDAQ
CTMX,CTMX,"CytomX Therapeutics, Inc.",NASDAQ,NASDAQ,NASDAQ
CTNM,CTNM,"Contineum Therapeutics, Inc.",NASDAQ,NASDAQ,NASDAQ
CTNT,CTNT,Cheetah Net Supply Chain Service Inc.,NASDAQ,NASDAQ,NASDAQ
CTOR,CTOR,"Citius Oncology, Inc.",NASDAQ,NASDAQ,NASDAQ
CTRM,CTRM,Castor Maritime Inc.,NASDAQ,NASDAQ,NASDAQ
CTRN,CTRN,"Citi Trends, Inc.",NASDAQ,NASDAQ,NASDAQ
CTSH,CTSH,Cognizant Technology Solutions Corporation,NASDAQ,NASDAQ,NASDAQ
CTSO,CTSO,Cytosorbents Corporation,NASDAQ,NASDAQ,NASDAQ
CTW,CTW,CTW,NASDAQ,NASDAQ,NASDAQ
CTXR,CTXR,"Citius Pharmaceuticals, Inc.",NASDAQ,NASDAQ,NASDAQ
CUB,CUB,Lionheart Holdings,NASDAQ,NASDAQ,NASDAQ
CUE,CUE,"Cue Biopharma, Inc.",NASDAQ,NASDAQ,NASDAQ
CULP,CULP,"Culp, Inc.",NASDAQ,NASDAQ,NASDAQ
CUPR,CUPR,Cuprina Holdings (Cayman) Limited,NASDAQ,NASDAQ,NASDAQ
CURI,CURI,CuriosityStream Inc.,NASDAQ,NASDAQ,NASDAQ
CURR,CURR,Currenc Group Inc.,NASDAQ,NASDAQ,NASDAQ
CURX,CURX,Curanex Pharmaceuticals Inc,NASDAQ,NASDAQ,NASDAQ
CUVL,CUVL,Clinuvel Pharmaceuticals Limited,NASDAQ,NASDAQ,NASDAQ
CV,CV,"CapsoVision, Inc.",NASDAQ,NASDAQ,NASDAQ
CVBF,CVBF,CVB Financial Corporation,NASDAQ,NASDAQ,NASDAQ
CVCO,CVCO,"Cavco Industries, Inc.",NASDAQ,NASDAQ,NASDAQ
CVGI,CVGI,"Commercial Vehicle Group, Inc.",NASDAQ,NASDAQ,NASDAQ
CVKD,CVKD,"Cadrenal Therapeutics, Inc.",NASDAQ,NASDAQ,NASDAQ
CVLT,CVLT,"Commvault Systems, Inc.",NASDAQ,NASDAQ,NASDAQ
CVRX,CVRX,"CVRx, Inc.",NASDAQ,NASDAQ,NASDAQ
CVV,CVV,CVD Equipment Corporation,NASDAQ,NASDAQ,NASDAQ
CWBC,CWBC,Community West Bancshares,NASDAQ,NASDAQ,NASDAQ
CWCO,CWCO,Consolidated Water Co. Ltd.,NASDAQ,NASDAQ,NASDAQ
CWD,CWD,CaliberCos Inc.,NASDAQ,NASDAQ,NASDAQ
CWST,CWST,"Casella Waste Systems, Inc.",NASDAQ,NASDAQ,NASDAQ
CXAI,CXAI,CXApp Inc.,NASDAQ,NASDAQ,NASDAQ
CXDO,CXDO,"Crexendo, Inc.",NASDAQ,NASDAQ,NASDAQ
CXII,CXII,Churchill Capital Corp XII,NASDAQ,NASDAQ,NASDAQ
CYAB,CYAB,"Cyabra, Inc.",NASDAQ,NASDAQ,NASDAQ
CYCN,CYCN,"Cyclerion Therapeutics, Inc.",NASDAQ,NASDAQ,NASDAQ
CYCU,CYCU,"Cycurion, Inc.",NASDAQ,NASDAQ,NASDAQ
CYN,CYN,Cyngn Inc.,NASDAQ,NASDAQ,NASDAQ
CYPH,CYPH,Cypherpunk Technologies Inc.,NASDAQ,NASDAQ,NASDAQ
CYRX,CYRX,"CryoPort, Inc.",NASDAQ,NASDAQ,NASDAQ
CYTK,CYTK,"Cytokinetics, Incorporated",NASDAQ,NASDAQ,NASDAQ
CZFS,CZFS,"Citizens Financial Services, Inc.",NASDAQ,NASDAQ,NASDAQ
CZNC,CZNC,Citizens & Northern Corp,NASDAQ,NASDAQ,NASDAQ
CZR,CZR,"Caesars Entertainment, Inc.",NASDAQ,NASDAQ,NASDAQ
CZWI,CZWI,"Citizens Community Bancorp, Inc.",NASDAQ,NASDAQ,NASDAQ
DAAQ,DAAQ,Digital Asset Acquisition Corp.,NASDAQ,NASDAQ,NASDAQ
DAIC,DAIC,"CID HoldCo, Inc.",NASDAQ,NASDAQ,NASDAQ
DAIO,DAIO,Data I/O Corporation,NASDAQ,NASDAQ,NASDAQ
DAKT,DAKT,"Daktronics, Inc.",NASDAQ,NASDAQ,NASDAQ
DARE,DARE,"Dare Bioscience, Inc.",NASDAQ,NASDAQ,NASDAQ
DASH,DASH,"DoorDash, Inc.",NASDAQ,NASDAQ,NASDAQ
DAVE,DAVE,Dave Inc.,NASDAQ,NASDAQ,NASDAQ
DBCA,DBCA,D. Boral Acquisition I Corp.,NASDAQ,NASDAQ,NASDAQ
DBGI,DBGI,"Digital Brands Group, Inc.",NASDAQ,NASDAQ,NASDAQ
DBVT,DBVT,DBV Technologies S.A.,NASDAQ,NASDAQ,NASDAQ
DBX,DBX,"Dropbox, Inc.",NASDAQ,NASDAQ,NASDAQ
DCBO,DCBO,Docebo Inc.,NASDAQ,NASDAQ,NASDAQ
DCGO,DCGO,DocGo Inc.,NASDAQ,NASDAQ,NASDAQ
DCOY,DCOY,Decoy Therapeutics Inc.,NASDAQ,NASDAQ,NASDAQ
DCTH,DCTH,"Delcath Systems, Inc.",NASDAQ,NASDAQ,NASDAQ
DCX,DCX,Digital Currency X Technology Inc.,NASDAQ,NASDAQ,NASDAQ
DDI,DDI,"DoubleDown Interactive Co., Ltd.",NASDAQ,NASDAQ,NASDAQ
DDOG,DDOG,"Datadog, Inc.",NASDAQ,NASDAQ,NASDAQ
DEFT,DEFT,"Defi Technologies, Inc.",NASDAQ,NASDAQ,NASDAQ
DERM,DERM,Journey Medical Corporation,NASDAQ,NASDAQ,NASDAQ
DETX,DETX,"Liberty Defense Holdings, Ltd.",NASDAQ,NASDAQ,NASDAQ
DFDV,DFDV,DeFi Development Corp.,NASDAQ,NASDAQ,NASDAQ
DFLI,DFLI,Dragonfly Energy Holdings Corp,NASDAQ,NASDAQ,NASDAQ
DFNS,DFNS,T3 Defense Inc.,NASDAQ,NASDAQ,NASDAQ
DFSC,DFSC,DEFSEC Technologies Inc.,NASDAQ,NASDAQ,NASDAQ
DFTX,DFTX,"Definium Therapeutics, Inc.",NASDAQ,NASDAQ,NASDAQ
DGICA,DGICA,"Donegal Group, Inc.",NASDAQ,NASDAQ,NASDAQ
DGICB,DGICB,"Donegal Group, Inc.",NASDAQ,NASDAQ,NASDAQ
DGII,DGII,Digi International Inc.,NASDAQ,NASDAQ,NASDAQ
DGNX,DGNX,Diginex Limited,NASDAQ,NASDAQ,NASDAQ
DGXX,DGXX,Digi Power X Inc.,NASDAQ,NASDAQ,NASDAQ
DH,DH,Definitive Healthcare Corp.,NASDAQ,NASDAQ,NASDAQ
DHC,DHC,Diversified Healthcare Trust,NASDAQ,NASDAQ,NASDAQ
DHCNI,DHCNI,Diversified Healthcare Trust,NASDAQ,NASDAQ,NASDAQ
DHCNL,DHCNL,Diversified Healthcare Trust,NASDAQ,NASDAQ,NASDAQ
DIBS,DIBS,"1stdibs.com, Inc.",NASDAQ,NASDAQ,NASDAQ
DIOD,DIOD,Diodes Incorporated,NASDAQ,NASDAQ,NASDAQ
DJCO,DJCO,Daily Journal Corp. (S.C.),NASDAQ,NASDAQ,NASDAQ
DJT,DJT,Trump Media & Technology Group Corp.,NASDAQ,NASDAQ,NASDAQ
DKI,DKI,DarkIris Inc.,NASDAQ,NASDAQ,NASDAQ
DKNG,DKNG,DraftKings Inc.,NASDAQ,NASDAQ,NASDAQ
DLHC,DLHC,DLH Holdings Corp.,NASDAQ,NASDAQ,NASDAQ
DLO,DLO,DLocal Limited,NASDAQ,NASDAQ,NASDAQ
DLPN,DLPN,"Dolphin Entertainment, Inc.",NASDAQ,NASDAQ,NASDAQ
DLTH,DLTH,Duluth Holdings Inc.,NASDAQ,NASDAQ,NASDAQ
DLTR,DLTR,"Dollar Tree, Inc.",NASDAQ,NASDAQ,NASDAQ
DLXY,DLXY,Delixy Holdings Limited,NASDAQ,NASDAQ,NASDAQ
DMAA,DMAA,Drugs Made In America Acquisition Corp.,NASDAQ,NASDAQ,NASDAQ
DMAC,DMAC,DiaMedica Therapeutics Inc.,NASDAQ,NASDAQ,NASDAQ
DMII,DMII,Drugs Made In America Acquisition II Corp.,NASDAQ,NASDAQ,NASDAQ
DMRA,DMRA,"Damora Therapeutics, Inc.",NASDAQ,NASDAQ,NASDAQ
DMRC,DMRC,Digimarc Corporation,NASDAQ,NASDAQ,NASDAQ
DNLI,DNLI,Denali Therapeutics Inc.,NASDAQ,NASDAQ,NASDAQ
DNMX,DNMX,Dynamix Corporation III,NASDAQ,NASDAQ,NASDAQ
DNTH,DNTH,"Dianthus Therapeutics, Inc.",NASDAQ,NASDAQ,NASDAQ
DNUT,DNUT,"Krispy Kreme, Inc.",NASDAQ,NASDAQ,NASDAQ
DOCU,DOCU,"DocuSign, Inc.",NASDAQ,NASDAQ,NASDAQ
DOGZ,DOGZ,Dogness (International) Corporation,NASDAQ,NASDAQ,NASDAQ
DOMH,DOMH,Dominari Holdings Inc.,NASDAQ,NASDAQ,NASDAQ
DOMO,DOMO,"Domo, Inc.",NASDAQ,NASDAQ,NASDAQ
DOO,DOO,BRP Inc.,NASDAQ,NASDAQ,NASDAQ
DORM,DORM,"Dorman Products, Inc.",NASDAQ,NASDAQ,NASDAQ
DOX,DOX,Amdocs Limited,NASDAQ,NASDAQ,NASDAQ
DOYU,DOYU,DouYu International Holdings Limited,NASDAQ,NASDAQ,NASDAQ
DPRO,DPRO,Draganfly Inc.,NASDAQ,NASDAQ,NASDAQ
DPU,DPU,Top KingWin Ltd,NASDAQ,NASDAQ,NASDAQ
DPZ,DPZ,Domino's Pizza Inc,NASDAQ,NASDAQ,NASDAQ
DRCT,DRCT,"Direct Digital Holdings, Inc.",NASDAQ,NASDAQ,NASDAQ
DRDB,DRDB,Roman DBDR Acquisition Corp. II,NASDAQ,NASDAQ,NASDAQ
DRH,DRH,Diamondrock Hospitality Company,NASDAQ,NASDAQ,NASDAQ
DRIO,DRIO,DarioHealth Corp.,NASDAQ,NASDAQ,NASDAQ
DRMA,DRMA,"Dermata Therapeutics, Inc.",NASDAQ,NASDAQ,NASDAQ
DRS,DRS,"Leonardo DRS, Inc.",NASDAQ,NASDAQ,NASDAQ
DRTS,DRTS,Alpha Tau Medical Ltd.,NASDAQ,NASDAQ,NASDAQ
DRVN,DRVN,Driven Brands Holdings Inc.,NASDAQ,NASDAQ,NASDAQ
DSAC,DSAC,Daedalus Special Acquisition Corp.,NASDAQ,NASDAQ,NASDAQ
DSC,DSC,DSC Holdings Ltd.,NASDAQ,NASDAQ,NASDAQ
DSGN,DSGN,"Design Therapeutics, Inc.",NASDAQ,NASDAQ,NASDAQ
DSGR,DSGR,"Distribution Solutions Group, Inc.",NASDAQ,NASDAQ,NASDAQ
DSGX,DSGX,The Descartes Systems Group Inc.,NASDAQ,NASDAQ,NASDAQ
DSP,DSP,Viant Technology Inc.,NASDAQ,NASDAQ,NASDAQ
DSWL,DSWL,"Deswell Industries, Inc.",NASDAQ,NASDAQ,NASDAQ
DSY,DSY,Big Tree Cloud Holdings Limited,NASDAQ,NASDAQ,NASDAQ
DTCX,DTCX,"Datacentrex, Inc.",NASDAQ,NASDAQ,NASDAQ
DTI,DTI,Drilling Tools International Corporation,NASDAQ,NASDAQ,NASDAQ
DTIL,DTIL,"Precision BioSciences, Inc.",NASDAQ,NASDAQ,NASDAQ
DTSQ,DTSQ,DT Cloud Star Acquisition Corporation,NASDAQ,NASDAQ,NASDAQ
DTSS,DTSS,Datasea Intelligent Technology Ltd.,NASDAQ,NASDAQ,NASDAQ
DTST,DTST,Data Storage Corporation,NASDAQ,NASDAQ,NASDAQ
DUKR,DUKR,DUKE Robotics Corp.,NASDAQ,NASDAQ,NASDAQ
DUO,DUO,Fangdd Network Group Ltd.,NASDAQ,NASDAQ,NASDAQ
DUOL,DUOL,"Duolingo, Inc.",NASDAQ,NASDAQ,NASDAQ
DUOT,DUOT,"Duos Technologies Group, Inc.",NASDAQ,NASDAQ,NASDAQ
DVLT,DVLT,Datavault AI Inc.,NASDAQ,NASDAQ,NASDAQ
DWSN,DWSN,Dawson Geophysical Company,NASDAQ,NASDAQ,NASDAQ
DWTX,DWTX,"Dogwood Therapeutics, Inc.",NASDAQ,NASDAQ,NASDAQ
DXCM,DXCM,"DexCom, Inc.",NASDAQ,NASDAQ,NASDAQ
DXLG,DXLG,"Destination XL Group, Inc.",NASDAQ,NASDAQ,NASDAQ
DXPE,DXPE,"DXP Enterprises, Inc.",NASDAQ,NASDAQ,NASDAQ
DXR,DXR,Daxor Corporation,NASDAQ,NASDAQ,NASDAQ
DXST,DXST,Decent Holding Inc.,NASDAQ,NASDAQ,NASDAQ
DYAI,DYAI,"Dyadic International, Inc.",NASDAQ,NASDAQ,NASDAQ
DYN,DYN,"Dyne Therapeutics, Inc.",NASDAQ,NASDAQ,NASDAQ
DYNC,DYNC,Dynamix Corporation,NASDAQ,NASDAQ,NASDAQ
DYOR,DYOR,Insight Digital Partners II,NASDAQ,NASDAQ,NASDAQ
EBAY,EBAY,eBay Inc.,NASDAQ,NASDAQ,NASDAQ
EBC,EBC,"Eastern Bankshares, Inc.",NASDAQ,NASDAQ,NASDAQ
EBMT,EBMT,"Eagle Bancorp Montana, Inc.",NASDAQ,NASDAQ,NASDAQ
EBON,EBON,Ebang International Holdings Inc.,NASDAQ,NASDAQ,NASDAQ
ECBK,ECBK,"ECB Bancorp, Inc.",NASDAQ,NASDAQ,NASDAQ
ECHO,ECHO,EchoStar Corporation,NASDAQ,NASDAQ,NASDAQ
ECOR,ECOR,"electroCore, Inc.",NASDAQ,NASDAQ,NASDAQ
ECPG,ECPG,Encore Capital Group Inc,NASDAQ,NASDAQ,NASDAQ
ECX,ECX,ECARX Holdings Inc.,NASDAQ,NASDAQ,NASDAQ
EDBL,EDBL,Edible Garden AG Incorporated,NASDAQ,NASDAQ,NASDAQ
EDIT,EDIT,"Editas Medicine, Inc.",NASDAQ,NASDAQ,NASDAQ
EDRY,EDRY,EuroDry Ltd.,NASDAQ,NASDAQ,NASDAQ
EDSA,EDSA,"Edesa Biotech, Inc.",NASDAQ,NASDAQ,NASDAQ
EDTK,EDTK,Skillful Craftsman Education Technology Limited,NASDAQ,NASDAQ,NASDAQ
EDUC,EDUC,Educational Development Corporation,NASDAQ,NASDAQ,NASDAQ
EEFT,EEFT,"Euronet Worldwide, Inc.",NASDAQ,NASDAQ,NASDAQ
EEIQ,EEIQ,EpicQuest Education Group International Limited,NASDAQ,NASDAQ,NASDAQ
EFOI,EFOI,"Energy Focus, Inc.",NASDAQ,NASDAQ,NASDAQ
EFSC,EFSC,Enterprise Financial Services Corporation,NASDAQ,NASDAQ,NASDAQ
EFSCP,EFSCP,Enterprise Financial Services Corporation,NASDAQ,NASDAQ,NASDAQ
EFSI,EFSI,Eagle Financial Services Inc,NASDAQ,NASDAQ,NASDAQ
EFTY,EFTY,"Etoiles Capital Group Co., Ltd.",NASDAQ,NASDAQ,NASDAQ
EGAN,EGAN,eGain Corporation,NASDAQ,NASDAQ,NASDAQ
EGBN,EGBN,"Eagle Bancorp, Inc.",NASDAQ,NASDAQ,NASDAQ
EGHA,EGHA,EGH Acquisition Corp.,NASDAQ,NASDAQ,NASDAQ
EGHT,EGHT,8x8 Inc,NASDAQ,NASDAQ,NASDAQ
EH,EH,EHang Holdings Limited,NASDAQ,NASDAQ,NASDAQ
EHGO,EHGO,Eshallgo Inc.,NASDAQ,NASDAQ,NASDAQ
EHLD,EHLD,Euroholdings Ltd.,NASDAQ,NASDAQ,NASDAQ
EHTH,EHTH,"eHealth, Inc.",NASDAQ,NASDAQ,NASDAQ
EIKN,EIKN,"Eikon Therapeutics, Inc.",NASDAQ,NASDAQ,NASDAQ
EJH,EJH,E-Home Household Service Holdings Limited,NASDAQ,NASDAQ,NASDAQ
ELAB,ELAB,PMGC Holdings Inc.,NASDAQ,NASDAQ,NASDAQ
ELBM,ELBM,Electra Battery Materials Corporation,NASDAQ,NASDAQ,NASDAQ
ELDN,ELDN,"Eledon Pharmaceuticals, Inc.",NASDAQ,NASDAQ,NASDAQ
ELE,ELE,Elemental Royalty Corporation,NASDAQ,NASDAQ,NASDAQ
ELMT,ELMT,The Elmet Group Co.,NASDAQ,NASDAQ,NASDAQ
ELOG,ELOG,Eastern International Ltd.,NASDAQ,NASDAQ,NASDAQ
ELOX,ELOX,"Eloxx Pharmaceuticals, Inc.",NASDAQ,NASDAQ,NASDAQ
ELPW,ELPW,Elong Power Holding Limited,NASDAQ,NASDAQ,NASDAQ
ELTK,ELTK,Eltek Ltd.,NASDAQ,NASDAQ,NASDAQ
ELTX,ELTX,"Elicio Therapeutics, Inc.",NASDAQ,NASDAQ,NASDAQ
ELUT,ELUT,"Elutia, Inc.",NASDAQ,NASDAQ,NASDAQ
ELVA,ELVA,Electrovaya Inc.,NASDAQ,NASDAQ,NASDAQ
ELVN,ELVN,"Enliven Therapeutics, Inc.",NASDAQ,NASDAQ,NASDAQ
ELVR,ELVR,Elevra Lithium Limited,NASDAQ,NASDAQ,NASDAQ
ELWT,ELWT,"Elauwit Connection, Inc.",NASDAQ,NASDAQ,NASDAQ
EMAT,EMAT,Evolution Metals & Technologies Corp.,NASDAQ,NASDAQ,NASDAQ
EMBC,EMBC,Embecta Corp.,NASDAQ,NASDAQ,NASDAQ
EMIS,EMIS,Emmis Acquisition Corp.,NASDAQ,NASDAQ,NASDAQ
EML,EML,Eastern Company (The),NASDAQ,NASDAQ,NASDAQ
EMPD,EMPD,Empery Digital Inc.,NASDAQ,NASDAQ,NASDAQ
ENGN,ENGN,enGene Therapeutics Inc.,NASDAQ,NASDAQ,NASDAQ
ENGS,ENGS,Energys Group Limited,NASDAQ,NASDAQ,NASDAQ
ENLT,ENLT,Enlight Renewable Energy Ltd.,NASDAQ,NASDAQ,NASDAQ
ENLV,ENLV,Enlivex Ltd.,NASDAQ,NASDAQ,NASDAQ
ENPH,ENPH,"Enphase Energy, Inc.",NASDAQ,NASDAQ,NASDAQ
ENRD,ENRD,Einride AB,NASDAQ,NASDAQ,NASDAQ
ENSC,ENSC,"Ensysce Biosciences, Inc.",NASDAQ,NASDAQ,NASDAQ
ENSG,ENSG,"The Ensign Group, Inc.",NASDAQ,NASDAQ,NASDAQ
ENTA,ENTA,"Enanta Pharmaceuticals, Inc.",NASDAQ,NASDAQ,NASDAQ
ENTG,ENTG,"Entegris, Inc.",NASDAQ,NASDAQ,NASDAQ
ENTX,ENTX,Entera Bio Ltd.,NASDAQ,NASDAQ,NASDAQ
ENVB,ENVB,"Enveric Biosciences, Inc.",NASDAQ,NASDAQ,NASDAQ
ENVX,ENVX,Enovix Corporation,NASDAQ,NASDAQ,NASDAQ
EOLS,EOLS,"Evolus, Inc.",NASDAQ,NASDAQ,NASDAQ
EOSE,EOSE,"Eos Energy Enterprises, Inc.",NASDAQ,NASDAQ,NASDAQ
EPOW,EPOW,E-Power Inc.,NASDAQ,NASDAQ,NASDAQ
EPRX,EPRX,Eupraxia Pharmaceuticals Inc.,NASDAQ,NASDAQ,NASDAQ
EPSM,EPSM,Epsium Enterprise Limited,NASDAQ,NASDAQ,NASDAQ
EPSN,EPSN,Epsilon Energy Ltd.,NASDAQ,NASDAQ,NASDAQ
EQ,EQ,"Equillium, Inc.",NASDAQ,NASDAQ,NASDAQ
EQIX,EQIX,"Equinix, Inc.",NASDAQ,NASDAQ,NASDAQ
EQPT,EQPT,EquipmentShare.com Inc,NASDAQ,NASDAQ,NASDAQ
ERAS,ERAS,"Erasca, Inc.",NASDAQ,NASDAQ,NASDAQ
ERIC,ERIC,Ericsson,NASDAQ,NASDAQ,NASDAQ
ERIE,ERIE,Erie Indemnity Company,NASDAQ,NASDAQ,NASDAQ
ERII,ERII,"Energy Recovery, Inc.",NASDAQ,NASDAQ,NASDAQ
ERNA,ERNA,Ernexa Therapeutics Inc.,NASDAQ,NASDAQ,NASDAQ
ESCA,ESCA,"Escalade, Incorporated",NASDAQ,NASDAQ,NASDAQ
ESEA,ESEA,Euroseas Ltd.,NASDAQ,NASDAQ,NASDAQ
ESLA,ESLA,"Estrella Immunopharma, Inc.",NASDAQ,NASDAQ,NASDAQ
ESLT,ESLT,Elbit Systems Ltd.,NASDAQ,NASDAQ,NASDAQ
ESOA,ESOA,Energy Services of America Corporation,NASDAQ,NASDAQ,NASDAQ
ESQ,ESQ,"Esquire Financial Holdings, Inc.",NASDAQ,NASDAQ,NASDAQ
ESTA,ESTA,Establishment Labs Holdings Inc.,NASDAQ,NASDAQ,NASDAQ
ETON,ETON,"Eton Pharmaceuticals, Inc.",NASDAQ,NASDAQ,NASDAQ
ETOR,ETOR,eToro Group Ltd.,NASDAQ,NASDAQ,NASDAQ
ETS,ETS,Elite Express Holding Inc.,NASDAQ,NASDAQ,NASDAQ
EU,EU,enCore Energy Corp.,NASDAQ,NASDAQ,NASDAQ
EUDA,EUDA,Euda Health Holdings Limited,NASDAQ,NASDAQ,NASDAQ
EURK,EURK,Eureka Acquisition Corp,NASDAQ,NASDAQ,NASDAQ
EVAX,EVAX,Evaxion A/S,NASDAQ,NASDAQ,NASDAQ
EVCM,EVCM,EverCommerce Inc.,NASDAQ,NASDAQ,NASDAQ
EVER,EVER,"EverQuote, Inc.",NASDAQ,NASDAQ,NASDAQ
EVGN,EVGN,Evogene Ltd.,NASDAQ,NASDAQ,NASDAQ
EVGO,EVGO,EVgo Inc.,NASDAQ,NASDAQ,NASDAQ
EVLV,EVLV,"Evolv Technologies Holdings, Inc.",NASDAQ,NASDAQ,NASDAQ
EVO,EVO,Evotec SE,NASDAQ,NASDAQ,NASDAQ
EVOX,EVOX,Evolution Global Acquisition Corp,NASDAQ,NASDAQ,NASDAQ
EVRG,EVRG,"Evergy, Inc.",NASDAQ,NASDAQ,NASDAQ
EWBC,EWBC,"East West Bancorp, Inc.",NASDAQ,NASDAQ,NASDAQ
EWTX,EWTX,"Edgewise Therapeutics, Inc.",NASDAQ,NASDAQ,NASDAQ
EXC,EXC,Exelon Corporation,NASDAQ,NASDAQ,NASDAQ
EXE,EXE,Expand Energy Corporation,NASDAQ,NASDAQ,NASDAQ
EXEL,EXEL,"Exelixis, Inc.",NASDAQ,NASDAQ,NASDAQ
EXFY,EXFY,"Expensify, Inc.",NASDAQ,NASDAQ,NASDAQ
EXLS,EXLS,"ExlService Holdings, Inc.",NASDAQ,NASDAQ,NASDAQ
EXOZ,EXOZ,eXoZymes Inc.,NASDAQ,NASDAQ,NASDAQ
EXPE,EXPE,"Expedia Group, Inc.",NASDAQ,NASDAQ,NASDAQ
EXPO,EXPO,"Exponent, Inc.",NASDAQ,NASDAQ,NASDAQ
EXTR,EXTR,"Extreme Networks, Inc.",NASDAQ,NASDAQ,NASDAQ
EXYN,EXYN,"Exyn Technologies, Inc.",NASDAQ,NASDAQ,NASDAQ
EYE,EYE,"National Vision Holdings, Inc.",NASDAQ,NASDAQ,NASDAQ
EYPT,EYPT,"EyePoint, Inc.",NASDAQ,NASDAQ,NASDAQ
EZGO,EZGO,EZGO Technologies Ltd.,NASDAQ,NASDAQ,NASDAQ
EZPW,EZPW,"EZCORP, Inc.",NASDAQ,NASDAQ,NASDAQ
EZRA,EZRA,"Reliance Global Group, Inc.",NASDAQ,NASDAQ,NASDAQ
FA,FA,First Advantage Corporation,NASDAQ,NASDAQ,NASDAQ
FABC,FABC,"Fabric.AI, Inc.",NASDAQ,NASDAQ,NASDAQ
FAC,FAC,Factorial Energy Inc.,NASDAQ,NASDAQ,NASDAQ
FACT,FACT,FACT II Acquisition Corp.,NASDAQ,NASDAQ,NASDAQ
FAMI,FAMI,"Farmmi, Inc.",NASDAQ,NASDAQ,NASDAQ
FANG,FANG,"Diamondback Energy, Inc.",NASDAQ,NASDAQ,NASDAQ
FAST,FAST,Fastenal Company,NASDAQ,NASDAQ,NASDAQ
FATE,FATE,"Fate Therapeutics, Inc.",NASDAQ,NASDAQ,NASDAQ
FATN,FATN,"FatPipe, Inc.",NASDAQ,NASDAQ,NASDAQ
FBGL,FBGL,FBS Global Limited,NASDAQ,NASDAQ,NASDAQ
FBIO,FBIO,"Fortress Biotech, Inc.",NASDAQ,NASDAQ,NASDAQ
FBIOP,FBIOP,"Fortress Biotech, Inc.",NASDAQ,NASDAQ,NASDAQ
FBIZ,FBIZ,"First Business Financial Services, Inc.",NASDAQ,NASDAQ,NASDAQ
FBLA,FBLA,"FB Bancorp, Inc.",NASDAQ,NASDAQ,NASDAQ
FBLG,FBLG,"FibroBiologics, Inc.",NASDAQ,NASDAQ,NASDAQ
FBNC,FBNC,First Bancorp,NASDAQ,NASDAQ,NASDAQ
FBRX,FBRX,"Forte Biosciences, Inc.",NASDAQ,NASDAQ,NASDAQ
FBYD,FBYD,"Falcon's Beyond Global, Inc.",NASDAQ,NASDAQ,NASDAQ
FBYDP,FBYDP,"Falcon's Beyond Global, Inc.",NASDAQ,NASDAQ,NASDAQ
FCAP,FCAP,"First Capital, Inc.",NASDAQ,NASDAQ,NASDAQ
FCBC,FCBC,"First Community Bankshares, Inc.",NASDAQ,NASDAQ,NASDAQ
FCCO,FCCO,First Community Corporation,NASDAQ,NASDAQ,NASDAQ
FCEL,FCEL,"FuelCell Energy, Inc.",NASDAQ,NASDAQ,NASDAQ
FCFS,FCFS,"FirstCash Holdings, Inc.",NASDAQ,NASDAQ,NASDAQ
FCHL,FCHL,Fitness Champs Holdings Limited,NASDAQ,NASDAQ,NASDAQ
FCNCA,FCNCA,"First Citizens BancShares, Inc.",NASDAQ,NASDAQ,NASDAQ
FCNCN,FCNCN,"First Citizens BancShares, Inc.",NASDAQ,NASDAQ,NASDAQ
FCNCO,FCNCO,"First Citizens BancShares, Inc.",NASDAQ,NASDAQ,NASDAQ
FCNCP,FCNCP,"First Citizens BancShares, Inc.",NASDAQ,NASDAQ,NASDAQ
FCUV,FCUV,Focus Universal Inc.,NASDAQ,NASDAQ,NASDAQ
FDBC,FDBC,"Fidelity D & D Bancorp, Inc.",NASDAQ,NASDAQ,NASDAQ
FDMM,FDMM,Freedom Metals Acquisition Corp.,NASDAQ,NASDAQ,NASDAQ
FDMT,FDMT,"4D Molecular Therapeutics, Inc.",NASDAQ,NASDAQ,NASDAQ
FDSB,FDSB,"Fifth District Bancorp, Inc.",NASDAQ,NASDAQ,NASDAQ
FDUS,FDUS,Fidus Investment Corporation,NASDAQ,NASDAQ,NASDAQ
FEAM,FEAM,"5E Advanced Materials, Inc.",NASDAQ,NASDAQ,NASDAQ
FEBO,FEBO,Fenbo Holdings Limited,NASDAQ,NASDAQ,NASDAQ
FEED,FEED,"ENvue Medical, Inc.",NASDAQ,NASDAQ,NASDAQ
FEIM,FEIM,"Frequency Electronics, Inc.",NASDAQ,NASDAQ,NASDAQ
FELE,FELE,"Franklin Electric Co., Inc.",NASDAQ,NASDAQ,NASDAQ
FEMY,FEMY,Femasys Inc.,NASDAQ,NASDAQ,NASDAQ
FENC,FENC,Fennec Pharmaceuticals Inc.,NASDAQ,NASDAQ,NASDAQ
FER,FER,Ferrovial N.V.,NASDAQ,NASDAQ,NASDAQ
FERA,FERA,Fifth Era Acquisition Corp I,NASDAQ,NASDAQ,NASDAQ
FFAI,FFAI,Faraday Future Intelligent Electric Inc.,NASDAQ,NASDAQ,NASDAQ
FFBC,FFBC,First Financial Bancorp.,NASDAQ,NASDAQ,NASDAQ
FFIN,FFIN,"First Financial Bankshares, Inc.",NASDAQ,NASDAQ,NASDAQ
FFIV,FFIV,"F5, Inc.",NASDAQ,NASDAQ,NASDAQ
FGBI,FGBI,"First Guaranty Bancshares, Inc.",NASDAQ,NASDAQ,NASDAQ
FGBIP,FGBIP,"First Guaranty Bancshares, Inc.",NASDAQ,NASDAQ,NASDAQ
FGI,FGI,FGI Industries Ltd.,NASDAQ,NASDAQ,NASDAQ
FGII,FGII,FG Imperii Acquisition Corp.,NASDAQ,NASDAQ,NASDAQ
FGL,FGL,Founder Group Limited,NASDAQ,NASDAQ,NASDAQ
FGNX,FGNX,FG Nexus Inc.,NASDAQ,NASDAQ,NASDAQ
FGNXP,FGNXP,FG Nexus Inc.,NASDAQ,NASDAQ,NASDAQ
FHB,FHB,"First Hawaiian, Inc.",NASDAQ,NASDAQ,NASDAQ
FHTX,FHTX,Foghorn Therapeutics Inc.,NASDAQ,NASDAQ,NASDAQ
FIBK,FIBK,"First Interstate BancSystem, Inc.",NASDAQ,NASDAQ,NASDAQ
FIEE,FIEE,"FiEE, Inc",NASDAQ,NASDAQ,NASDAQ
FIGR,FIGR,"Figure Technology Solutions, Inc.",NASDAQ,NASDAQ,NASDAQ
FIGX,FIGX,FIGX Capital Acquisition Corp.,NASDAQ,NASDAQ,NASDAQ
FINW,FINW,FinWise Bancorp,NASDAQ,NASDAQ,NASDAQ
FIP,FIP,FTAI Infrastructure Inc.,NASDAQ,NASDAQ,NASDAQ
FISI,FISI,"Financial Institutions, Inc.",NASDAQ,NASDAQ,NASDAQ
FISN,FISN,"Deep Fission, Inc.",NASDAQ,NASDAQ,NASDAQ
FISV,FISV,"Fiserv, Inc.",NASDAQ,NASDAQ,NASDAQ
FIVE,FIVE,"Five Below, Inc.",NASDAQ,NASDAQ,NASDAQ
FIVN,FIVN,"Five9, Inc.",NASDAQ,NASDAQ,NASDAQ
FIZZ,FIZZ,National Beverage Corp.,NASDAQ,NASDAQ,NASDAQ
FKWL,FKWL,Franklin Wireless Corp.,NASDAQ,NASDAQ,NASDAQ
FLD,FLD,"Fold Holdings, Inc.",NASDAQ,NASDAQ,NASDAQ
FLEX,FLEX,Flex Ltd.,NASDAQ,NASDAQ,NASDAQ
FLGT,FLGT,"Fulgent Genetics, Inc.",NASDAQ,NASDAQ,NASDAQ
FLL,FLL,"Full House Resorts, Inc.",NASDAQ,NASDAQ,NASDAQ
FLNA,FLNA,"Filana Therapeutics, Inc.",NASDAQ,NASDAQ,NASDAQ
FLNC,FLNC,"Fluence Energy, Inc.",NASDAQ,NASDAQ,NASDAQ
FLNT,FLNT,"Fluent, Inc.",NASDAQ,NASDAQ,NASDAQ
FLUX,FLUX,"Flux Power Holdings, Inc.",NASDAQ,NASDAQ,NASDAQ
FLWS,FLWS,"1-800-FLOWERS.COM, Inc.",NASDAQ,NASDAQ,NASDAQ
FLX,FLX,BingEx Limited,NASDAQ,NASDAQ,NASDAQ
FLXS,FLXS,"Flexsteel Industries, Inc.",NASDAQ,NASDAQ,NASDAQ
FLY,FLY,Firefly Aerospace Inc.,NASDAQ,NASDAQ,NASDAQ
FLYE,FLYE,"Fly-E Group, Inc.",NASDAQ,NASDAQ,NASDAQ
FLYW,FLYW,Flywire Corporation,NASDAQ,NASDAQ,NASDAQ
FLZH,FLZH,"Flash Sports & Media Holdings, Inc.",NASDAQ,NASDAQ,NASDAQ
FMAC,FMAC,Future Money Acquisition Corporation,NASDAQ,NASDAQ,NASDAQ
FMAO,FMAO,"Farmers & Merchants Bancorp, Inc.",NASDAQ,NASDAQ,NASDAQ
FMBH,FMBH,"First Mid Bancshares, Inc.",NASDAQ,NASDAQ,NASDAQ
FMFC,FMFC,Kandal M Venture Limited,NASDAQ,NASDAQ,NASDAQ
FMNB,FMNB,Farmers National Banc Corp.,NASDAQ,NASDAQ,NASDAQ
FMST,FMST,Foremost Clean Energy Ltd.,NASDAQ,NASDAQ,NASDAQ
FNGR,FNGR,"FingerMotion, Inc.",NASDAQ,NASDAQ,NASDAQ
FNKO,FNKO,"Funko, Inc.",NASDAQ,NASDAQ,NASDAQ
FNLC,FNLC,"First Bancorp, Inc (ME)",NASDAQ,NASDAQ,NASDAQ
FNRN,FNRN,First Northern Community Bancorp,NASDAQ,NASDAQ,NASDAQ
FNUC,FNUC,Frontier Nuclear and Minerals Inc.,NASDAQ,NASDAQ,NASDAQ
FNWB,FNWB,First Northwest Bancorp,NASDAQ,NASDAQ,NASDAQ
FNWD,FNWD,Finward Bancorp,NASDAQ,NASDAQ,NASDAQ
FOCL,FOCL,EDAP TMS S.A.,NASDAQ,NASDAQ,NASDAQ
FOFO,FOFO,"Hang Feng Technology Innovation Co., Ltd.",NASDAQ,NASDAQ,NASDAQ
FORM,FORM,"FormFactor, Inc.",NASDAQ,NASDAQ,NASDAQ
FORR,FORR,"Forrester Research, Inc.",NASDAQ,NASDAQ,NASDAQ
FORTY,FORTY,Formula Systems (1985) Ltd.,NASDAQ,NASDAQ,NASDAQ
FOSL,FOSL,"Fossil Group, Inc.",NASDAQ,NASDAQ,NASDAQ
FOX,FOX,Fox Corporation,NASDAQ,NASDAQ,NASDAQ
FOXA,FOXA,Fox Corporation,NASDAQ,NASDAQ,NASDAQ
FOXF,FOXF,Fox Factory Holding Corp.,NASDAQ,NASDAQ,NASDAQ
FOXX,FOXX,Foxx Development Holdings Inc.,NASDAQ,NASDAQ,NASDAQ
FRAF,FRAF,Franklin Financial Services Corporation,NASDAQ,NASDAQ,NASDAQ
FRBA,FRBA,First Bank,NASDAQ,NASDAQ,NASDAQ
FRD,FRD,Friedman Industries Inc.,NASDAQ,NASDAQ,NASDAQ
FRGT,FRGT,"Freight Technologies, Inc.",NASDAQ,NASDAQ,NASDAQ
FRHC,FRHC,Freedom Holding Corp.,NASDAQ,NASDAQ,NASDAQ
FRME,FRME,First Merchants Corporation,NASDAQ,NASDAQ,NASDAQ
FRMEP,FRMEP,First Merchants Corporation,NASDAQ,NASDAQ,NASDAQ
FRMI,FRMI,Fermi Inc.,NASDAQ,NASDAQ,NASDAQ
FRMM,FRMM,"Forum Markets, Incorporated",NASDAQ,NASDAQ,NASDAQ
FRNM,FRNM,"Freenome, Inc.",NASDAQ,NASDAQ,NASDAQ
FROG,FROG,JFrog Ltd.,NASDAQ,NASDAQ,NASDAQ
FRPH,FRPH,"FRP Holdings, Inc.",NASDAQ,NASDAQ,NASDAQ
FRPT,FRPT,"Freshpet, Inc.",NASDAQ,NASDAQ,NASDAQ
FRSH,FRSH,Freshworks Inc.,NASDAQ,NASDAQ,NASDAQ
FRST,FRST,Primis Financial Corp.,NASDAQ,NASDAQ,NASDAQ
FRSX,FRSX,Foresight Autonomous Holdings Ltd.,NASDAQ,NASDAQ,NASDAQ
FRTT,FRTT,Fort Technology Inc.,NASDAQ,NASDAQ,NASDAQ
FRVO,FRVO,Fervo Energy Company,NASDAQ,NASDAQ,NASDAQ
FSBC,FSBC,Five Star Bancorp,NASDAQ,NASDAQ,NASDAQ
FSBW,FSBW,"FS Bancorp, Inc.",NASDAQ,NASDAQ,NASDAQ
FSEA,FSEA,"First Seacoast Bancorp, Inc.",NASDAQ,NASDAQ,NASDAQ
FSHP,FSHP,Flag Ship Acquisition Corp.,NASDAQ,NASDAQ,NASDAQ
FSLR,FSLR,"First Solar, Inc.",NASDAQ,NASDAQ,NASDAQ
FSLY,FSLY,"Fastly, Inc.",NASDAQ,NASDAQ,NASDAQ
FSTR,FSTR,L.B. Foster Company,NASDAQ,NASDAQ,NASDAQ
FSUN,FSUN,FirstSun Capital Bancorp,NASDAQ,NASDAQ,NASDAQ
FSV,FSV,FirstService Corporation,NASDAQ,NASDAQ,NASDAQ
FTAI,FTAI,FTAI Aviation Ltd.,NASDAQ,NASDAQ,NASDAQ
FTCI,FTCI,"FTC Solar, Inc.",NASDAQ,NASDAQ,NASDAQ
FTDR,FTDR,"Frontdoor, Inc.",NASDAQ,NASDAQ,NASDAQ
FTEK,FTEK,"Fuel Tech, Inc.",NASDAQ,NASDAQ,NASDAQ
FTFT,FTFT,Future FinTech Group Inc.,NASDAQ,NASDAQ,NASDAQ
FTH,FTH,"Faeth Therapeutics, Inc.",NASDAQ,NASDAQ,NASDAQ
FTHA,FTHA,Forefront Tech Holdings Acquisition Corp,NASDAQ,NASDAQ,NASDAQ
FTHM,FTHM,Fathom Holdings Inc.,NASDAQ,NASDAQ,NASDAQ
FTLF,FTLF,"FitLife Brands, Inc.",NASDAQ,NASDAQ,NASDAQ
FTNT,FTNT,"Fortinet, Inc.",NASDAQ,NASDAQ,NASDAQ
FTRE,FTRE,Fortrea Holdings Inc.,NASDAQ,NASDAQ,NASDAQ
FTRK,FTRK,FAST TRACK GROUP,NASDAQ,NASDAQ,NASDAQ
FUFU,FUFU,BitFuFu Inc.,NASDAQ,NASDAQ,NASDAQ
FULC,FULC,"Fulcrum Therapeutics, Inc.",NASDAQ,NASDAQ,NASDAQ
FULT,FULT,Fulton Financial Corporation,NASDAQ,NASDAQ,NASDAQ
FULTP,FULTP,Fulton Financial Corporation,NASDAQ,NASDAQ,NASDAQ
FUNC,FUNC,First United Corporation,NASDAQ,NASDAQ,NASDAQ
FUND,FUND,"Sprott Focus Trust, Inc.",NASDAQ,NASDAQ,NASDAQ
FUSB,FUSB,"First US Bancshares, Inc.",NASDAQ,NASDAQ,NASDAQ
FUSE,FUSE,Fusemachines Inc.,NASDAQ,NASDAQ,NASDAQ
FUTU,FUTU,Futu Holdings Limited,NASDAQ,NASDAQ,NASDAQ
FVAV,FVAV,Fortress Value Acquisition Corp. V,NASDAQ,NASDAQ,NASDAQ
FVCB,FVCB,"FVCBankcorp, Inc.",NASDAQ,NASDAQ,NASDAQ
FVN,FVN,Future Vision II Acquisition Corporation,NASDAQ,NASDAQ,NASDAQ
FWAC,FWAC,Futurewave Acquisition Corporation,NASDAQ,NASDAQ,NASDAQ
FWDI,FWDI,"Forward Industries, Inc.",NASDAQ,NASDAQ,NASDAQ
FWONA,FWONA,Liberty Media Corporation,NASDAQ,NASDAQ,NASDAQ
FWONK,FWONK,Liberty Media Corporation,NASDAQ,NASDAQ,NASDAQ
FWRD,FWRD,Forward Air Corporation,NASDAQ,NASDAQ,NASDAQ
FWRG,FWRG,"First Watch Restaurant Group, Inc.",NASDAQ,NASDAQ,NASDAQ
FXAC,FXAC,FortuneX Acquisition Corporation,NASDAQ,NASDAQ,NASDAQ
FXHO,FXHO,UTime Limited,NASDAQ,NASDAQ,NASDAQ
FXNC,FXNC,First National Corporation,NASDAQ,NASDAQ,NASDAQ
GABC,GABC,"German American Bancorp, Inc.",NASDAQ,NASDAQ,NASDAQ
GAIA,GAIA,"Gaia, Inc.",NASDAQ,NASDAQ,NASDAQ
GAIN,GAIN,Gladstone Investment Corporation,NASDAQ,NASDAQ,NASDAQ
GAING,GAING,Gladstone Investment Corporation,NASDAQ,NASDAQ,NASDAQ
GAINI,GAINI,Gladstone Investment Corporation,NASDAQ,NASDAQ,NASDAQ
GAINZ,GAINZ,Gladstone Investment Corporation,NASDAQ,NASDAQ,NASDAQ
GALT,GALT,Galectin Therapeutics Inc.,NASDAQ,NASDAQ,NASDAQ
GAME,GAME,"GameSquare Holdings, Inc.",NASDAQ,NASDAQ,NASDAQ
GANX,GANX,"Gain Therapeutics, Inc.",NASDAQ,NASDAQ,NASDAQ
GASS,GASS,"StealthGas, Inc.",NASDAQ,NASDAQ,NASDAQ
GAUZ,GAUZ,Gauzy Ltd.,NASDAQ,NASDAQ,NASDAQ
GBDC,GBDC,"Golub Capital BDC, Inc.",NASDAQ,NASDAQ,NASDAQ
GBFH,GBFH,GBank Financial Holdings Inc.,NASDAQ,NASDAQ,NASDAQ
GBLI,GBLI,"Global Indemnity Group, LLC",NASDAQ,NASDAQ,NASDAQ
GCBC,GCBC,"Greene County Bancorp, Inc.",NASDAQ,NASDAQ,NASDAQ
GCGR,GCGR,General Catalyst Global Resilience Merger Corp.,NASDAQ,NASDAQ,NASDAQ
GCL,GCL,GCL Global Holdings Ltd,NASDAQ,NASDAQ,NASDAQ
GCMG,GCMG,GCM Grosvenor Inc.,NASDAQ,NASDAQ,NASDAQ
GCT,GCT,GigaCloud Technology Inc,NASDAQ,NASDAQ,NASDAQ
GCTK,GCTK,"GlucoTrack, Inc.",NASDAQ,NASDAQ,NASDAQ
GDC,GDC,GD Culture Group Limited,NASDAQ,NASDAQ,NASDAQ
GDEV,GDEV,GDEV Inc.,NASDAQ,NASDAQ,NASDAQ
GDHG,GDHG,Golden Heaven Group Holdings Ltd.,NASDAQ,NASDAQ,NASDAQ
GDRX,GDRX,"GoodRx Holdings, Inc.",NASDAQ,NASDAQ,NASDAQ
GDS,GDS,GDS Holdings Limited,NASDAQ,NASDAQ,NASDAQ
GDTC,GDTC,CytoMed Therapeutics Limited,NASDAQ,NASDAQ,NASDAQ
GDYN,GDYN,"Grid Dynamics Holdings, Inc.",NASDAQ,NASDAQ,NASDAQ
GECC,GECC,Great Elm Capital Corp.,NASDAQ,NASDAQ,NASDAQ
GECCG,GECCG,Great Elm Capital Corp.,NASDAQ,NASDAQ,NASDAQ
GECCH,GECCH,Great Elm Capital Corp.,NASDAQ,NASDAQ,NASDAQ
GECCI,GECCI,Great Elm Capital Corp.,NASDAQ,NASDAQ,NASDAQ
GEG,GEG,"Great Elm Group, Inc.",NASDAQ,NASDAQ,NASDAQ
GEGGL,GEGGL,"Great Elm Group, Inc.",NASDAQ,NASDAQ,NASDAQ
GEHC,GEHC,GE HealthCare Technologies Inc.,NASDAQ,NASDAQ,NASDAQ
GELS,GELS,Gelteq Limited,NASDAQ,NASDAQ,NASDAQ
GEMI,GEMI,"Gemini Space Station, Inc.",NASDAQ,NASDAQ,NASDAQ
GEN,GEN,Gen Digital Inc.,NASDAQ,NASDAQ,NASDAQ
GENB,GENB,"Generate Biomedicines, Inc.",NASDAQ,NASDAQ,NASDAQ
GENK,GENK,"GEN Restaurant Group, Inc.",NASDAQ,NASDAQ,NASDAQ
GEOS,GEOS,Geospace Technologies Corporation,NASDAQ,NASDAQ,NASDAQ
GERN,GERN,Geron Corporation,NASDAQ,NASDAQ,NASDAQ
GEVO,GEVO,"Gevo, Inc.",NASDAQ,NASDAQ,NASDAQ
GFAI,GFAI,"Guardforce AI Co., Limited",NASDAQ,NASDAQ,NASDAQ
GFS,GFS,GlobalFoundries Inc.,NASDAQ,NASDAQ,NASDAQ
GFUZ,GFUZ,General Fusion Group Ltd.,NASDAQ,NASDAQ,NASDAQ
GGAL,GGAL,Grupo Financiero Galicia S.A.,NASDAQ,NASDAQ,NASDAQ
GGR,GGR,Gogoro Inc.,NASDAQ,NASDAQ,NASDAQ
GGRP,GGRP,"The Glimpse Group, Inc.",NASDAQ,NASDAQ,NASDAQ
GH,GH,"Guardant Health, Inc.",NASDAQ,NASDAQ,NASDAQ
GHRS,GHRS,GH Research PLC,NASDAQ,NASDAQ,NASDAQ
GIBO,GIBO,GIBO Holdings Limited,NASDAQ,NASDAQ,NASDAQ
GIFT,GIFT,"Giftify, Inc.",NASDAQ,NASDAQ,NASDAQ
GIGM,GIGM,GigaMedia Limited,NASDAQ,NASDAQ,NASDAQ
GIII,GIII,"G-III Apparel Group, LTD.",NASDAQ,NASDAQ,NASDAQ
GILD,GILD,"Gilead Sciences, Inc.",NASDAQ,NASDAQ,NASDAQ
GILT,GILT,Gilat Satellite Networks Ltd.,NASDAQ,NASDAQ,NASDAQ
GIPR,GIPR,Generation Income Properties Inc.,NASDAQ,NASDAQ,NASDAQ
GITS,GITS,"Global Interactive Technologies, Inc.",NASDAQ,NASDAQ,NASDAQ
GIW,GIW,GigCapital8 Corp.,NASDAQ,NASDAQ,NASDAQ
GIX,GIX,GigCapital9 Corp.,NASDAQ,NASDAQ,NASDAQ
GLAD,GLAD,Gladstone Capital Corporation,NASDAQ,NASDAQ,NASDAQ
GLBE,GLBE,Global-E Online Ltd.,NASDAQ,NASDAQ,NASDAQ
GLBS,GLBS,Globus Maritime Limited,NASDAQ,NASDAQ,NASDAQ
GLE,GLE,Global Engine Group Holding Limited,NASDAQ,NASDAQ,NASDAQ
GLIBA,GLIBA,Liberty Capital Corporation,NASDAQ,NASDAQ,NASDAQ
GLIBK,GLIBK,Liberty Capital Corporation,NASDAQ,NASDAQ,NASDAQ
GLMD,GLMD,Galmed Pharmaceuticals Ltd.,NASDAQ,NASDAQ,NASDAQ
GLND,GLND,Greenland Energy Company,NASDAQ,NASDAQ,NASDAQ
GLNG,GLNG,Golar LNG Limited,NASDAQ,NASDAQ,NASDAQ
GLOO,GLOO,"Gloo Holdings, Inc.",NASDAQ,NASDAQ,NASDAQ
GLPI,GLPI,"Gaming and Leisure Properties, Inc.",NASDAQ,NASDAQ,NASDAQ
GLRE,GLRE,"Greenlight Reinsurance, Ltd.",NASDAQ,NASDAQ,NASDAQ
GLSI,GLSI,"Greenwich LifeSciences, Inc.",NASDAQ,NASDAQ,NASDAQ
GLUE,GLUE,"Monte Rosa Therapeutics, Inc.",NASDAQ,NASDAQ,NASDAQ
GLXG,GLXG,Galaxy Payroll Group Limited,NASDAQ,NASDAQ,NASDAQ
GLXY,GLXY,Galaxy Digital Inc.,NASDAQ,NASDAQ,NASDAQ
GMAB,GMAB,Genmab A/S,NASDAQ,NASDAQ,NASDAQ
GMEX,GMEX,GMEX ROBOTICS CORPORATION,NASDAQ,NASDAQ,NASDAQ
GMHS,GMHS,Gamehaus Holdings Inc.,NASDAQ,NASDAQ,NASDAQ
GMM,GMM,Global Mofy AI Limited,NASDAQ,NASDAQ,NASDAQ
GNLN,GNLN,"Greenlane Holdings, Inc.",NASDAQ,NASDAQ,NASDAQ
GNLX,GNLX,Genelux Corporation,NASDAQ,NASDAQ,NASDAQ
GNPX,GNPX,"Genprex, Inc.",NASDAQ,NASDAQ,NASDAQ
GNSS,GNSS,Genasys Inc.,NASDAQ,NASDAQ,NASDAQ
GNTA,GNTA,Genenta Science S.p.A.,NASDAQ,NASDAQ,NASDAQ
GNTX,GNTX,Gentex Corporation,NASDAQ,NASDAQ,NASDAQ
GO,GO,Grocery Outlet Holding Corp.,NASDAQ,NASDAQ,NASDAQ
GOAI,GOAI,Eva Live Inc.,NASDAQ,NASDAQ,NASDAQ
GOGO,GOGO,Gogo Inc.,NASDAQ,NASDAQ,NASDAQ
GOOD,GOOD,Gladstone Commercial Corporation,NASDAQ,NASDAQ,NASDAQ
GOODN,GOODN,Gladstone Commercial Corporation,NASDAQ,NASDAQ,NASDAQ
GOODO,GOODO,Gladstone Commercial Corporation,NASDAQ,NASDAQ,NASDAQ
GOOG,GOOG,Alphabet Inc.,NASDAQ,NASDAQ,NASDAQ
GOOGL,GOOGL,Alphabet Inc.,NASDAQ,NASDAQ,NASDAQ
GOOGM,GOOGM,Alphabet Inc.,NASDAQ,NASDAQ,NASDAQ
GOOGN,GOOGN,Alphabet Inc.,NASDAQ,NASDAQ,NASDAQ
GOSS,GOSS,"Gossamer Bio, Inc.",NASDAQ,NASDAQ,NASDAQ
GOVX,GOVX,"GeoVax Labs, Inc.",NASDAQ,NASDAQ,NASDAQ
GP,GP,GreenPower Motor Company Inc.,NASDAQ,NASDAQ,NASDAQ
GPAC,GPAC,General Purpose Acquisition Corp.,NASDAQ,NASDAQ,NASDAQ
GPAT,GPAT,GP-Act III Acquisition Corp.,NASDAQ,NASDAQ,NASDAQ
GPCR,GPCR,Structure Therapeutics Inc.,NASDAQ,NASDAQ,NASDAQ
GPRE,GPRE,"Green Plains, Inc.",NASDAQ,NASDAQ,NASDAQ
GPRO,GPRO,"GoPro, Inc.",NASDAQ,NASDAQ,NASDAQ
GRAB,GRAB,Grab Holdings Limited,NASDAQ,NASDAQ,NASDAQ
GRAL,GRAL,"GRAIL, Inc.",NASDAQ,NASDAQ,NASDAQ
GRAN,GRAN,Grande Group Limited,NASDAQ,NASDAQ,NASDAQ
GRCE,GRCE,"Grace Therapeutics, Inc.",NASDAQ,NASDAQ,NASDAQ
GRDX,GRDX,GridAI Technologies Corp.,NASDAQ,NASDAQ,NASDAQ
GREEL,GREEL,Vulcan Infrastructure and Power Inc.,NASDAQ,NASDAQ,NASDAQ
GRFS,GRFS,"Grifols, S.A.",NASDAQ,NASDAQ,NASDAQ
GRI,GRI,"GRI Bio, Inc.",NASDAQ,NASDAQ,NASDAQ
GRML,GRML,Greenland Mines Ltd,NASDAQ,NASDAQ,NASDAQ
GRNQ,GRNQ,Greenpro Capital Corp.,NASDAQ,NASDAQ,NASDAQ
GROW,GROW,"U.S. Global Investors, Inc.",NASDAQ,NASDAQ,NASDAQ
GRPN,GRPN,"Groupon, Inc.",NASDAQ,NASDAQ,NASDAQ
GRRR,GRRR,Gorilla Technology Group Inc.,NASDAQ,NASDAQ,NASDAQ
GRSD,GRSD,Grandstand Limited,NASDAQ,NASDAQ,NASDAQ
GRVY,GRVY,"GRAVITY Co., Ltd.",NASDAQ,NASDAQ,NASDAQ
GRWG,GRWG,GrowGeneration Corp.,NASDAQ,NASDAQ,NASDAQ
GSAT,GSAT,"Globalstar, Inc.",NASDAQ,NASDAQ,NASDAQ
GSBC,GSBC,"Great Southern Bancorp, Inc.",NASDAQ,NASDAQ,NASDAQ
GSHD,GSHD,"Goosehead Insurance, Inc.",NASDAQ,NASDAQ,NASDAQ
GSHR,GSHR,Gesher Acquisition Corp. II,NASDAQ,NASDAQ,NASDAQ
GSIT,GSIT,"GSI Technology, Inc.",NASDAQ,NASDAQ,NASDAQ
GSIW,GSIW,Garden Stage Limited,NASDAQ,NASDAQ,NASDAQ
GSM,GSM,Ferroglobe PLC,NASDAQ,NASDAQ,NASDAQ
GSRF,GSRF,GSR IV Acquisition Corp.,NASDAQ,NASDAQ,NASDAQ
GSRV,GSRV,GSR V Acquisition Corp.,NASDAQ,NASDAQ,NASDAQ
GSUN,GSUN,Golden Sun Technology Group Limited,NASDAQ,NASDAQ,NASDAQ
GT,GT,The Goodyear Tire & Rubber Company,NASDAQ,NASDAQ,NASDAQ
GTBP,GTBP,"GT Biopharma, Inc.",NASDAQ,NASDAQ,NASDAQ
GTEC,GTEC,Greenland Technologies Holding Corporation,NASDAQ,NASDAQ,NASDAQ
GTEN,GTEN,"Gores Holdings X, Inc.",NASDAQ,NASDAQ,NASDAQ
GTERA,GTERA,Globa Terra Acquisition Corporation,NASDAQ,NASDAQ,NASDAQ
GTIM,GTIM,Good Times Restaurants Inc.,NASDAQ,NASDAQ,NASDAQ
GTLB,GTLB,GitLab Inc.,NASDAQ,NASDAQ,NASDAQ
GTM,GTM,ZoomInfo Technologies Inc.,NASDAQ,NASDAQ,NASDAQ
GTX,GTX,Garrett Motion Inc.,NASDAQ,NASDAQ,NASDAQ
GUAC,GUAC,Berto Acquisition Corp. II,NASDAQ,NASDAQ,NASDAQ
GURE,GURE,"Gulf Resources, Inc.",NASDAQ,NASDAQ,NASDAQ
GUTS,GUTS,"Fractyl Health, Inc.",NASDAQ,NASDAQ,NASDAQ
GVH,GVH,Globavend Holdings Limited,NASDAQ,NASDAQ,NASDAQ
GWAV,GWAV,"Greenwave Technology Solutions, Inc.",NASDAQ,NASDAQ,NASDAQ
GWRS,GWRS,"Global Water Resources, Inc.",NASDAQ,NASDAQ,NASDAQ
GXAI,GXAI,Gaxos.ai Inc.,NASDAQ,NASDAQ,NASDAQ
GYGY,GYGY,"Game Your Game, Inc.",NASDAQ,NASDAQ,NASDAQ
GYRE,GYRE,"Gyre Therapeutics, Inc.",NASDAQ,NASDAQ,NASDAQ
GYRO,GYRO,"Gyrodyne , LLC",NASDAQ,NASDAQ,NASDAQ
HACQ,HACQ,HCM IV Acquisition Corp.,NASDAQ,NASDAQ,NASDAQ
HAFC,HAFC,Hanmi Financial Corporation,NASDAQ,NASDAQ,NASDAQ
HAIN,HAIN,"The Hain Celestial Group, Inc.",NASDAQ,NASDAQ,NASDAQ
HALO,HALO,"Halozyme Therapeutics, Inc.",NASDAQ,NASDAQ,NASDAQ
HAO,HAO,Haoxi Health Technology Limited,NASDAQ,NASDAQ,NASDAQ
HAPN,HAPN,"Happen, Inc.",NASDAQ,NASDAQ,NASDAQ
HAS,HAS,"Hasbro, Inc.",NASDAQ,NASDAQ,NASDAQ
HAVA,HAVA,Harvard Ave Acquisition Corporation,NASDAQ,NASDAQ,NASDAQ
HBAN,HBAN,Huntington Bancshares Incorporated,NASDAQ,NASDAQ,NASDAQ
HBANL,HBANL,Huntington Bancshares Incorporated,NASDAQ,NASDAQ,NASDAQ
HBANM,HBANM,Huntington Bancshares Incorporated,NASDAQ,NASDAQ,NASDAQ
HBANP,HBANP,Huntington Bancshares Incorporated,NASDAQ,NASDAQ,NASDAQ
HBANZ,HBANZ,Huntington Bancshares Incorporated,NASDAQ,NASDAQ,NASDAQ
HBCP,HBCP,"Home Bancorp, Inc.",NASDAQ,NASDAQ,NASDAQ
HBIO,HBIO,"Harvard Bioscience, Inc.",NASDAQ,NASDAQ,NASDAQ
HBNB,HBNB,Hotel101 Global Holdings Corp.,NASDAQ,NASDAQ,NASDAQ
HBNC,HBNC,"Horizon Bancorp, Inc.",NASDAQ,NASDAQ,NASDAQ
HBT,HBT,"HBT Financial, Inc.",NASDAQ,NASDAQ,NASDAQ
HCAC,HCAC,Hall Chadwick Acquisition Corp.,NASDAQ,NASDAQ,NASDAQ
HCAI,HCAI,Huachen AI Parking Management Technology Holding,NASDAQ,NASDAQ,NASDAQ
HCAT,HCAT,"Health Catalyst, Inc",NASDAQ,NASDAQ,NASDAQ
HCHL,HCHL,Happy City Holdings Limited,NASDAQ,NASDAQ,NASDAQ
HCIC,HCIC,Hennessy Capital Investment Corp. VIII,NASDAQ,NASDAQ,NASDAQ
HCKT,HCKT,"The Hackett Group, Inc.",NASDAQ,NASDAQ,NASDAQ
HCM,HCM,HUTCHMED (China) Limited,NASDAQ,NASDAQ,NASDAQ
HCMA,HCMA,HCM III Acquisition Corp.,NASDAQ,NASDAQ,NASDAQ
HCSG,HCSG,"Healthcare Services Group, Inc.",NASDAQ,NASDAQ,NASDAQ
HCTI,HCTI,"Healthcare Triangle, Inc.",NASDAQ,NASDAQ,NASDAQ
HCWB,HCWB,HCW Biologics Inc.,NASDAQ,NASDAQ,NASDAQ
HDL,HDL,SUPER HI INTERNATIONAL HOLDING LTD.,NASDAQ,NASDAQ,NASDAQ
HDRN,HDRN,"Hadron Energy, Inc.",NASDAQ,NASDAQ,NASDAQ
HDSN,HDSN,"Hudson Technologies, Inc.",NASDAQ,NASDAQ,NASDAQ
HELE,HELE,Helen of Troy Limited,NASDAQ,NASDAQ,NASDAQ
HELP,HELP,Cybin Inc.,NASDAQ,NASDAQ,NASDAQ
HEPS,HEPS,D-Market Electronic Services & Trading,NASDAQ,NASDAQ,NASDAQ
HERE,HERE,Here Group Limited,NASDAQ,NASDAQ,NASDAQ
HERZ,HERZ,"Herzfeld Credit Income Fund, Inc.",NASDAQ,NASDAQ,NASDAQ
HFBL,HFBL,"Home Federal Bancorp, Inc. of Louisiana",NASDAQ,NASDAQ,NASDAQ
HFFG,HFFG,HF Foods Group Inc.,NASDAQ,NASDAQ,NASDAQ
HFWA,HFWA,Heritage Financial Corporation,NASDAQ,NASDAQ,NASDAQ
HGBL,HGBL,Heritage Global Inc.,NASDAQ,NASDAQ,NASDAQ
HHS,HHS,"Harte Hanks, Inc.",NASDAQ,NASDAQ,NASDAQ
HIFS,HIFS,Hingham Institution for Savings,NASDAQ,NASDAQ,NASDAQ
HIHO,HIHO,Highway Holdings Limited,NASDAQ,NASDAQ,NASDAQ
HIMX,HIMX,"Himax Technologies, Inc.",NASDAQ,NASDAQ,NASDAQ
HIND,HIND,"Vyome Holdings, Inc.",NASDAQ,NASDAQ,NASDAQ
HIT,HIT,"Health In Tech, Inc.",NASDAQ,NASDAQ,NASDAQ
HITI,HITI,High Tide Inc.,NASDAQ,NASDAQ,NASDAQ
HIVE,HIVE,HIVE Digital Technologies Ltd,NASDAQ,NASDAQ,NASDAQ
HKIT,HKIT,Hitek Global Inc.,NASDAQ,NASDAQ,NASDAQ
HKPD,HKPD,"Cellyan Biotechnology Co., Ltd",NASDAQ,NASDAQ,NASDAQ
HLIT,HLIT,Harmonic Inc.,NASDAQ,NASDAQ,NASDAQ
HLMN,HLMN,Hillman Solutions Corp.,NASDAQ,NASDAQ,NASDAQ
HLNE,HLNE,Hamilton Lane Incorporated,NASDAQ,NASDAQ,NASDAQ
HLP,HLP,Hongli Group Inc.,NASDAQ,NASDAQ,NASDAQ
HLXC,HLXC,Helix Acquisition Corp. III,NASDAQ,NASDAQ,NASDAQ
HMH,HMH,HMH Holding Inc.,NASDAQ,NASDAQ,NASDAQ
HMR,HMR,Heidmar Maritime Holdings Corp.,NASDAQ,NASDAQ,NASDAQ
HNNA,HNNA,"Hennessy Advisors, Inc.",NASDAQ,NASDAQ,NASDAQ
HNRG,HNRG,Hallador Energy Company,NASDAQ,NASDAQ,NASDAQ
HNST,HNST,"The Honest Company, Inc.",NASDAQ,NASDAQ,NASDAQ
HNVR,HNVR,"Hanover Bancorp, Inc.",NASDAQ,NASDAQ,NASDAQ
HODO,HODO,House of Doge Inc.,NASDAQ,NASDAQ,NASDAQ
HOFT,HOFT,Hooker Furnishings Corporation,NASDAQ,NASDAQ,NASDAQ
HOLO,HOLO,MicroCloud Hologram Inc.,NASDAQ,NASDAQ,NASDAQ
HON,HON,Honeywell International Inc.,NASDAQ,NASDAQ,NASDAQ
HONA,HONA,Honeywell Aerospace Inc.,NASDAQ,NASDAQ,NASDAQ
HOOD,HOOD,"Robinhood Markets, Inc.",NASDAQ,NASDAQ,NASDAQ
HOPE,HOPE,"Hope Bancorp, Inc.",NASDAQ,NASDAQ,NASDAQ
HOUR,HOUR,"Hour Loop, Inc.",NASDAQ,NASDAQ,NASDAQ
HOVNP,HOVNP,Hovnanian Enterprises Inc,NASDAQ,NASDAQ,NASDAQ
HOVR,HOVR,New Horizon Aircraft Ltd.,NASDAQ,NASDAQ,NASDAQ
HOWL,HOWL,"Werewolf Therapeutics, Inc.",NASDAQ,NASDAQ,NASDAQ
HPAI,HPAI,Helport AI Limited,NASDAQ,NASDAQ,NASDAQ
HPK,HPK,"HighPeak Energy, Inc.",NASDAQ,NASDAQ,NASDAQ
HQ,HQ,Horizon Quantum Holdings Ltd.,NASDAQ,NASDAQ,NASDAQ
HQI,HQI,"HireQuest, Inc.",NASDAQ,NASDAQ,NASDAQ
HQY,HQY,"HealthEquity, Inc.",NASDAQ,NASDAQ,NASDAQ
HRMY,HRMY,"Harmony Biosciences Holdings, Inc.",NASDAQ,NASDAQ,NASDAQ
HROW,HROW,"Harrow, Inc.",NASDAQ,NASDAQ,NASDAQ
HRTX,HRTX,"Heron Therapeutics, Inc.",NASDAQ,NASDAQ,NASDAQ
HRZN,HRZN,Horizon Technology Finance Corporation,NASDAQ,NASDAQ,NASDAQ
HSAI,HSAI,Hesai Group,NASDAQ,NASDAQ,NASDAQ
HSCS,HSCS,HeartSciences Inc.,NASDAQ,NASDAQ,NASDAQ
HSDT,HSDT,Solana Company,NASDAQ,NASDAQ,NASDAQ
HSIC,HSIC,"Henry Schein, Inc.",NASDAQ,NASDAQ,NASDAQ
HST,HST,"Host Hotels & Resorts, Inc.",NASDAQ,NASDAQ,NASDAQ
HSTM,HSTM,"HealthStream, Inc.",NASDAQ,NASDAQ,NASDAQ
HTCO,HTCO,High-Trend International Group,NASDAQ,NASDAQ,NASDAQ
HTCR,HTCR,"Heartcore Enterprises, Inc.",NASDAQ,NASDAQ,NASDAQ
HTFL,HTFL,"Heartflow, Inc.",NASDAQ,NASDAQ,NASDAQ
HTHT,HTHT,H World Group Limited,NASDAQ,NASDAQ,NASDAQ
HTLD,HTLD,"Heartland Express, Inc.",NASDAQ,NASDAQ,NASDAQ
HTLM,HTLM,HomesToLife Ltd,NASDAQ,NASDAQ,NASDAQ
HTO,HTO,H2O America,NASDAQ,NASDAQ,NASDAQ
HTOO,HTOO,Fusion Fuel Green PLC,NASDAQ,NASDAQ,NASDAQ
HTZ,HTZ,"Hertz Global Holdings, Inc",NASDAQ,NASDAQ,NASDAQ
HUBC,HUBC,Hub Cyber Security Ltd.,NASDAQ,NASDAQ,NASDAQ
HUBG,HUBG,"Hub Group, Inc.",NASDAQ,NASDAQ,NASDAQ
HUDI,HUDI,"Huadi International Group Co., Ltd.",NASDAQ,NASDAQ,NASDAQ
HUHU,HUHU,HUHUTECH International Group Inc.,NASDAQ,NASDAQ,NASDAQ
HUIZ,HUIZ,Huize Holding Limited,NASDAQ,NASDAQ,NASDAQ
HUMA,HUMA,"Humacyte, Inc.",NASDAQ,NASDAQ,NASDAQ
HURA,HURA,"TuHURA Biosciences, Inc.",NASDAQ,NASDAQ,NASDAQ
HURC,HURC,"Hurco Companies, Inc.",NASDAQ,NASDAQ,NASDAQ
HURN,HURN,Huron Consulting Group Inc.,NASDAQ,NASDAQ,NASDAQ
HUT,HUT,Hut 8 Corp.,NASDAQ,NASDAQ,NASDAQ
HVII,HVII,Hennessy Capital Investment Corp. VII,NASDAQ,NASDAQ,NASDAQ
HVMC,HVMC,Highview Merger Corp.,NASDAQ,NASDAQ,NASDAQ
HWBK,HWBK,"Hawthorn Bancshares, Inc.",NASDAQ,NASDAQ,NASDAQ
HWC,HWC,Hancock Whitney Corporation,NASDAQ,NASDAQ,NASDAQ
HWCPZ,HWCPZ,Hancock Whitney Corporation,NASDAQ,NASDAQ,NASDAQ
HWH,HWH,HWH International Inc.,NASDAQ,NASDAQ,NASDAQ
HWKN,HWKN,"Hawkins, Inc.",NASDAQ,NASDAQ,NASDAQ
HXHX,HXHX,Haoxin Holdings Limited,NASDAQ,NASDAQ,NASDAQ
HYFM,HYFM,"Hydrofarm Holdings Group, Inc.",NASDAQ,NASDAQ,NASDAQ
HYFT,HYFT,MindWalk Holdings Corp.,NASDAQ,NASDAQ,NASDAQ
HYMC,HYMC,Hycroft Mining Holding Corporation,NASDAQ,NASDAQ,NASDAQ
HYNE,HYNE,"Hoyne Bancorp, Inc.",NASDAQ,NASDAQ,NASDAQ
HYPD,HYPD,"Hyperion DeFi, Inc.",NASDAQ,NASDAQ,NASDAQ
HYPR,HYPR,"Hyperfine, Inc.",NASDAQ,NASDAQ,NASDAQ
IACO,IACO,Idea Acquisition Corp.,NASDAQ,NASDAQ,NASDAQ
IACQ,IACQ,Irenic Acquisition Corp.,NASDAQ,NASDAQ,NASDAQ
IART,IART,Integra LifeSciences Holdings Corporation,NASDAQ,NASDAQ,NASDAQ
IBAC,IBAC,IB Acquisition Corp.,NASDAQ,NASDAQ,NASDAQ
IBCP,IBCP,Independent Bank Corporation,NASDAQ,NASDAQ,NASDAQ
IBEX,IBEX,IBEX Limited,NASDAQ,NASDAQ,NASDAQ
IBG,IBG,Innovation Beverage Group Limited,NASDAQ,NASDAQ,NASDAQ
IBIO,IBIO,"iBio, Inc.",NASDAQ,NASDAQ,NASDAQ
IBKR,IBKR,"Interactive Brokers Group, Inc.",NASDAQ,NASDAQ,NASDAQ
IBOC,IBOC,International Bancshares Corporation,NASDAQ,NASDAQ,NASDAQ
IBRX,IBRX,"ImmunityBio, Inc.",NASDAQ,NASDAQ,NASDAQ
ICCC,ICCC,ImmuCell Corporation,NASDAQ,NASDAQ,NASDAQ
ICCM,ICCM,IceCure Medical Ltd.,NASDAQ,NASDAQ,NASDAQ
ICFI,ICFI,"ICF International, Inc.",NASDAQ,NASDAQ,NASDAQ
ICG,ICG,Intchains Group Limited,NASDAQ,NASDAQ,NASDAQ
ICHR,ICHR,Ichor Holdings,NASDAQ,NASDAQ,NASDAQ
ICLR,ICLR,ICON plc,NASDAQ,NASDAQ,NASDAQ
ICMB,ICMB,"Investcorp Credit Management BDC, Inc.",NASDAQ,NASDAQ,NASDAQ
ICON,ICON,Icon Energy Corp.,NASDAQ,NASDAQ,NASDAQ
ICU,ICU,SeaStar Medical Holding Corporation,NASDAQ,NASDAQ,NASDAQ
ICUI,ICUI,"ICU Medical, Inc.",NASDAQ,NASDAQ,NASDAQ
IDAC,IDAC,Iron Dome Acquisition I Corp.,NASDAQ,NASDAQ,NASDAQ
IDAI,IDAI,T Stamp Inc.,NASDAQ,NASDAQ,NASDAQ
IDCC,IDCC,"InterDigital, Inc.",NASDAQ,NASDAQ,NASDAQ
IDN,IDN,"Intellicheck, Inc.",NASDAQ,NASDAQ,NASDAQ
IDXX,IDXX,"IDEXX Laboratories, Inc.",NASDAQ,NASDAQ,NASDAQ
IDYA,IDYA,"IDEAYA Biosciences, Inc.",NASDAQ,NASDAQ,NASDAQ
IEAG,IEAG,Infinite Eagle Acquisition Corp.,NASDAQ,NASDAQ,NASDAQ
IESC,IESC,"IES Holdings, Inc.",NASDAQ,NASDAQ,NASDAQ
IFBD,IFBD,"Infobird Co., Ltd",NASDAQ,NASDAQ,NASDAQ
IFRX,IFRX,InflaRx N.V.,NASDAQ,NASDAQ,NASDAQ
IGAC,IGAC,Invest Green Acquisition Corporation,NASDAQ,NASDAQ,NASDAQ
IGIC,IGIC,International General Insurance Holdings Ltd.,NASDAQ,NASDAQ,NASDAQ
IHRT,IHRT,"iHeartMedia, Inc.",NASDAQ,NASDAQ,NASDAQ
III,III,"Information Services Group, Inc.",NASDAQ,NASDAQ,NASDAQ
IIIV,IIIV,"i3 Verticals, Inc.",NASDAQ,NASDAQ,NASDAQ
IKT,IKT,"Inhibikase Therapeutics, Inc.",NASDAQ,NASDAQ,NASDAQ
ILAG,ILAG,Intelligent Living Application Group Inc.,NASDAQ,NASDAQ,NASDAQ
ILLR,ILLR,Triller Group Inc.,NASDAQ,NASDAQ,NASDAQ
ILLU,ILLU,Illumination Acquisition Corp I,NASDAQ,NASDAQ,NASDAQ
ILMN,ILMN,"Illumina, Inc.",NASDAQ,NASDAQ,NASDAQ
ILPT,ILPT,Industrial Logistics Properties Trust,NASDAQ,NASDAQ,NASDAQ
IMA,IMA,"ImageneBio, Inc.",NASDAQ,NASDAQ,NASDAQ
IMCC,IMCC,IM Cannabis Corp.,NASDAQ,NASDAQ,NASDAQ
IMCR,IMCR,Immunocore Holdings plc,NASDAQ,NASDAQ,NASDAQ
IMDX,IMDX,Insight Molecular Diagnostics Inc.,NASDAQ,NASDAQ,NASDAQ
IMKTA,IMKTA,"Ingles Markets, Incorporated",NASDAQ,NASDAQ,NASDAQ
IMMP,IMMP,Immutep Limited,NASDAQ,NASDAQ,NASDAQ
IMMR,IMMR,Immersion Corporation,NASDAQ,NASDAQ,NASDAQ
IMMX,IMMX,"Immix Biopharma, Inc.",NASDAQ,NASDAQ,NASDAQ
IMNM,IMNM,"Immunome, Inc.",NASDAQ,NASDAQ,NASDAQ
IMNN,IMNN,"Imunon, Inc.",NASDAQ,NASDAQ,NASDAQ
IMOS,IMOS,ChipMOS TECHNOLOGIES INC.,NASDAQ,NASDAQ,NASDAQ
IMPP,IMPP,Imperial Petroleum Inc.,NASDAQ,NASDAQ,NASDAQ
IMRN,IMRN,Immuron Limited,NASDAQ,NASDAQ,NASDAQ
IMRX,IMRX,Immuneering Corporation,NASDAQ,NASDAQ,NASDAQ
IMSR,IMSR,Terrestrial Energy Inc.,NASDAQ,NASDAQ,NASDAQ
IMTE,IMTE,Integrated Media Technology Limited,NASDAQ,NASDAQ,NASDAQ
IMTX,IMTX,Immatics N.V.,NASDAQ,NASDAQ,NASDAQ
IMUX,IMUX,"Immunic, Inc.",NASDAQ,NASDAQ,NASDAQ
IMVT,IMVT,"Immunovant, Inc.",NASDAQ,NASDAQ,NASDAQ
IMXI,IMXI,"International Money Express, Inc.",NASDAQ,NASDAQ,NASDAQ
INAB,INAB,"IN8bio, Inc.",NASDAQ,NASDAQ,NASDAQ
INAC,INAC,Indigo Acquisition Corp.,NASDAQ,NASDAQ,NASDAQ
INBK,INBK,First Internet Bancorp,NASDAQ,NASDAQ,NASDAQ
INBKZ,INBKZ,First Internet Bancorp,NASDAQ,NASDAQ,NASDAQ
INBS,INBS,Intelligent Bio Solutions Inc.,NASDAQ,NASDAQ,NASDAQ
INBX,INBX,"Inhibrx Biosciences, Inc.",NASDAQ,NASDAQ,NASDAQ
INCR,INCR,Intercure Ltd.,NASDAQ,NASDAQ,NASDAQ
INCY,INCY,Incyte Corporation,NASDAQ,NASDAQ,NASDAQ
INDB,INDB,Independent Bank Corp.,NASDAQ,NASDAQ,NASDAQ
INDI,INDI,"indie Semiconductor, Inc.",NASDAQ,NASDAQ,NASDAQ
INDP,INDP,"Indaptus Therapeutics, Inc.",NASDAQ,NASDAQ,NASDAQ
INDV,INDV,"Indivior Pharmaceuticals, Inc.",NASDAQ,NASDAQ,NASDAQ
INEO,INEO,INNEOVA Holdings Limited,NASDAQ,NASDAQ,NASDAQ
INGN,INGN,"Inogen, Inc",NASDAQ,NASDAQ,NASDAQ
INHD,INHD,Inno Holdings Inc.,NASDAQ,NASDAQ,NASDAQ
INIO,INIO,INNIO N.V.,NASDAQ,NASDAQ,NASDAQ
INKT,INKT,"MiNK Therapeutics, Inc.",NASDAQ,NASDAQ,NASDAQ
INLF,INLF,INLIF LIMITED,NASDAQ,NASDAQ,NASDAQ
INM,INM,InMed Pharmaceuticals Inc.,NASDAQ,NASDAQ,NASDAQ
INMB,INMB,INmune Bio Inc.,NASDAQ,NASDAQ,NASDAQ
INMD,INMD,InMode Ltd.,NASDAQ,NASDAQ,NASDAQ
INNV,INNV,InnovAge Holding Corp.,NASDAQ,NASDAQ,NASDAQ
INO,INO,"Inovio Pharmaceuticals, Inc.",NASDAQ,NASDAQ,NASDAQ
INOD,INOD,Innodata Inc.,NASDAQ,NASDAQ,NASDAQ
INSE,INSE,"Inspired Entertainment, Inc.",NASDAQ,NASDAQ,NASDAQ
INSG,INSG,Inseego Corp.,NASDAQ,NASDAQ,NASDAQ
INSM,INSM,Insmed Incorporated,NASDAQ,NASDAQ,NASDAQ
INTA,INTA,"Intapp, Inc.",NASDAQ,NASDAQ,NASDAQ
INTC,INTC,Intel Corporation,NASDAQ,NASDAQ,NASDAQ
INTG,INTG,The Intergroup Corporation,NASDAQ,NASDAQ,NASDAQ
INTJ,INTJ,Intelligent Group Limited,NASDAQ,NASDAQ,NASDAQ
INTR,INTR,Inter & Co. Inc.,NASDAQ,NASDAQ,NASDAQ
INTS,INTS,"Intensity Therapeutics, Inc.",NASDAQ,NASDAQ,NASDAQ
INTU,INTU,Intuit Inc.,NASDAQ,NASDAQ,NASDAQ
INTZ,INTZ,Intrusion Inc.,NASDAQ,NASDAQ,NASDAQ
INV,INV,"Innventure, Inc.",NASDAQ,NASDAQ,NASDAQ
INVA,INVA,"Innoviva, Inc.",NASDAQ,NASDAQ,NASDAQ
INVE,INVE,"Identiv, Inc.",NASDAQ,NASDAQ,NASDAQ
INVZ,INVZ,Innoviz Technologies Ltd.,NASDAQ,NASDAQ,NASDAQ
IOND,IOND,Ionic Digital Inc.,NASDAQ,NASDAQ,NASDAQ
IONR,IONR,ioneer Ltd,NASDAQ,NASDAQ,NASDAQ
IONS,IONS,"Ionis Pharmaceuticals, Inc.",NASDAQ,NASDAQ,NASDAQ
IOSP,IOSP,Innospec Inc.,NASDAQ,NASDAQ,NASDAQ
IOTR,IOTR,iOThree Limited,NASDAQ,NASDAQ,NASDAQ
IOVA,IOVA,"Iovance Biotherapeutics, Inc.",NASDAQ,NASDAQ,NASDAQ
IPAR,IPAR,"Interparfums, Inc.",NASDAQ,NASDAQ,NASDAQ
IPCX,IPCX,Inflection Point Acquisition Corp. III,NASDAQ,NASDAQ,NASDAQ
IPDN,IPDN,"Professional Diversity Network, Inc.",NASDAQ,NASDAQ,NASDAQ
IPEX,IPEX,Inflection Point Acquisition Corp.,NASDAQ,NASDAQ,NASDAQ
IPFX,IPFX,Inflection Point Acquisition Corp. VI,NASDAQ,NASDAQ,NASDAQ
IPGP,IPGP,IPG Photonics Corporation,NASDAQ,NASDAQ,NASDAQ
IPHA,IPHA,Innate Pharma S.A.,NASDAQ,NASDAQ,NASDAQ
IPM,IPM,Intelligent Protection Management Corp.,NASDAQ,NASDAQ,NASDAQ
IPSC,IPSC,"Century Therapeutics, Inc.",NASDAQ,NASDAQ,NASDAQ
IPST,IPST,"IP Strategy Holdings, Inc.",NASDAQ,NASDAQ,NASDAQ
IPVV,IPVV,"InterPrivate Investment Partners V, Inc.",NASDAQ,NASDAQ,NASDAQ
IPW,IPW,iPower Inc.,NASDAQ,NASDAQ,NASDAQ
IPWR,IPWR,Ideal Power Inc.,NASDAQ,NASDAQ,NASDAQ
IPX,IPX,IperionX Limited,NASDAQ,NASDAQ,NASDAQ
IQ,IQ,"iQIYI, Inc.",NASDAQ,NASDAQ,NASDAQ
IQMX,IQMX,IQM Quantum Computers Oyj,NASDAQ,NASDAQ,NASDAQ
IQST,IQST,iQSTEL Inc.,NASDAQ,NASDAQ,NASDAQ
IRD,IRD,"Opus Genetics, Inc.",NASDAQ,NASDAQ,NASDAQ
IRDM,IRDM,Iridium Communications Inc,NASDAQ,NASDAQ,NASDAQ
IREN,IREN,IREN Limited,NASDAQ,NASDAQ,NASDAQ
IRHO,IRHO,Iron Horse Acquisitions II Corp.,NASDAQ,NASDAQ,NASDAQ
IRIX,IRIX,IRIDEX Corporation,NASDAQ,NASDAQ,NASDAQ
IRMD,IRMD,iRadimed Corporation,NASDAQ,NASDAQ,NASDAQ
IRON,IRON,"Disc Medicine, Inc.",NASDAQ,NASDAQ,NASDAQ
IRTC,IRTC,"iRhythm Holdings, Inc.",NASDAQ,NASDAQ,NASDAQ
IRWD,IRWD,"Ironwood Pharmaceuticals, Inc.",NASDAQ,NASDAQ,NASDAQ
ISBA,ISBA,Isabella Bank Corporation,NASDAQ,NASDAQ,NASDAQ
ISNR,ISNR,Snow Rothschild Acquisition Corp.,NASDAQ,NASDAQ,NASDAQ
ISPC,ISPC,iSpecimen Inc.,NASDAQ,NASDAQ,NASDAQ
ISPR,ISPR,Ispire Technology Inc.,NASDAQ,NASDAQ,NASDAQ
ISRG,ISRG,"Intuitive Surgical, Inc.",NASDAQ,NASDAQ,NASDAQ
ISSC,ISSC,"Innovative Solutions and Support, Inc.",NASDAQ,NASDAQ,NASDAQ
ISTR,ISTR,Investar Holding Corporation,NASDAQ,NASDAQ,NASDAQ
ITG,ITG,"ITG, Inc.",NASDAQ,NASDAQ,NASDAQ
ITHA,ITHA,ITHAX Acquisition Corp III,NASDAQ,NASDAQ,NASDAQ
ITIC,ITIC,Investors Title Company,NASDAQ,NASDAQ,NASDAQ
ITOC,ITOC,iTonic Holdings Ltd,NASDAQ,NASDAQ,NASDAQ
ITRI,ITRI,"Itron, Inc.",NASDAQ,NASDAQ,NASDAQ
ITRN,ITRN,Ituran Location and Control Ltd.,NASDAQ,NASDAQ,NASDAQ
IVA,IVA,Inventiva S.A.,NASDAQ,NASDAQ,NASDAQ
IVDA,IVDA,"Iveda Solutions, Inc.",NASDAQ,NASDAQ,NASDAQ
IVF,IVF,"INVO Fertility, Inc.",NASDAQ,NASDAQ,NASDAQ
IVVD,IVVD,"Invivyd, Inc.",NASDAQ,NASDAQ,NASDAQ
IXHL,IXHL,Incannex Healthcare Inc.,NASDAQ,NASDAQ,NASDAQ
IZEA,IZEA,"IZEA Worldwide, Inc.",NASDAQ,NASDAQ,NASDAQ
IZM,IZM,ICZOOM Group Inc.,NASDAQ,NASDAQ,NASDAQ
JAB,JAB,JAB Acquisition Corp I,NASDAQ,NASDAQ,NASDAQ
JACK,JACK,Jack In The Box Inc.,NASDAQ,NASDAQ,NASDAQ
JAGX,JAGX,"Jaguar Health, Inc.",NASDAQ,NASDAQ,NASDAQ
JAKK,JAKK,"JAKKS Pacific, Inc.",NASDAQ,NASDAQ,NASDAQ
JANX,JANX,"Janux Therapeutics, Inc.",NASDAQ,NASDAQ,NASDAQ
JATT,JATT,JATT II Acquisition Corp,NASDAQ,NASDAQ,NASDAQ
JAZZ,JAZZ,Jazz Pharmaceuticals plc,NASDAQ,NASDAQ,NASDAQ
JBDI,JBDI,JBDI Holdings Limited,NASDAQ,NASDAQ,NASDAQ
JBHT,JBHT,"J.B. Hunt Transport Services, Inc.",NASDAQ,NASDAQ,NASDAQ
JBIO,JBIO,"Jade Biosciences, Inc.",NASDAQ,NASDAQ,NASDAQ
JBLU,JBLU,JetBlue Airways Corporation,NASDAQ,NASDAQ,NASDAQ
JBSS,JBSS,"John B. Sanfilippo & Son, Inc.",NASDAQ,NASDAQ,NASDAQ
JCAP,JCAP,"Jefferson Capital, Inc.",NASDAQ,NASDAQ,NASDAQ
JCSE,JCSE,JE Cleantech Holdings Limited,NASDAQ,NASDAQ,NASDAQ
JCTC,JCTC,Jewett-Cameron Trading Company,NASDAQ,NASDAQ,NASDAQ
JD,JD,"JD.com, Inc.",NASDAQ,NASDAQ,NASDAQ
JDZG,JDZG,JIADE LIMITED,NASDAQ,NASDAQ,NASDAQ
JEM,JEM,707 Cayman Holdings Limited,NASDAQ,NASDAQ,NASDAQ
JF,JF,J and Friends Holdings Limited,NASDAQ,NASDAQ,NASDAQ
JFB,JFB,JFB Construction Holdings,NASDAQ,NASDAQ,NASDAQ
JFIN,JFIN,Jiayin Group Inc.,NASDAQ,NASDAQ,NASDAQ
JFU,JFU,9F Inc.,NASDAQ,NASDAQ,NASDAQ
JG,JG,Aurora Mobile Limited,NASDAQ,NASDAQ,NASDAQ
JJSF,JJSF,J & J Snack Foods Corp.,NASDAQ,NASDAQ,NASDAQ
JKHY,JKHY,"Jack Henry & Associates, Inc.",NASDAQ,NASDAQ,NASDAQ
JL,JL,J-Long Group Limited,NASDAQ,NASDAQ,NASDAQ
JLHL,JLHL,Julong Holding Limited,NASDAQ,NASDAQ,NASDAQ
JMSB,JMSB,"John Marshall Bancorp, Inc.",NASDAQ,NASDAQ,NASDAQ
JOUT,JOUT,Johnson Outdoors Inc.,NASDAQ,NASDAQ,NASDAQ
JOYY,JOYY,JOYY Inc.,NASDAQ,NASDAQ,NASDAQ
JRSH,JRSH,"Jerash Holdings (US), Inc.",NASDAQ,NASDAQ,NASDAQ
JRVR,JRVR,"James River Group Holdings, Inc.",NASDAQ,NASDAQ,NASDAQ
JSM,JSM,Navient Corporation,NASDAQ,NASDAQ,NASDAQ
JSPR,JSPR,"Jasper Therapeutics, Inc.",NASDAQ,NASDAQ,NASDAQ
JTAI,JTAI,Jet.AI Inc.,NASDAQ,NASDAQ,NASDAQ
JUNS,JUNS,"Jupiter Neurosciences, Inc.",NASDAQ,NASDAQ,NASDAQ
JVA,JVA,"Coffee Holding Co., Inc.",NASDAQ,NASDAQ,NASDAQ
JWEL,JWEL,Jowell Global Ltd.,NASDAQ,NASDAQ,NASDAQ
JXG,JXG,JX Luxventure Group Inc.,NASDAQ,NASDAQ,NASDAQ
JYD,JYD,Jayud Global Logistics Limited,NASDAQ,NASDAQ,NASDAQ
JYNT,JYNT,The Joint Corp.,NASDAQ,NASDAQ,NASDAQ
JZ,JZ,Jianzhi Education Technology Group Company Limit,NASDAQ,NASDAQ,NASDAQ
JZXN,JZXN,"Jiuzi Holdings, Inc.",NASDAQ,NASDAQ,NASDAQ
KALA,KALA,"KALA BIO, Inc.",NASDAQ,NASDAQ,NASDAQ
KALU,KALU,Kaiser Aluminum Corporation,NASDAQ,NASDAQ,NASDAQ
KARD,KARD,"Kardigan, Inc.",NASDAQ,NASDAQ,NASDAQ
KARO,KARO,Karooooo Ltd.,NASDAQ,NASDAQ,NASDAQ
KAZR,KAZR,Skyline Builders Group Holding Limited,NASDAQ,NASDAQ,NASDAQ
KBON,KBON,Karbon Capital Partners Corp.,NASDAQ,NASDAQ,NASDAQ
KBSX,KBSX,FST Corp.,NASDAQ,NASDAQ,NASDAQ
KC,KC,Kingsoft Cloud Holdings Limited,NASDAQ,NASDAQ,NASDAQ
KCHV,KCHV,Kochav Defense Acquisition Corp.,NASDAQ,NASDAQ,NASDAQ
KDK,KDK,"Kodiak AI, Inc.",NASDAQ,NASDAQ,NASDAQ
KDP,KDP,Keurig Dr Pepper Inc.,NASDAQ,NASDAQ,NASDAQ
KE,KE,"Kimball Electronics, Inc.",NASDAQ,NASDAQ,NASDAQ
KEEL,KEEL,Keel Infrastructure Corp.,NASDAQ,NASDAQ,NASDAQ
KELYA,KELYA,"Kelly Services, Inc.",NASDAQ,NASDAQ,NASDAQ
KELYB,KELYB,"Kelly Services, Inc.",NASDAQ,NASDAQ,NASDAQ
KEQU,KEQU,Kewaunee Scientific Corporation,NASDAQ,NASDAQ,NASDAQ
KEYY,KEYY,Keystone Acquisition Corp.,NASDAQ,NASDAQ,NASDAQ
KFFB,KFFB,Kentucky First Federal Bancorp,NASDAQ,NASDAQ,NASDAQ
KFII,KFII,K&F Growth Acquisition Corp. II,NASDAQ,NASDAQ,NASDAQ
KG,KG,"Kestrel Group, Ltd.",NASDAQ,NASDAQ,NASDAQ
KGEI,KGEI,Kolibri Global Energy Inc.,NASDAQ,NASDAQ,NASDAQ
KHC,KHC,The Kraft Heinz Company,NASDAQ,NASDAQ,NASDAQ
KIDS,KIDS,OrthoPediatrics Corp.,NASDAQ,NASDAQ,NASDAQ
KIDZ,KIDZ,KIDZ AI Inc.,NASDAQ,NASDAQ,NASDAQ
KINS,KINS,"Kingstone Companies, Inc",NASDAQ,NASDAQ,NASDAQ
KITT,KITT,"Nauticus Robotics, Inc.",NASDAQ,NASDAQ,NASDAQ
KLAC,KLAC,KLA Corporation,NASDAQ,NASDAQ,NASDAQ
KLIC,KLIC,"Kulicke and Soffa Industries, Inc.",NASDAQ,NASDAQ,NASDAQ
KLRA,KLRA,"Kailera Therapeutics, Inc.",NASDAQ,NASDAQ,NASDAQ
KLRS,KLRS,"Kalaris Therapeutics, Inc.",NASDAQ,NASDAQ,NASDAQ
KLTR,KLTR,"Kaltura, Inc.",NASDAQ,NASDAQ,NASDAQ
KLXE,KLXE,"KLX Energy Services Holdings, Inc.",NASDAQ,NASDAQ,NASDAQ
KMB,KMB,Kimberly-Clark Corporation,NASDAQ,NASDAQ,NASDAQ
KMDA,KMDA,Kamada Ltd.,NASDAQ,NASDAQ,NASDAQ
KMRK,KMRK,K-Tech Solutions Company Limited,NASDAQ,NASDAQ,NASDAQ
KMTS,KMTS,"Kestra Medical Technologies, Ltd.",NASDAQ,NASDAQ,NASDAQ
KNDI,KNDI,"Kandi Technologies Group, Inc.",NASDAQ,NASDAQ,NASDAQ
KNSA,KNSA,"Kiniksa Pharmaceuticals International, plc",NASDAQ,NASDAQ,NASDAQ
KOD,KOD,Kodiak Sciences Inc,NASDAQ,NASDAQ,NASDAQ
KOPN,KOPN,Kopin Corporation,NASDAQ,NASDAQ,NASDAQ
KOSS,KOSS,Koss Corporation,NASDAQ,NASDAQ,NASDAQ
KOYN,KOYN,CSLM Digital Asset Acquisition Corp III,NASDAQ,NASDAQ,NASDAQ
KPLT,KPLT,"Katapult Holdings, Inc.",NASDAQ,NASDAQ,NASDAQ
KPRX,KPRX,"Kiora Pharmaceuticals, Inc.",NASDAQ,NASDAQ,NASDAQ
KPTI,KPTI,Karyopharm Therapeutics Inc.,NASDAQ,NASDAQ,NASDAQ
KRAQ,KRAQ,KRAKacquisition Corp,NASDAQ,NASDAQ,NASDAQ
KRKR,KRKR,36Kr Holdings Inc.,NASDAQ,NASDAQ,NASDAQ
KRMD,KRMD,"KORU Medical Systems, Inc.",NASDAQ,NASDAQ,NASDAQ
KRNT,KRNT,Kornit Digital Ltd.,NASDAQ,NASDAQ,NASDAQ
KRNY,KRNY,Kearny Financial,NASDAQ,NASDAQ,NASDAQ
KROS,KROS,"Keros Therapeutics, Inc.",NASDAQ,NASDAQ,NASDAQ
KRRO,KRRO,"Korro Bio, Inc.",NASDAQ,NASDAQ,NASDAQ
KRT,KRT,Karat Packaging Inc.,NASDAQ,NASDAQ,NASDAQ
KRUS,KRUS,"Kura Sushi USA, Inc.",NASDAQ,NASDAQ,NASDAQ
KRYS,KRYS,"Krystal Biotech, Inc.",NASDAQ,NASDAQ,NASDAQ
KSCP,KSCP,"Knightscope, Inc.",NASDAQ,NASDAQ,NASDAQ
KSPI,KSPI,Joint Stock Company Kaspi.kz,NASDAQ,NASDAQ,NASDAQ
KTCC,KTCC,Key Tronic Corporation,NASDAQ,NASDAQ,NASDAQ
KTOS,KTOS,"Kratos Defense & Security Solutions, Inc.",NASDAQ,NASDAQ,NASDAQ
KTTA,KTTA,Pasithea Therapeutics Corp.,NASDAQ,NASDAQ,NASDAQ
KTWO,KTWO,K2 Capital Acquisition Corporation,NASDAQ,NASDAQ,NASDAQ
KURA,KURA,"Kura Oncology, Inc.",NASDAQ,NASDAQ,NASDAQ
KUST,KUST,"Kustom Entertainment, Inc.",NASDAQ,NASDAQ,NASDAQ
KVHI,KVHI,"KVH Industries, Inc.",NASDAQ,NASDAQ,NASDAQ
KWM,KWM,"K Wave Media, Ltd.",NASDAQ,NASDAQ,NASDAQ
KXIN,KXIN,Kaixin Holdings,NASDAQ,NASDAQ,NASDAQ
KYIV,KYIV,Kyivstar Group Ltd.,NASDAQ,NASDAQ,NASDAQ
KYMR,KYMR,"Kymera Therapeutics, Inc.",NASDAQ,NASDAQ,NASDAQ
KYNB,KYNB,"Kyntra Bio, Inc.",NASDAQ,NASDAQ,NASDAQ
KYTX,KYTX,"Kyverna Therapeutics, Inc.",NASDAQ,NASDAQ,NASDAQ
KZIA,KZIA,Kazia Therapeutics Limited,NASDAQ,NASDAQ,NASDAQ
LAB,LAB,Standard BioTools Inc.,NASDAQ,NASDAQ,NASDAQ
LABT,LABT,Lakewood-Amedex Biotherapeutics Inc.,NASDAQ,NASDAQ,NASDAQ
LAES,LAES,SEALSQ Corp,NASDAQ,NASDAQ,NASDAQ
LAFA,LAFA,LaFayette Acquisition Corp.,NASDAQ,NASDAQ,NASDAQ
LAKE,LAKE,"Lakeland Industries, Inc.",NASDAQ,NASDAQ,NASDAQ
LAMR,LAMR,Lamar Advertising Company,NASDAQ,NASDAQ,NASDAQ
LAND,LAND,Gladstone Land Corporation,NASDAQ,NASDAQ,NASDAQ
LANDO,LANDO,Gladstone Land Corporation,NASDAQ,NASDAQ,NASDAQ
LANDP,LANDP,Gladstone Land Corporation,NASDAQ,NASDAQ,NASDAQ
LARK,LARK,Landmark Bancorp Inc.,NASDAQ,NASDAQ,NASDAQ
LASE,LASE,Laser Photonics Corporation,NASDAQ,NASDAQ,NASDAQ
LASR,LASR,"nLIGHT, Inc.",NASDAQ,NASDAQ,NASDAQ
LATA,LATA,Galata Acquisition Corp. II,NASDAQ,NASDAQ,NASDAQ
LAUR,LAUR,"Laureate Education, Inc.",NASDAQ,NASDAQ,NASDAQ
LAWR,LAWR,"Robot Consulting Co., Ltd.",NASDAQ,NASDAQ,NASDAQ
LBGJ,LBGJ,Li Bang International Corporation Inc.,NASDAQ,NASDAQ,NASDAQ
LBRDA,LBRDA,Liberty Broadband Corporation,NASDAQ,NASDAQ,NASDAQ
LBRDK,LBRDK,Liberty Broadband Corporation,NASDAQ,NASDAQ,NASDAQ
LBRDP,LBRDP,Liberty Broadband Corporation,NASDAQ,NASDAQ,NASDAQ
LBRX,LBRX,LB Pharmaceuticals Inc,NASDAQ,NASDAQ,NASDAQ
LBTYA,LBTYA,Liberty Global Ltd.,NASDAQ,NASDAQ,NASDAQ
LBTYB,LBTYB,Liberty Global Ltd.,NASDAQ,NASDAQ,NASDAQ
LBTYK,LBTYK,Liberty Global Ltd.,NASDAQ,NASDAQ,NASDAQ
LCCC,LCCC,Lakeshore Acquisition III Corp.,NASDAQ,NASDAQ,NASDAQ
LCFY,LCFY,Locafy Limited,NASDAQ,NASDAQ,NASDAQ
LCID,LCID,"Lucid Group, Inc.",NASDAQ,NASDAQ,NASDAQ
LCNB,LCNB,LCNB Corporation,NASDAQ,NASDAQ,NASDAQ
LCUT,LCUT,"Lifetime Brands, Inc.",NASDAQ,NASDAQ,NASDAQ
LE,LE,"Lands' End, Inc.",NASDAQ,NASDAQ,NASDAQ
LECO,LECO,"Lincoln Electric Holdings, Inc.",NASDAQ,NASDAQ,NASDAQ
LEDS,LEDS,SemiLEDS Corporation,NASDAQ,NASDAQ,NASDAQ
LEE,LEE,"Lee Enterprises, Incorporated",NASDAQ,NASDAQ,NASDAQ
LEGH,LEGH,Legacy Housing Corporation,NASDAQ,NASDAQ,NASDAQ
LEGN,LEGN,Legend Biotech Corporation,NASDAQ,NASDAQ,NASDAQ
LENZ,LENZ,"LENZ Therapeutics, Inc.",NASDAQ,NASDAQ,NASDAQ
LESL,LESL,"Leslie's, Inc.",NASDAQ,NASDAQ,NASDAQ
LEXX,LEXX,Lexaria Bioscience Corp.,NASDAQ,NASDAQ,NASDAQ
LFAC,LFAC,Leapfrog Acquisition Corporation,NASDAQ,NASDAQ,NASDAQ
LFCR,LFCR,"Lifecore Biomedical, Inc.",NASDAQ,NASDAQ,NASDAQ
LFMD,LFMD,"LifeMD, Inc.",NASDAQ,NASDAQ,NASDAQ
LFMDP,LFMDP,"LifeMD, Inc.",NASDAQ,NASDAQ,NASDAQ
LFS,LFS,"LEIFRAS Co., Ltd.",NASDAQ,NASDAQ,NASDAQ
LFST,LFST,"LifeStance Health Group, Inc.",NASDAQ,NASDAQ,NASDAQ
LFTO,LFTO,"Liftoff Mobile, Inc.",NASDAQ,NASDAQ,NASDAQ
LFUS,LFUS,"Littelfuse, Inc.",NASDAQ,NASDAQ,NASDAQ
LFVN,LFVN,Lifevantage Corporation,NASDAQ,NASDAQ,NASDAQ
LFWD,LFWD,Lifeward Ltd.,NASDAQ,NASDAQ,NASDAQ
LGCL,LGCL,Lucas GC Limited,NASDAQ,NASDAQ,NASDAQ
LGHL,LGHL,Lion Group Holding Ltd.,NASDAQ,NASDAQ,NASDAQ
LGIH,LGIH,"LGI Homes, Inc.",NASDAQ,NASDAQ,NASDAQ
LGN,LGN,Legence Corp.,NASDAQ,NASDAQ,NASDAQ
LGND,LGND,Ligand Pharmaceuticals Incorporated,NASDAQ,NASDAQ,NASDAQ
LGO,LGO,Largo Inc.,NASDAQ,NASDAQ,NASDAQ
LGVN,LGVN,Longeveron Inc.,NASDAQ,NASDAQ,NASDAQ
LHAI,LHAI,Linkhome Holdings Inc.,NASDAQ,NASDAQ,NASDAQ
LHSW,LHSW,Lianhe Sowell International Group Ltd,NASDAQ,NASDAQ,NASDAQ
LI,LI,Li Auto Inc.,NASDAQ,NASDAQ,NASDAQ
LICN,LICN,Lichen International Limited,NASDAQ,NASDAQ,NASDAQ
LIDR,LIDR,"AEye, Inc.",NASDAQ,NASDAQ,NASDAQ
LIEN,LIEN,"Chicago Atlantic BDC, Inc.",NASDAQ,NASDAQ,NASDAQ
LIF,LIF,"Life360, Inc.",NASDAQ,NASDAQ,NASDAQ
LIFE,LIFE,Ethos Technologies Inc.,NASDAQ,NASDAQ,NASDAQ
LILA,LILA,Liberty Latin America Ltd.,NASDAQ,NASDAQ,NASDAQ
LILAK,LILAK,Liberty Latin America Ltd.,NASDAQ,NASDAQ,NASDAQ
LILAP,LILAP,Liberty Latin America Ltd.,NASDAQ,NASDAQ,NASDAQ
LIME,LIME,"Neutron Holdings, Inc.",NASDAQ,NASDAQ,NASDAQ
LIMN,LIMN,"Liminatus Pharma, Inc.",NASDAQ,NASDAQ,NASDAQ
LIN,LIN,Linde plc,NASDAQ,NASDAQ,NASDAQ
LINC,LINC,Lincoln Educational Services Corporation,NASDAQ,NASDAQ,NASDAQ
LIND,LIND,Lindblad Expeditions Holdings Inc.,NASDAQ,NASDAQ,NASDAQ
LINE,LINE,"Lineage, Inc.",NASDAQ,NASDAQ,NASDAQ
LINK,LINK,"Interlink Electronics, Inc.",NASDAQ,NASDAQ,NASDAQ
LIQT,LIQT,"LiqTech International, Inc.",NASDAQ,NASDAQ,NASDAQ
LITE,LITE,Lumentum Holdings Inc.,NASDAQ,NASDAQ,NASDAQ
LITS,LITS,"Lite Strategy, Inc.",NASDAQ,NASDAQ,NASDAQ
LIVE,LIVE,Live Ventures Incorporated,NASDAQ,NASDAQ,NASDAQ
LIVN,LIVN,LivaNova PLC,NASDAQ,NASDAQ,NASDAQ
LKFN,LKFN,Lakeland Financial Corporation,NASDAQ,NASDAQ,NASDAQ
LKFT,LKFT,Lakefront Biotherapeutics,NASDAQ,NASDAQ,NASDAQ
LKQ,LKQ,LKQ Corporation,NASDAQ,NASDAQ,NASDAQ
LKSP,LKSP,Lake Superior Acquisition Corp.,NASDAQ,NASDAQ,NASDAQ
LLYVA,LLYVA,"Liberty Live Holdings, Inc.",NASDAQ,NASDAQ,NASDAQ
LLYVK,LLYVK,"Liberty Live Holdings, Inc.",NASDAQ,NASDAQ,NASDAQ
LMAT,LMAT,"LeMaitre Vascular, Inc.",NASDAQ,NASDAQ,NASDAQ
LMB,LMB,"Limbach Holdings, Inc.",NASDAQ,NASDAQ,NASDAQ
LMNR,LMNR,Limoneira Co,NASDAQ,NASDAQ,NASDAQ
LMRI,LMRI,"Lumexa Imaging Holdings, Inc.",NASDAQ,NASDAQ,NASDAQ
LNAI,LNAI,Lunai Bioworks Inc.,NASDAQ,NASDAQ,NASDAQ
LNKS,LNKS,Linkers Industries Limited,NASDAQ,NASDAQ,NASDAQ
LNSR,LNSR,"LENSAR, Inc.",NASDAQ,NASDAQ,NASDAQ
LNT,LNT,Alliant Energy Corporation,NASDAQ,NASDAQ,NASDAQ
LNTH,LNTH,"Lantheus Holdings, Inc.",NASDAQ,NASDAQ,NASDAQ
LNZA,LNZA,"LanzaTech Global, Inc.",NASDAQ,NASDAQ,NASDAQ
LOAN,LOAN,"Manhattan Bridge Capital, Inc",NASDAQ,NASDAQ,NASDAQ
LOBO,LOBO,LOBO TECHNOLOGIES LTD.,NASDAQ,NASDAQ,NASDAQ
LOCO,LOCO,"El Pollo Loco Holdings, Inc.",NASDAQ,NASDAQ,NASDAQ
LOGI,LOGI,Logitech International S.A.,NASDAQ,NASDAQ,NASDAQ
LONA,LONA,"LeonaBio, Inc.",NASDAQ,NASDAQ,NASDAQ
LOOP,LOOP,"Loop Industries, Inc.",NASDAQ,NASDAQ,NASDAQ
LOPE,LOPE,"Grand Canyon Education, Inc.",NASDAQ,NASDAQ,NASDAQ
LOT,LOT,Lotus Technology Inc.,NASDAQ,NASDAQ,NASDAQ
LOVE,LOVE,The Lovesac Company,NASDAQ,NASDAQ,NASDAQ
LPAA,LPAA,Launch One Acquisition Corp.,NASDAQ,NASDAQ,NASDAQ
LPBB,LPBB,Launch Two Acquisition Corp.,NASDAQ,NASDAQ,NASDAQ
LPCN,LPCN,Lipocine Inc.,NASDAQ,NASDAQ,NASDAQ
LPCV,LPCV,Launchpad Cadenza Acquisition Corp I,NASDAQ,NASDAQ,NASDAQ
LPLA,LPLA,LPL Financial Holdings Inc.,NASDAQ,NASDAQ,NASDAQ
LPSN,LPSN,"LivePerson, Inc.",NASDAQ,NASDAQ,NASDAQ
LPTH,LPTH,"LightPath Technologies, Inc.",NASDAQ,NASDAQ,NASDAQ
LQDA,LQDA,Liquidia Corporation,NASDAQ,NASDAQ,NASDAQ
LQDT,LQDT,"Liquidity Services, Inc.",NASDAQ,NASDAQ,NASDAQ
LRCX,LRCX,Lam Research Corporation,NASDAQ,NASDAQ,NASDAQ
LRE,LRE,"Lead Real Estate Co., Ltd",NASDAQ,NASDAQ,NASDAQ
LRHC,LRHC,La Rosa Holdings Corp.,NASDAQ,NASDAQ,NASDAQ
LRMR,LRMR,"Larimar Therapeutics, Inc.",NASDAQ,NASDAQ,NASDAQ
LSAK,LSAK,"Lesaka Technologies, Inc.",NASDAQ,NASDAQ,NASDAQ
LSBK,LSBK,"Lake Shore Bancorp, Inc.",NASDAQ,NASDAQ,NASDAQ
LSCC,LSCC,Lattice Semiconductor Corporation,NASDAQ,NASDAQ,NASDAQ
LSE,LSE,"Leishen Energy Holding Co., Ltd.",NASDAQ,NASDAQ,NASDAQ
LSTA,LSTA,"Lisata Therapeutics, Inc.",NASDAQ,NASDAQ,NASDAQ
LSTR,LSTR,"Landstar System, Inc.",NASDAQ,NASDAQ,NASDAQ
LTBR,LTBR,Lightbridge Corporation,NASDAQ,NASDAQ,NASDAQ
LTGO,LTGO,"Latigo Biotherapeutics, Inc.",NASDAQ,NASDAQ,NASDAQ
LTGR,LTGR,Long Table Growth Corp.,NASDAQ,NASDAQ,NASDAQ
LTRN,LTRN,Lantern Pharma Inc.,NASDAQ,NASDAQ,NASDAQ
LTRX,LTRX,"Lantronix, Inc.",NASDAQ,NASDAQ,NASDAQ
LUCD,LUCD,Lucid Diagnostics Inc.,NASDAQ,NASDAQ,NASDAQ
LUCY,LUCY,"Innovative Eyewear, Inc.",NASDAQ,NASDAQ,NASDAQ
LULU,LULU,lululemon athletica inc.,NASDAQ,NASDAQ,NASDAQ
LUNG,LUNG,Pulmonx Corporation,NASDAQ,NASDAQ,NASDAQ
LUNR,LUNR,"Intuitive Machines, Inc.",NASDAQ,NASDAQ,NASDAQ
LVLU,LVLU,"Lulu's Fashion Lounge Holdings, Inc.",NASDAQ,NASDAQ,NASDAQ
LVO,LVO,"LiveOne, Inc.",NASDAQ,NASDAQ,NASDAQ
LWAC,LWAC,LightWave Acquisition Corp.,NASDAQ,NASDAQ,NASDAQ
LWAY,LWAY,"Lifeway Foods, Inc.",NASDAQ,NASDAQ,NASDAQ
LWLG,LWLG,"Lightwave Logic, Inc.",NASDAQ,NASDAQ,NASDAQ
LX,LX,LexinFintech Holdings Ltd.,NASDAQ,NASDAQ,NASDAQ
LXEH,LXEH,"Lixiang Education Holding Co., Ltd.",NASDAQ,NASDAQ,NASDAQ
LXEO,LXEO,"Lexeo Therapeutics, Inc.",NASDAQ,NASDAQ,NASDAQ
LXRX,LXRX,"Lexicon Pharmaceuticals, Inc.",NASDAQ,NASDAQ,NASDAQ
LYEL,LYEL,"Lyell Immunopharma, Inc.",NASDAQ,NASDAQ,NASDAQ
LYFT,LYFT,"Lyft, Inc.",NASDAQ,NASDAQ,NASDAQ
LYTS,LYTS,LSI Industries Inc.,NASDAQ,NASDAQ,NASDAQ
LZ,LZ,"LegalZoom.com, Inc.",NASDAQ,NASDAQ,NASDAQ
LZMH,LZMH,LZ Technology Holdings Limited,NASDAQ,NASDAQ,NASDAQ
MAAS,MAAS,Maase Inc.,NASDAQ,NASDAQ,NASDAQ
MACI,MACI,Melar Acquisition Corp. I,NASDAQ,NASDAQ,NASDAQ
MAGH,MAGH,Magnitude International Ltd,NASDAQ,NASDAQ,NASDAQ
MAKO,MAKO,Mako Mining Corp,NASDAQ,NASDAQ,NASDAQ
MAMA,MAMA,"Mama's Creations, Inc.",NASDAQ,NASDAQ,NASDAQ
MAMK,MAMK,MaxsMaking Inc.,NASDAQ,NASDAQ,NASDAQ
MAMO,MAMO,Massimo Group,NASDAQ,NASDAQ,NASDAQ
MANH,MANH,"Manhattan Associates, Inc.",NASDAQ,NASDAQ,NASDAQ
MAR,MAR,Marriott International,NASDAQ,NASDAQ,NASDAQ
MARA,MARA,"MARA Holdings, Inc.",NASDAQ,NASDAQ,NASDAQ
MASK,MASK,3 E Network Technology Group Ltd,NASDAQ,NASDAQ,NASDAQ
MASS,MASS,908 Devices Inc.,NASDAQ,NASDAQ,NASDAQ
MAT,MAT,"Mattel, Inc.",NASDAQ,NASDAQ,NASDAQ
MATH,MATH,Metalpha Technology Holding Limited,NASDAQ,NASDAQ,NASDAQ
MATW,MATW,Matthews International Corporation,NASDAQ,NASDAQ,NASDAQ
MAYS,MAYS,"J. W. Mays, Inc.",NASDAQ,NASDAQ,NASDAQ
MAZE,MAZE,"Maze Therapeutics, Inc.",NASDAQ,NASDAQ,NASDAQ
MB,MB,MasterBeef Group,NASDAQ,NASDAQ,NASDAQ
MBAI,MBAI,Check-Cap Ltd.,NASDAQ,NASDAQ,NASDAQ
MBBC,MBBC,"Marathon Bancorp, Inc.",NASDAQ,NASDAQ,NASDAQ
MBIN,MBIN,Merchants Bancorp,NASDAQ,NASDAQ,NASDAQ
MBINL,MBINL,Merchants Bancorp,NASDAQ,NASDAQ,NASDAQ
MBINM,MBINM,Merchants Bancorp,NASDAQ,NASDAQ,NASDAQ
MBINN,MBINN,Merchants Bancorp,NASDAQ,NASDAQ,NASDAQ
MBIO,MBIO,"Mustang Bio, Inc.",NASDAQ,NASDAQ,NASDAQ
MBLY,MBLY,Mobileye Global Inc.,NASDAQ,NASDAQ,NASDAQ
MBNKO,MBNKO,Medallion Bank,NASDAQ,NASDAQ,NASDAQ
MBOT,MBOT,Microbot Medical Inc.,NASDAQ,NASDAQ,NASDAQ
MBRX,MBRX,"Moleculin Biotech, Inc.",NASDAQ,NASDAQ,NASDAQ
MBUU,MBUU,"Malibu Boats, Inc.",NASDAQ,NASDAQ,NASDAQ
MBVI,MBVI,M3-Brigade Acquisition VI Corp.,NASDAQ,NASDAQ,NASDAQ
MBWM,MBWM,Mercantile Bank Corporation,NASDAQ,NASDAQ,NASDAQ
MBX,MBX,"MBX Biosciences, Inc.",NASDAQ,NASDAQ,NASDAQ
MCAH,MCAH,Mountain Crest Acquisition 6 Corp.,NASDAQ,NASDAQ,NASDAQ
MCBS,MCBS,"MetroCity Bankshares, Inc.",NASDAQ,NASDAQ,NASDAQ
MCFT,MCFT,"MasterCraft Boat Holdings, Inc.",NASDAQ,NASDAQ,NASDAQ
MCGA,MCGA,Yorkville Acquisition Corp.,NASDAQ,NASDAQ,NASDAQ
MCHB,MCHB,Mechanics Bancorp,NASDAQ,NASDAQ,NASDAQ
MCHP,MCHP,Microchip Technology Incorporated,NASDAQ,NASDAQ,NASDAQ
MCHPP,MCHPP,Microchip Technology Incorporated,NASDAQ,NASDAQ,NASDAQ
MCHX,MCHX,"Marchex, Inc.",NASDAQ,NASDAQ,NASDAQ
MCRB,MCRB,"Seres Therapeutics, Inc.",NASDAQ,NASDAQ,NASDAQ
MCRI,MCRI,"Monarch Casino & Resort, Inc.",NASDAQ,NASDAQ,NASDAQ
MCTA,MCTA,Charming Medical Limited,NASDAQ,NASDAQ,NASDAQ
MDAI,MDAI,"Spectral AI, Inc.",NASDAQ,NASDAQ,NASDAQ
MDB,MDB,"MongoDB, Inc.",NASDAQ,NASDAQ,NASDAQ
MDBH,MDBH,"MDB Capital Holdings, LLC",NASDAQ,NASDAQ,NASDAQ
MDCX,MDCX,Medicus Pharma Ltd.,NASDAQ,NASDAQ,NASDAQ
MDGL,MDGL,"Madrigal Pharmaceuticals, Inc.",NASDAQ,NASDAQ,NASDAQ
MDIA,MDIA,Mediaco Holding Inc.,NASDAQ,NASDAQ,NASDAQ
MDLN,MDLN,Medline Inc.,NASDAQ,NASDAQ,NASDAQ
MDLZ,MDLZ,"Mondelez International, Inc.",NASDAQ,NASDAQ,NASDAQ
MDRR,MDRR,"Medalist Diversified, Inc.",NASDAQ,NASDAQ,NASDAQ
MDWD,MDWD,MediWound Ltd.,NASDAQ,NASDAQ,NASDAQ
MDXG,MDXG,"MiMedx Group, Inc",NASDAQ,NASDAQ,NASDAQ
MDXH,MDXH,MDxHealth SA,NASDAQ,NASDAQ,NASDAQ
MEDP,MEDP,"Medpace Holdings, Inc.",NASDAQ,NASDAQ,NASDAQ
MEDS,MEDS,"DataMeds AI, Inc.",NASDAQ,NASDAQ,NASDAQ
MEGL,MEGL,Magic Empire Global Limited,NASDAQ,NASDAQ,NASDAQ
MELI,MELI,"MercadoLibre, Inc.",NASDAQ,NASDAQ,NASDAQ
MENS,MENS,Jyong Biotech Ltd.,NASDAQ,NASDAQ,NASDAQ
MEOH,MEOH,Methanex Corporation,NASDAQ,NASDAQ,NASDAQ
MERC,MERC,Mercer International Inc.,NASDAQ,NASDAQ,NASDAQ
MESH,MESH,Meshflow Acquisition Corp.,NASDAQ,NASDAQ,NASDAQ
MESO,MESO,Mesoblast Limited,NASDAQ,NASDAQ,NASDAQ
META,META,"Meta Platforms, Inc.",NASDAQ,NASDAQ,NASDAQ
METC,METC,"Ramaco Resources, Inc.",NASDAQ,NASDAQ,NASDAQ
METCB,METCB,"Ramaco Resources, Inc.",NASDAQ,NASDAQ,NASDAQ
METCI,METCI,"Ramaco Resources, Inc.",NASDAQ,NASDAQ,NASDAQ
METCZ,METCZ,"Ramaco Resources, Inc.",NASDAQ,NASDAQ,NASDAQ
MEVO,MEVO,M Evo Global Acquisition Corp II,NASDAQ,NASDAQ,NASDAQ
MF,MF,MindForge Inc.,NASDAQ,NASDAQ,NASDAQ
MFI,MFI,mF International Limited,NASDAQ,NASDAQ,NASDAQ
MFIC,MFIC,MidCap Financial Investment Corporation,NASDAQ,NASDAQ,NASDAQ
MFICL,MFICL,MidCap Financial Investment Corporation,NASDAQ,NASDAQ,NASDAQ
MFIN,MFIN,Medallion Financial Corp.,NASDAQ,NASDAQ,NASDAQ
MFP,MFP,"Midera Food Processing, Inc.",NASDAQ,NASDAQ,NASDAQ
MGEE,MGEE,MGE Energy Inc.,NASDAQ,NASDAQ,NASDAQ
MGIH,MGIH,Millennium Group International Holdings Limited,NASDAQ,NASDAQ,NASDAQ
MGN,MGN,Megan Holdings Limited,NASDAQ,NASDAQ,NASDAQ
MGNI,MGNI,"Magnite, Inc.",NASDAQ,NASDAQ,NASDAQ
MGNX,MGNX,"MacroGenics, Inc.",NASDAQ,NASDAQ,NASDAQ
MGPI,MGPI,"MGP Ingredients, Inc.",NASDAQ,NASDAQ,NASDAQ
MGRC,MGRC,McGrath RentCorp,NASDAQ,NASDAQ,NASDAQ
MGRT,MGRT,Mega Fortune Company Limited,NASDAQ,NASDAQ,NASDAQ
MGRX,MGRX,"Mangoceuticals, Inc.",NASDAQ,NASDAQ,NASDAQ
MGTX,MGTX,MeiraGTx Holdings plc,NASDAQ,NASDAQ,NASDAQ
MGX,MGX,"Metagenomi Therapeutics, Inc.",NASDAQ,NASDAQ,NASDAQ
MGYR,MGYR,"Magyar Bancorp, Inc.",NASDAQ,NASDAQ,NASDAQ
MIDD,MIDD,The Middleby Corporation,NASDAQ,NASDAQ,NASDAQ
MIMI,MIMI,Mint Incorporation Limited,NASDAQ,NASDAQ,NASDAQ
MIND,MIND,"MIND Technology, Inc.",NASDAQ,NASDAQ,NASDAQ
MIRA,MIRA,"MIRA Pharmaceuticals, Inc.",NASDAQ,NASDAQ,NASDAQ
MIRM,MIRM,"Mirum Pharmaceuticals, Inc.",NASDAQ,NASDAQ,NASDAQ
MIST,MIST,Milestone Pharmaceuticals Inc.,NASDAQ,NASDAQ,NASDAQ
MITK,MITK,"Mitek Systems, Inc.",NASDAQ,NASDAQ,NASDAQ
MKDW,MKDW,MKDWELL Tech Inc.,NASDAQ,NASDAQ,NASDAQ
MKLY,MKLY,McKinley Acquisition Corporation,NASDAQ,NASDAQ,NASDAQ
MKSI,MKSI,MKS Inc.,NASDAQ,NASDAQ,NASDAQ
MKTW,MKTW,"MarketWise, Inc.",NASDAQ,NASDAQ,NASDAQ
MKTX,MKTX,"MarketAxess Holdings, Inc.",NASDAQ,NASDAQ,NASDAQ
MKZR,MKZR,"MacKenzie Realty Capital, Inc.",NASDAQ,NASDAQ,NASDAQ
MLAA,MLAA,Mountain Lake Acquisition Corp. II,NASDAQ,NASDAQ,NASDAQ
MLAB,MLAB,"Mesa Laboratories, Inc.",NASDAQ,NASDAQ,NASDAQ
MLCI,MLCI,Mount Logan Capital Inc.,NASDAQ,NASDAQ,NASDAQ
MLCIL,MLCIL,Mount Logan Capital Inc.,NASDAQ,NASDAQ,NASDAQ
MLCO,MLCO,Melco Resorts & Entertainment Limited,NASDAQ,NASDAQ,NASDAQ
MLEC,MLEC,Moolec Science SA,NASDAQ,NASDAQ,NASDAQ
MLGO,MLGO,"MicroAlgo, Inc.",NASDAQ,NASDAQ,NASDAQ
MLKN,MLKN,"MillerKnoll, Inc.",NASDAQ,NASDAQ,NASDAQ
MLTX,MLTX,MoonLake Immunotherapeutics,NASDAQ,NASDAQ,NASDAQ
MLYS,MLYS,"Mineralys Therapeutics, Inc.",NASDAQ,NASDAQ,NASDAQ
MMED,MMED,"MiniMed Group, Inc.",NASDAQ,NASDAQ,NASDAQ
MMSI,MMSI,"Merit Medical Systems, Inc.",NASDAQ,NASDAQ,NASDAQ
MMTX,MMTX,Miluna Acquisition Corp,NASDAQ,NASDAQ,NASDAQ
MMYT,MMYT,MakeMyTrip Limited,NASDAQ,NASDAQ,NASDAQ
MNDO,MNDO,MIND C.T.I. Ltd.,NASDAQ,NASDAQ,NASDAQ
MNDR,MNDR,Mobile-health Network Solutions,NASDAQ,NASDAQ,NASDAQ
MNDY,MNDY,monday.com Ltd.,NASDAQ,NASDAQ,NASDAQ
MNKD,MNKD,MannKind Corporation,NASDAQ,NASDAQ,NASDAQ
MNOV,MNOV,"MediciNova, Inc.",NASDAQ,NASDAQ,NASDAQ
MNPR,MNPR,Monopar Therapeutics Inc.,NASDAQ,NASDAQ,NASDAQ
MNRO,MNRO,"Monro, Inc.",NASDAQ,NASDAQ,NASDAQ
MNSB,MNSB,"MainStreet Bancshares, Inc.",NASDAQ,NASDAQ,NASDAQ
MNSBP,MNSBP,"MainStreet Bancshares, Inc.",NASDAQ,NASDAQ,NASDAQ
MNST,MNST,Monster Beverage Corporation,NASDAQ,NASDAQ,NASDAQ
MNTK,MNTK,"Montauk Renewables, Inc.",NASDAQ,NASDAQ,NASDAQ
MNTS,MNTS,Momentus Inc.,NASDAQ,NASDAQ,NASDAQ
MNY,MNY,MoneyHero Limited,NASDAQ,NASDAQ,NASDAQ
MOB,MOB,Mobilicom Limited,NASDAQ,NASDAQ,NASDAQ
MOBI,MOBI,"Mobia Medical, Inc.",NASDAQ,NASDAQ,NASDAQ
MOBX,MOBX,"Mobix Labs, Inc.",NASDAQ,NASDAQ,NASDAQ
MODD,MODD,"Modular Medical, Inc.",NASDAQ,NASDAQ,NASDAQ
MOLN,MOLN,Molecular Partners AG,NASDAQ,NASDAQ,NASDAQ
MOMO,MOMO,Hello Group Inc.,NASDAQ,NASDAQ,NASDAQ
MORN,MORN,"Morningstar, Inc.",NASDAQ,NASDAQ,NASDAQ
MOVE,MOVE,"Corvex, Inc.",NASDAQ,NASDAQ,NASDAQ
MPAA,MPAA,"Motorcar Parts of America, Inc.",NASDAQ,NASDAQ,NASDAQ
MPB,MPB,Mid Penn Bancorp,NASDAQ,NASDAQ,NASDAQ
MPLT,MPLT,"MapLight Therapeutics, Inc.",NASDAQ,NASDAQ,NASDAQ
MPWR,MPWR,"Monolithic Power Systems, Inc.",NASDAQ,NASDAQ,NASDAQ
MQ,MQ,"Marqeta, Inc.",NASDAQ,NASDAQ,NASDAQ
MRAM,MRAM,"Everspin Technologies, Inc.",NASDAQ,NASDAQ,NASDAQ
MRBK,MRBK,Meridian Corporation,NASDAQ,NASDAQ,NASDAQ
MRCY,MRCY,Mercury Systems Inc,NASDAQ,NASDAQ,NASDAQ
MRDN,MRDN,Meridian Holdings Inc.,NASDAQ,NASDAQ,NASDAQ
MREO,MREO,Mereo BioPharma Group plc,NASDAQ,NASDAQ,NASDAQ
MRKR,MRKR,"Marker Therapeutics, Inc.",NASDAQ,NASDAQ,NASDAQ
MRLN,MRLN,"Merlin, Inc.",NASDAQ,NASDAQ,NASDAQ
MRM,MRM,MEDIROM Healthcare Technologies Inc.,NASDAQ,NASDAQ,NASDAQ
MRNA,MRNA,"Moderna, Inc.",NASDAQ,NASDAQ,NASDAQ
MRNO,MRNO,Murano Global Investments PLC,NASDAQ,NASDAQ,NASDAQ
MRTN,MRTN,"Marten Transport, Ltd.",NASDAQ,NASDAQ,NASDAQ
MRVI,MRVI,"Maravai LifeSciences Holdings, Inc.",NASDAQ,NASDAQ,NASDAQ
MRVL,MRVL,"Marvell Technology, Inc.",NASDAQ,NASDAQ,NASDAQ
MRX,MRX,Marex Group Limited,NASDAQ,NASDAQ,NASDAQ
MSAI,MSAI,"MultiSensor AI Holdings, Inc.",NASDAQ,NASDAQ,NASDAQ
MSBI,MSBI,"Midland States Bancorp, Inc.",NASDAQ,NASDAQ,NASDAQ
MSBIP,MSBIP,"Midland States Bancorp, Inc.",NASDAQ,NASDAQ,NASDAQ
MSEX,MSEX,Middlesex Water Company,NASDAQ,NASDAQ,NASDAQ
MSFT,MSFT,Microsoft Corporation,NASDAQ,NASDAQ,NASDAQ
MSGM,MSGM,Motorsport Games Inc.,NASDAQ,NASDAQ,NASDAQ
MSGY,MSGY,Masonglory Limited,NASDAQ,NASDAQ,NASDAQ
MSLE,MSLE,Satellos Bioscience Inc.,NASDAQ,NASDAQ,NASDAQ
MSS,MSS,Maison Solutions Inc.,NASDAQ,NASDAQ,NASDAQ
MSTR,MSTR,Strategy Inc,NASDAQ,NASDAQ,NASDAQ
MTC,MTC,"MMTec, Inc.",NASDAQ,NASDAQ,NASDAQ
MTCH,MTCH,"Match Group, Inc.",NASDAQ,NASDAQ,NASDAQ
MTEK,MTEK,Maris-Tech Ltd.,NASDAQ,NASDAQ,NASDAQ
MTEN,MTEN,Mingteng International Corporation Inc.,NASDAQ,NASDAQ,NASDAQ
MTEX,MTEX,"Mannatech, Incorporated",NASDAQ,NASDAQ,NASDAQ
MTLS,MTLS,Materialise NV,NASDAQ,NASDAQ,NASDAQ
MTRX,MTRX,Matrix Service Company,NASDAQ,NASDAQ,NASDAQ
MTSI,MTSI,"MACOM Technology Solutions Holdings, Inc.",NASDAQ,NASDAQ,NASDAQ
MTVA,MTVA,MetaVia Inc.,NASDAQ,NASDAQ,NASDAQ
MU,MU,"Micron Technology, Inc.",NASDAQ,NASDAQ,NASDAQ
MUZE,MUZE,Muzero Acquisition Corp,NASDAQ,NASDAQ,NASDAQ
MVBF,MVBF,MVB Financial Corp.,NASDAQ,NASDAQ,NASDAQ
MVIS,MVIS,"MicroVision, Inc.",NASDAQ,NASDAQ,NASDAQ
MVST,MVST,"Microvast Holdings, Inc.",NASDAQ,NASDAQ,NASDAQ
MWC,MWC,"Micware Co., Ltd.",NASDAQ,NASDAQ,NASDAQ
MWH,MWH,"SOLV Energy, Inc.",NASDAQ,NASDAQ,NASDAQ
MWYN,MWYN,"Marwynn Holdings, Inc.",NASDAQ,NASDAQ,NASDAQ
MXCT,MXCT,"MaxCyte, Inc.",NASDAQ,NASDAQ,NASDAQ
MXL,MXL,"MaxLinear, Inc",NASDAQ,NASDAQ,NASDAQ
MYFW,MYFW,"First Western Financial, Inc.",NASDAQ,NASDAQ,NASDAQ
MYGN,MYGN,"Myriad Genetics, Inc.",NASDAQ,NASDAQ,NASDAQ
MYPS,MYPS,"PLAYSTUDIOS, Inc.",NASDAQ,NASDAQ,NASDAQ
MYRG,MYRG,"MYR Group, Inc.",NASDAQ,NASDAQ,NASDAQ
MYSE,MYSE,"Myseum.AI, Inc.",NASDAQ,NASDAQ,NASDAQ
MYSZ,MYSZ,"My Size, Inc.",NASDAQ,NASDAQ,NASDAQ
MYX,MYX,Maywood Acquisition Corp. 2,NASDAQ,NASDAQ,NASDAQ
MZTI,MZTI,The Marzetti Company,NASDAQ,NASDAQ,NASDAQ
nan,NAN,Nano Labs Ltd,NASDAQ,NASDAQ,NASDAQ
NAAS,NAAS,NaaS Technology Inc.,NASDAQ,NASDAQ,NASDAQ
NAGE,NAGE,"Niagen Bioscience, Inc.",NASDAQ,NASDAQ,NASDAQ
NAII,NAII,"Natural Alternatives International, Inc.",NASDAQ,NASDAQ,NASDAQ
NAKA,NAKA,Nakamoto Inc.,NASDAQ,NASDAQ,NASDAQ
NAMI,NAMI,Jinxin Technology Holding Company,NASDAQ,NASDAQ,NASDAQ
NAMM,NAMM,Namib Minerals,NASDAQ,NASDAQ,NASDAQ
NAMS,NAMS,NewAmsterdam Pharma Company N.V.,NASDAQ,NASDAQ,NASDAQ
NATH,NATH,"Nathan's Famous, Inc.",NASDAQ,NASDAQ,NASDAQ
NATR,NATR,"Nature's Sunshine Products, Inc.",NASDAQ,NASDAQ,NASDAQ
NAUT,NAUT,"Nautilus Biotechnology, Inc.",NASDAQ,NASDAQ,NASDAQ
NAVI,NAVI,Navient Corporation,NASDAQ,NASDAQ,NASDAQ
NAVN,NAVN,"Navan, Inc.",NASDAQ,NASDAQ,NASDAQ
NB,NB,NioCorp Developments Ltd.,NASDAQ,NASDAQ,NASDAQ
NBBK,NBBK,"NB Bancorp, Inc.",NASDAQ,NASDAQ,NASDAQ
NBIS,NBIS,Nebius Group N.V.,NASDAQ,NASDAQ,NASDAQ
NBIX,NBIX,"Neurocrine Biosciences, Inc.",NASDAQ,NASDAQ,NASDAQ
NBN,NBN,Northeast Bank,NASDAQ,NASDAQ,NASDAQ
NBP,NBP,NovaBridge Biosciences,NASDAQ,NASDAQ,NASDAQ
NBRG,NBRG,Newbridge Acquisition Limited,NASDAQ,NASDAQ,NASDAQ
NBTB,NBTB,NBT Bancorp Inc.,NASDAQ,NASDAQ,NASDAQ
NBTX,NBTX,Nanobiotix S.A.,NASDAQ,NASDAQ,NASDAQ
NCEL,NCEL,NewcelX Ltd.,NASDAQ,NASDAQ,NASDAQ
NCEW,NCEW,New Century Logistics (BVI) Limited,NASDAQ,NASDAQ,NASDAQ
NCI,NCI,Neo-Concept International Group Holdings Limited,NASDAQ,NASDAQ,NASDAQ
NCMI,NCMI,"National CineMedia, Inc.",NASDAQ,NASDAQ,NASDAQ
NCNA,NCNA,NuCana plc,NASDAQ,NASDAQ,NASDAQ
NCNO,NCNO,"nCino, Inc.",NASDAQ,NASDAQ,NASDAQ
NCO,NCO,Southern Cross Acquisition I Corp.,NASDAQ,NASDAQ,NASDAQ
NCPL,NCPL,Netcapital Inc.,NASDAQ,NASDAQ,NASDAQ
NCRA,NCRA,"Nocera, Inc.",NASDAQ,NASDAQ,NASDAQ
NCSM,NCSM,"NCS Multistage Holdings, Inc.",NASDAQ,NASDAQ,NASDAQ
NCT,NCT,Intercont (Cayman) Limited,NASDAQ,NASDAQ,NASDAQ
NCTY,NCTY,The9 Limited,NASDAQ,NASDAQ,NASDAQ
NDAQ,NDAQ,"Nasdaq, Inc.",NASDAQ,NASDAQ,NASDAQ
NDLS,NDLS,Noodles & Company,NASDAQ,NASDAQ,NASDAQ
NDRA,NDRA,ENDRA Life Sciences Inc.,NASDAQ,NASDAQ,NASDAQ
NDSN,NDSN,Nordson Corporation,NASDAQ,NASDAQ,NASDAQ
NECB,NECB,"NorthEast Community Bancorp, Inc.",NASDAQ,NASDAQ,NASDAQ
NEGG,NEGG,"Newegg Commerce, Inc.",NASDAQ,NASDAQ,NASDAQ
NEO,NEO,"NeoGenomics, Inc.",NASDAQ,NASDAQ,NASDAQ
NEOG,NEOG,Neogen Corporation,NASDAQ,NASDAQ,NASDAQ
NEON,NEON,Neonode Inc.,NASDAQ,NASDAQ,NASDAQ
NEOV,NEOV,NeoVolta Inc.,NASDAQ,NASDAQ,NASDAQ
NEPH,NEPH,"Nephros, Inc.",NASDAQ,NASDAQ,NASDAQ
NERV,NERV,"Minerva Neurosciences, Inc",NASDAQ,NASDAQ,NASDAQ
NESR,NESR,National Energy Services Reunited Corp,NASDAQ,NASDAQ,NASDAQ
NEUP,NEUP,Neuphoria Therapeutics Inc.,NASDAQ,NASDAQ,NASDAQ
NEWT,NEWT,"NewtekOne, Inc.",NASDAQ,NASDAQ,NASDAQ
NEWTG,NEWTG,"NewtekOne, Inc.",NASDAQ,NASDAQ,NASDAQ
NEWTH,NEWTH,"NewtekOne, Inc.",NASDAQ,NASDAQ,NASDAQ
NEWTI,NEWTI,"NewtekOne, Inc.",NASDAQ,NASDAQ,NASDAQ
NEWTO,NEWTO,"NewtekOne, Inc.",NASDAQ,NASDAQ,NASDAQ
NEWTP,NEWTP,"NewtekOne, Inc.",NASDAQ,NASDAQ,NASDAQ
NEXM,NEXM,NexMetals Mining Corp.,NASDAQ,NASDAQ,NASDAQ
NEXN,NEXN,Nexxen International Ltd.,NASDAQ,NASDAQ,NASDAQ
NEXR,NEXR,Nexera Technologies Ltd,NASDAQ,NASDAQ,NASDAQ
NEXT,NEXT,NextDecade Corporation,NASDAQ,NASDAQ,NASDAQ
NFE,NFE,New Fortress Energy Inc.,NASDAQ,NASDAQ,NASDAQ
NGEN,NGEN,NervGen Pharma Corp.,NASDAQ,NASDAQ,NASDAQ
NGNE,NGNE,Neurogene Inc.,NASDAQ,NASDAQ,NASDAQ
NHIC,NHIC,NewHold Investment Corp III,NASDAQ,NASDAQ,NASDAQ
NHIV,NHIV,NewHold Investment Corp IV,NASDAQ,NASDAQ,NASDAQ
NHP,NHP,"National Healthcare Properties, Inc.",NASDAQ,NASDAQ,NASDAQ
NHPAP,NHPAP,"National Healthcare Properties, Inc.",NASDAQ,NASDAQ,NASDAQ
NHPBP,NHPBP,"National Healthcare Properties, Inc.",NASDAQ,NASDAQ,NASDAQ
NHTC,NHTC,Natural Health Trends Corp.,NASDAQ,NASDAQ,NASDAQ
NICE,NICE,NICE Ltd,NASDAQ,NASDAQ,NASDAQ
NICM,NICM,Nicola Mining Inc.,NASDAQ,NASDAQ,NASDAQ
NIKI,NIKI,"Niki BioSolutions, Inc.",NASDAQ,NASDAQ,NASDAQ
NIPG,NIPG,NIP Group Inc.,NASDAQ,NASDAQ,NASDAQ
NIU,NIU,Niu Technologies,NASDAQ,NASDAQ,NASDAQ
NIVF,NIVF,NewGenIvf Group Limited,NASDAQ,NASDAQ,NASDAQ
NIXX,NIXX,"Nixxy, Inc.",NASDAQ,NASDAQ,NASDAQ
NKLR,NKLR,Terra Innovatum Global N.V.,NASDAQ,NASDAQ,NASDAQ
NKSH,NKSH,"National Bankshares, Inc.",NASDAQ,NASDAQ,NASDAQ
NKTR,NKTR,Nektar Therapeutics,NASDAQ,NASDAQ,NASDAQ
NKTX,NKTX,"Nkarta, Inc.",NASDAQ,NASDAQ,NASDAQ
NMAD,NMAD,"Nomad Power Solutions, Inc.",NASDAQ,NASDAQ,NASDAQ
NMFC,NMFC,New Mountain Finance Corporation,NASDAQ,NASDAQ,NASDAQ
NMFCZ,NMFCZ,New Mountain Finance Corporation,NASDAQ,NASDAQ,NASDAQ
NMIH,NMIH,NMI Holdings Inc,NASDAQ,NASDAQ,NASDAQ
NMP,NMP,NMP Acquisition Corp.,NASDAQ,NASDAQ,NASDAQ
NMRA,NMRA,"Neumora Therapeutics, Inc.",NASDAQ,NASDAQ,NASDAQ
NMRK,NMRK,"Newmark Group, Inc.",NASDAQ,NASDAQ,NASDAQ
NMTC,NMTC,NeuroOne Medical Technologies Corporation,NASDAQ,NASDAQ,NASDAQ
NN,NN,NextNav Inc.,NASDAQ,NASDAQ,NASDAQ
NNBR,NNBR,"NN, Inc.",NASDAQ,NASDAQ,NASDAQ
NNDM,NNDM,Nano Dimension Ltd.,NASDAQ,NASDAQ,NASDAQ
NNE,NNE,Nano Nuclear Energy Inc.,NASDAQ,NASDAQ,NASDAQ
NNNN,NNNN,Anbio Biotechnology,NASDAQ,NASDAQ,NASDAQ
NNOX,NNOX,NANO-X IMAGING LTD,NASDAQ,NASDAQ,NASDAQ
NODK,NODK,"NI Holdings, Inc.",NASDAQ,NASDAQ,NASDAQ
NOEM,NOEM,CO2 Energy Transition Corp.,NASDAQ,NASDAQ,NASDAQ
NOMA,NOMA,NOMADAR Corp.,NASDAQ,NASDAQ,NASDAQ
NOVT,NOVT,Novanta Inc.,NASDAQ,NASDAQ,NASDAQ
NPAC,NPAC,New Providence Acquisition Corp. III,NASDAQ,NASDAQ,NASDAQ
NPCE,NPCE,"Neuropace, Inc.",NASDAQ,NASDAQ,NASDAQ
NPT,NPT,Texxon Holding Limited,NASDAQ,NASDAQ,NASDAQ
NRC,NRC,NRC Health,NASDAQ,NASDAQ,NASDAQ
NRDS,NRDS,"NerdWallet, Inc.",NASDAQ,NASDAQ,NASDAQ
NRIM,NRIM,Northrim BanCorp Inc,NASDAQ,NASDAQ,NASDAQ
NRIX,NRIX,"Nurix Therapeutics, Inc.",NASDAQ,NASDAQ,NASDAQ
NRSN,NRSN,NeuroSense Therapeutics Ltd.,NASDAQ,NASDAQ,NASDAQ
NRXP,NRXP,"NRX Pharmaceuticals, Inc.",NASDAQ,NASDAQ,NASDAQ
NSIT,NSIT,"Insight Enterprises, Inc.",NASDAQ,NASDAQ,NASDAQ
NSLR,NSLR,Neostellar Capital Corp.,NASDAQ,NASDAQ,NASDAQ
NSLRL,NSLRL,Neostellar Capital Corp.,NASDAQ,NASDAQ,NASDAQ
NSPR,NSPR,InspireMD Inc.,NASDAQ,NASDAQ,NASDAQ
NSSC,NSSC,"NAPCO Security Technologies, Inc.",NASDAQ,NASDAQ,NASDAQ
NSTS,NSTS,"NSTS Bancorp, Inc.",NASDAQ,NASDAQ,NASDAQ
NSYS,NSYS,Nortech Systems Incorporated,NASDAQ,NASDAQ,NASDAQ
NTAP,NTAP,"NetApp, Inc.",NASDAQ,NASDAQ,NASDAQ
NTCL,NTCL,NETCLASS TECHNOLOGY INC,NASDAQ,NASDAQ,NASDAQ
NTCT,NTCT,"NetScout Systems, Inc.",NASDAQ,NASDAQ,NASDAQ
NTES,NTES,"NetEase, Inc.",NASDAQ,NASDAQ,NASDAQ
NTGR,NTGR,"NETGEAR, Inc.",NASDAQ,NASDAQ,NASDAQ
NTHI,NTHI,"NeOnc Technologies Holdings, Inc.",NASDAQ,NASDAQ,NASDAQ
NTIC,NTIC,Northern Technologies International Corporation,NASDAQ,NASDAQ,NASDAQ
NTLA,NTLA,"Intellia Therapeutics, Inc.",NASDAQ,NASDAQ,NASDAQ
NTNX,NTNX,"Nutanix, Inc.",NASDAQ,NASDAQ,NASDAQ
NTRA,NTRA,"Natera, Inc.",NASDAQ,NASDAQ,NASDAQ
NTRB,NTRB,Nutriband Inc.,NASDAQ,NASDAQ,NASDAQ
NTRP,NTRP,"NextTrip, Inc.",NASDAQ,NASDAQ,NASDAQ
NTRS,NTRS,Northern Trust Corporation,NASDAQ,NASDAQ,NASDAQ
NTRSO,NTRSO,Northern Trust Corporation,NASDAQ,NASDAQ,NASDAQ
NTSK,NTSK,"Netskope, Inc.",NASDAQ,NASDAQ,NASDAQ
NTWK,NTWK,NETSOL Technologies Inc.,NASDAQ,NASDAQ,NASDAQ
NTWO,NTWO,Newbury Street II Acquisition Corp,NASDAQ,NASDAQ,NASDAQ
NUAI,NUAI,"New Era Energy & Digital, Inc.",NASDAQ,NASDAQ,NASDAQ
NUCL,NUCL,Eagle Nuclear Energy Corp.,NASDAQ,NASDAQ,NASDAQ
NUTX,NUTX,Nutex Health Inc.,NASDAQ,NASDAQ,NASDAQ
NUWE,NUWE,"Nuwellis, Inc.",NASDAQ,NASDAQ,NASDAQ
NVAX,NVAX,"Novavax, Inc.",NASDAQ,NASDAQ,NASDAQ
NVCR,NVCR,NovoCure Limited,NASDAQ,NASDAQ,NASDAQ
NVCT,NVCT,"Nuvectis Pharma, Inc.",NASDAQ,NASDAQ,NASDAQ
NVDA,NVDA,NVIDIA Corporation,NASDAQ,NASDAQ,NASDAQ
NVEC,NVEC,NVE Corporation,NASDAQ,NASDAQ,NASDAQ
NVMI,NVMI,Nova Ltd.,NASDAQ,NASDAQ,NASDAQ
NVNI,NVNI,Nvni Group Limited,NASDAQ,NASDAQ,NASDAQ
NVNO,NVNO,enVVeno Medical Corporation,NASDAQ,NASDAQ,NASDAQ
NVTS,NVTS,Navitas Semiconductor Corporation,NASDAQ,NASDAQ,NASDAQ
NVX,NVX,NOVONIX Limited,NASDAQ,NASDAQ,NASDAQ
NWBI,NWBI,"Northwest Bancshares, Inc.",NASDAQ,NASDAQ,NASDAQ
NWE,NWE,"NorthWestern Energy Group, Inc.",NASDAQ,NASDAQ,NASDAQ
NWFL,NWFL,Norwood Financial Corp.,NASDAQ,NASDAQ,NASDAQ
NWGL,NWGL,CL Workshop Group Limited,NASDAQ,NASDAQ,NASDAQ
NWL,NWL,Newell Brands Inc.,NASDAQ,NASDAQ,NASDAQ
NWPX,NWPX,"NWPX Infrastructure, Inc.",NASDAQ,NASDAQ,NASDAQ
NWS,NWS,News Corporation,NASDAQ,NASDAQ,NASDAQ
NWSA,NWSA,News Corporation,NASDAQ,NASDAQ,NASDAQ
NWTG,NWTG,"Newton Golf Company, Inc.",NASDAQ,NASDAQ,NASDAQ
NXGL,NXGL,"NexGel, Inc",NASDAQ,NASDAQ,NASDAQ
NXL,NXL,"Nexalin Technology, Inc.",NASDAQ,NASDAQ,NASDAQ
NXPI,NXPI,NXP Semiconductors N.V.,NASDAQ,NASDAQ,NASDAQ
NXPL,NXPL,NextPlat Corp,NASDAQ,NASDAQ,NASDAQ
NXST,NXST,"Nexstar Media Group, Inc.",NASDAQ,NASDAQ,NASDAQ
NXT,NXT,Nextpower Inc.,NASDAQ,NASDAQ,NASDAQ
NXTC,NXTC,"NextCure, Inc.",NASDAQ,NASDAQ,NASDAQ
NXTS,NXTS,Nexentis Technologies Inc.,NASDAQ,NASDAQ,NASDAQ
NXTT,NXTT,Next Technology Holding Inc.,NASDAQ,NASDAQ,NASDAQ
NXXT,NXXT,"NextNRG, Inc.",NASDAQ,NASDAQ,NASDAQ
NYAX,NYAX,Nayax Ltd.,NASDAQ,NASDAQ,NASDAQ
NYXH,NYXH,Nyxoah SA,NASDAQ,NASDAQ,NASDAQ
OABI,OABI,"OmniAb, Inc.",NASDAQ,NASDAQ,NASDAQ
OACC,OACC,Oaktree Acquisition Corp. III Life Sciences,NASDAQ,NASDAQ,NASDAQ
OBA,OBA,Oxley Bridge Acquisition Limited,NASDAQ,NASDAQ,NASDAQ
OBAI,OBAI,"Our Bond, Inc.",NASDAQ,NASDAQ,NASDAQ
OBIO,OBIO,"Orchestra BioMed Holdings, Inc.",NASDAQ,NASDAQ,NASDAQ
OBT,OBT,"Orange County Bancorp, Inc.",NASDAQ,NASDAQ,NASDAQ
OBX,OBX,"Obsidian Therapeutics, Inc.",NASDAQ,NASDAQ,NASDAQ
OCC,OCC,Optical Cable Corporation,NASDAQ,NASDAQ,NASDAQ
OCCI,OCCI,"OFS Credit Company, Inc.",NASDAQ,NASDAQ,NASDAQ
OCCIM,OCCIM,"OFS Credit Company, Inc.",NASDAQ,NASDAQ,NASDAQ
OCCIN,OCCIN,"OFS Credit Company, Inc.",NASDAQ,NASDAQ,NASDAQ
OCFC,OCFC,OceanFirst Financial Corp.,NASDAQ,NASDAQ,NASDAQ
OCG,OCG,Oriental Culture Holding LTD,NASDAQ,NASDAQ,NASDAQ
OCGN,OCGN,"Ocugen, Inc.",NASDAQ,NASDAQ,NASDAQ
OCS,OCS,Oculis Holding AG,NASDAQ,NASDAQ,NASDAQ
OCSL,OCSL,Oaktree Specialty Lending Corporation,NASDAQ,NASDAQ,NASDAQ
OCTV,OCTV,Octave Intelligence plc,NASDAQ,NASDAQ,NASDAQ
OCUL,OCUL,"Ocular Therapeutix, Inc.",NASDAQ,NASDAQ,NASDAQ
ODD,ODD,ODDITY Tech Ltd.,NASDAQ,NASDAQ,NASDAQ
ODFL,ODFL,"Old Dominion Freight Line, Inc.",NASDAQ,NASDAQ,NASDAQ
ODTX,ODTX,"Odyssey Therapeutics, Inc.",NASDAQ,NASDAQ,NASDAQ
ODYS,ODYS,Odysight.ai Inc.,NASDAQ,NASDAQ,NASDAQ
OESX,OESX,"Orion Energy Systems, Inc.",NASDAQ,NASDAQ,NASDAQ
OFAL,OFAL,OFA Group,NASDAQ,NASDAQ,NASDAQ
OFIX,OFIX,Orthofix Medical Inc.,NASDAQ,NASDAQ,NASDAQ
OFLX,OFLX,"Omega Flex, Inc.",NASDAQ,NASDAQ,NASDAQ
OFS,OFS,OFS Capital Corporation,NASDAQ,NASDAQ,NASDAQ
OFSSH,OFSSH,OFS Capital Corporation,NASDAQ,NASDAQ,NASDAQ
OFSSO,OFSSO,OFS Capital Corporation,NASDAQ,NASDAQ,NASDAQ
OGI,OGI,Organigram Global Inc.,NASDAQ,NASDAQ,NASDAQ
OHAC,OHAC,Oceanhawk Acquisition Corp.,NASDAQ,NASDAQ,NASDAQ
OIM,OIM,OneIM Acquisition Corp.,NASDAQ,NASDAQ,NASDAQ
OIO,OIO,OIO Group,NASDAQ,NASDAQ,NASDAQ
OKTA,OKTA,"Okta, Inc.",NASDAQ,NASDAQ,NASDAQ
OKUR,OKUR,"OnKure Therapeutics, Inc.",NASDAQ,NASDAQ,NASDAQ
OKYO,OKYO,OKYO Pharma Limited,NASDAQ,NASDAQ,NASDAQ
OLB,OLB,"The OLB Group, Inc.",NASDAQ,NASDAQ,NASDAQ
OLED,OLED,Universal Display Corporation,NASDAQ,NASDAQ,NASDAQ
OLLI,OLLI,"Ollie's Bargain Outlet Holdings, Inc.",NASDAQ,NASDAQ,NASDAQ
OLMA,OLMA,"Olema Pharmaceuticals, Inc.",NASDAQ,NASDAQ,NASDAQ
OLOX,OLOX,Olenox Industries Inc.,NASDAQ,NASDAQ,NASDAQ
OM,OM,"Outset Medical, Inc.",NASDAQ,NASDAQ,NASDAQ
OMAB,OMAB,Grupo Aeroportuario del Centro Norte S.A.B. de C,NASDAQ,NASDAQ,NASDAQ
OMCL,OMCL,"Omnicell, Inc.",NASDAQ,NASDAQ,NASDAQ
OMDA,OMDA,"Omada Health, Inc.",NASDAQ,NASDAQ,NASDAQ
OMER,OMER,Omeros Corporation,NASDAQ,NASDAQ,NASDAQ
OMEX,OMEX,"Odyssey Marine Exploration, Inc.",NASDAQ,NASDAQ,NASDAQ
OMH,OMH,Ohmyhome Limited,NASDAQ,NASDAQ,NASDAQ
OMSE,OMSE,OMS Energy Technologies Inc.,NASDAQ,NASDAQ,NASDAQ
ON,ON,ON Semiconductor Corporation,NASDAQ,NASDAQ,NASDAQ
ONB,ONB,Old National Bancorp,NASDAQ,NASDAQ,NASDAQ
ONBPO,ONBPO,Old National Bancorp,NASDAQ,NASDAQ,NASDAQ
ONBPP,ONBPP,Old National Bancorp,NASDAQ,NASDAQ,NASDAQ
ONC,ONC,BeOne Medicines Ltd.,NASDAQ,NASDAQ,NASDAQ
ONCH,ONCH,1RT Acquisition Corp.,NASDAQ,NASDAQ,NASDAQ
ONCO,ONCO,"Onconetix, Inc.",NASDAQ,NASDAQ,NASDAQ
ONCY,ONCY,Oncolytics Biotech Inc.,NASDAQ,NASDAQ,NASDAQ
ONDS,ONDS,Ondas Inc,NASDAQ,NASDAQ,NASDAQ
ONEG,ONEG,OneConstruction Group Limited,NASDAQ,NASDAQ,NASDAQ
ONEW,ONEW,OneWater Marine Inc.,NASDAQ,NASDAQ,NASDAQ
ONFO,ONFO,Onfolio Holdings Inc.,NASDAQ,NASDAQ,NASDAQ
ONMD,ONMD,OneMedNet Corp,NASDAQ,NASDAQ,NASDAQ
OPAL,OPAL,OPAL Fuels Inc.,NASDAQ,NASDAQ,NASDAQ
OPBK,OPBK,OP Bancorp,NASDAQ,NASDAQ,NASDAQ
OPCH,OPCH,"Option Care Health, Inc.",NASDAQ,NASDAQ,NASDAQ
OPEN,OPEN,Opendoor Technologies Inc,NASDAQ,NASDAQ,NASDAQ
OPI,OPI,Office Properties Income Trust,NASDAQ,NASDAQ,NASDAQ
OPK,OPK,"Opko Health, Inc.",NASDAQ,NASDAQ,NASDAQ
OPRA,OPRA,Opera Limited,NASDAQ,NASDAQ,NASDAQ
OPRT,OPRT,Oportun Financial Corporation,NASDAQ,NASDAQ,NASDAQ
OPRX,OPRX,OptimizeRx Corporation,NASDAQ,NASDAQ,NASDAQ
OPTH,OPTH,Optimi Health Corp.,NASDAQ,NASDAQ,NASDAQ
OPTX,OPTX,"Syntec Optics Holdings, Inc.",NASDAQ,NASDAQ,NASDAQ
OPXS,OPXS,"Optex Systems Holdings, Inc.",NASDAQ,NASDAQ,NASDAQ
ORBS,ORBS,Eightco Holdings Inc.,NASDAQ,NASDAQ,NASDAQ
ORGO,ORGO,Organogenesis Holdings Inc.,NASDAQ,NASDAQ,NASDAQ
ORIC,ORIC,"Oric Pharmaceuticals, Inc.",NASDAQ,NASDAQ,NASDAQ
ORIO,ORIO,Orion Digital Corp.,NASDAQ,NASDAQ,NASDAQ
ORIQ,ORIQ,Origin Investment Corp I,NASDAQ,NASDAQ,NASDAQ
ORKA,ORKA,"Oruka Therapeutics, Inc.",NASDAQ,NASDAQ,NASDAQ
ORKT,ORKT,Orangekloud Technology Inc.,NASDAQ,NASDAQ,NASDAQ
ORLY,ORLY,"O'Reilly Automotive, Inc.",NASDAQ,NASDAQ,NASDAQ
ORMP,ORMP,Oramed Pharmaceuticals Inc.,NASDAQ,NASDAQ,NASDAQ
ORRF,ORRF,"Orrstown Financial Services, Inc.",NASDAQ,NASDAQ,NASDAQ
OSBC,OSBC,"Old Second Bancorp, Inc.",NASDAQ,NASDAQ,NASDAQ
OSIS,OSIS,"OSI Systems, Inc.",NASDAQ,NASDAQ,NASDAQ
OSPN,OSPN,OneSpan Inc.,NASDAQ,NASDAQ,NASDAQ
OSRH,OSRH,"OSR Health, Inc.",NASDAQ,NASDAQ,NASDAQ
OSS,OSS,"One Stop Systems, Inc.",NASDAQ,NASDAQ,NASDAQ
OST,OST,"Ostin Technology Group Co., Ltd.",NASDAQ,NASDAQ,NASDAQ
OSUR,OSUR,"OraSure Technologies, Inc.",NASDAQ,NASDAQ,NASDAQ
OSW,OSW,OneSpaWorld Holdings Limited,NASDAQ,NASDAQ,NASDAQ
OTEX,OTEX,Open Text Corporation,NASDAQ,NASDAQ,NASDAQ
OTGA,OTGA,OTG Acquisition Corp. I,NASDAQ,NASDAQ,NASDAQ
OTLK,OTLK,"Outlook Therapeutics, Inc.",NASDAQ,NASDAQ,NASDAQ
OTLY,OTLY,Oatly Group AB,NASDAQ,NASDAQ,NASDAQ
OTTR,OTTR,Otter Tail Corporation,NASDAQ,NASDAQ,NASDAQ
OUST,OUST,"Ouster, Inc.",NASDAQ,NASDAQ,NASDAQ
OVBC,OVBC,Ohio Valley Banc Corp.,NASDAQ,NASDAQ,NASDAQ
OVID,OVID,Ovid Therapeutics Inc.,NASDAQ,NASDAQ,NASDAQ
OVLY,OVLY,Oak Valley Bancorp (CA),NASDAQ,NASDAQ,NASDAQ
OWLS,OWLS,OBOOK Holdings Inc.,NASDAQ,NASDAQ,NASDAQ
OXBR,OXBR,Oxbridge Re Holdings Limited,NASDAQ,NASDAQ,NASDAQ
OXLC,OXLC,Oxford Lane Capital Corp.,NASDAQ,NASDAQ,NASDAQ
OXLCG,OXLCG,Oxford Lane Capital Corp.,NASDAQ,NASDAQ,NASDAQ
OXLCI,OXLCI,Oxford Lane Capital Corp.,NASDAQ,NASDAQ,NASDAQ
OXLCL,OXLCL,Oxford Lane Capital Corp.,NASDAQ,NASDAQ,NASDAQ
OXLCM,OXLCM,Oxford Lane Capital Corp.,NASDAQ,NASDAQ,NASDAQ
OXLCN,OXLCN,Oxford Lane Capital Corp.,NASDAQ,NASDAQ,NASDAQ
OXLCO,OXLCO,Oxford Lane Capital Corp.,NASDAQ,NASDAQ,NASDAQ
OXLCZ,OXLCZ,Oxford Lane Capital Corp.,NASDAQ,NASDAQ,NASDAQ
OXSQ,OXSQ,Oxford Square Capital Corp.,NASDAQ,NASDAQ,NASDAQ
OXSQG,OXSQG,Oxford Square Capital Corp.,NASDAQ,NASDAQ,NASDAQ
OXSQH,OXSQH,Oxford Square Capital Corp.,NASDAQ,NASDAQ,NASDAQ
OYSE,OYSE,Oyster Enterprises II Acquisition Corp,NASDAQ,NASDAQ,NASDAQ
OZK,OZK,Bank OZK,NASDAQ,NASDAQ,NASDAQ
OZKAP,OZKAP,Bank OZK,NASDAQ,NASDAQ,NASDAQ
PAAC,PAAC,Proem Acquisition Corp I,NASDAQ,NASDAQ,NASDAQ
PACB,PACB,"Pacific Biosciences of California, Inc.",NASDAQ,NASDAQ,NASDAQ
PACH,PACH,Pioneer Acquisition I Corp,NASDAQ,NASDAQ,NASDAQ
PAGP,PAGP,"Plains GP Holdings, L.P.",NASDAQ,NASDAQ,NASDAQ
PAHC,PAHC,Phibro Animal Health Corporation,NASDAQ,NASDAQ,NASDAQ
PAL,PAL,"Proficient Auto Logistics, Inc.",NASDAQ,NASDAQ,NASDAQ
PALI,PALI,"Palisade Bio, Inc.",NASDAQ,NASDAQ,NASDAQ
PALO,PALO,Paloma Acquisition Corp I,NASDAQ,NASDAQ,NASDAQ
PAMT,PAMT,PAMT CORP,NASDAQ,NASDAQ,NASDAQ
PANL,PANL,Pangaea Logistics Solutions Ltd.,NASDAQ,NASDAQ,NASDAQ
PANW,PANW,"Palo Alto Networks, Inc.",NASDAQ,NASDAQ,NASDAQ
PARA,PARA,"Banzai International, Inc.",NASDAQ,NASDAQ,NASDAQ
PARK,PARK,"Park Dental Partners, Inc.",NASDAQ,NASDAQ,NASDAQ
PASG,PASG,"Passage Bio, Inc.",NASDAQ,NASDAQ,NASDAQ
PASW,PASW,"Ping An Biomedical Co., Ltd.",NASDAQ,NASDAQ,NASDAQ
PATK,PATK,"Patrick Industries, Inc.",NASDAQ,NASDAQ,NASDAQ
PAVM,PAVM,PAVmed Inc.,NASDAQ,NASDAQ,NASDAQ
PAVS,PAVS,Paranovus Entertainment Technology Ltd.,NASDAQ,NASDAQ,NASDAQ
PAX,PAX,Patria Investments Limited,NASDAQ,NASDAQ,NASDAQ
PAYO,PAYO,Payoneer Global Inc.,NASDAQ,NASDAQ,NASDAQ
PAYP,PAYP,PayPay Corporation,NASDAQ,NASDAQ,NASDAQ
PAYS,PAYS,"Paysign, Inc.",NASDAQ,NASDAQ,NASDAQ
PAYX,PAYX,"Paychex, Inc.",NASDAQ,NASDAQ,NASDAQ
PBAM,PBAM,"Private Bancorp of America, Inc.",NASDAQ,NASDAQ,NASDAQ
PBFS,PBFS,"Pioneer Bancorp, Inc.",NASDAQ,NASDAQ,NASDAQ
PBHC,PBHC,"Pathfinder Bancorp, Inc.",NASDAQ,NASDAQ,NASDAQ
PBK,PBK,PowerBank Corporation,NASDAQ,NASDAQ,NASDAQ
PBLS,PBLS,"Parabilis Medicines, Inc.",NASDAQ,NASDAQ,NASDAQ
PBM,PBM,Psyence Biomedical Ltd.,NASDAQ,NASDAQ,NASDAQ
PBYI,PBYI,Puma Biotechnology Inc,NASDAQ,NASDAQ,NASDAQ
PC,PC,Premium Catering (Holdings) Limited,NASDAQ,NASDAQ,NASDAQ
PCAP,PCAP,ProCap Acquisition Corp,NASDAQ,NASDAQ,NASDAQ
PCAR,PCAR,PACCAR Inc.,NASDAQ,NASDAQ,NASDAQ
PCB,PCB,PCB Bancorp,NASDAQ,NASDAQ,NASDAQ
PCLA,PCLA,PicoCELA Inc.,NASDAQ,NASDAQ,NASDAQ
PCRX,PCRX,"Pacira BioSciences, Inc.",NASDAQ,NASDAQ,NASDAQ
PCSA,PCSA,"Processa Pharmaceuticals, Inc.",NASDAQ,NASDAQ,NASDAQ
PCT,PCT,"PureCycle Technologies, Inc.",NASDAQ,NASDAQ,NASDAQ
PCTY,PCTY,Paylocity Holding Corporation,NASDAQ,NASDAQ,NASDAQ
PCVX,PCVX,"Vaxcyte, Inc.",NASDAQ,NASDAQ,NASDAQ
PCYO,PCYO,Pure Cycle Corporation,NASDAQ,NASDAQ,NASDAQ
PDC,PDC,Perpetuals.com Ltd,NASDAQ,NASDAQ,NASDAQ
PDD,PDD,PDD Holdings Inc.,NASDAQ,NASDAQ,NASDAQ
PDEX,PDEX,"Pro-Dex, Inc.",NASDAQ,NASDAQ,NASDAQ
PDFS,PDFS,"PDF Solutions, Inc.",NASDAQ,NASDAQ,NASDAQ
PDLB,PDLB,"Ponce Financial Group, Inc.",NASDAQ,NASDAQ,NASDAQ
PDSB,PDSB,PDS Biotechnology Corporation,NASDAQ,NASDAQ,NASDAQ
PDYN,PDYN,Palladyne AI Corp.,NASDAQ,NASDAQ,NASDAQ
PEBK,PEBK,"Peoples Bancorp of North Carolina, Inc.",NASDAQ,NASDAQ,NASDAQ
PEBO,PEBO,Peoples Bancorp Inc.,NASDAQ,NASDAQ,NASDAQ
PECE,PECE,Peace Acquisition Corp,NASDAQ,NASDAQ,NASDAQ
PECO,PECO,"Phillips Edison & Company, Inc.",NASDAQ,NASDAQ,NASDAQ
PEGA,PEGA,Pegasystems Inc.,NASDAQ,NASDAQ,NASDAQ
PENG,PENG,"Penguin Solutions, Inc.",NASDAQ,NASDAQ,NASDAQ
PENN,PENN,"PENN Entertainment, Inc.",NASDAQ,NASDAQ,NASDAQ
PEP,PEP,"PepsiCo, Inc.",NASDAQ,NASDAQ,NASDAQ
PEPG,PEPG,PepGen Inc.,NASDAQ,NASDAQ,NASDAQ
PERI,PERI,Perion Network Ltd,NASDAQ,NASDAQ,NASDAQ
PESI,PESI,"Perma-Fix Environmental Services, Inc.",NASDAQ,NASDAQ,NASDAQ
PETS,PETS,"PetMed Express, Inc.",NASDAQ,NASDAQ,NASDAQ
PETZ,PETZ,"TDH Holdings, Inc.",NASDAQ,NASDAQ,NASDAQ
PFAI,PFAI,Pinnacle Food Group Limited,NASDAQ,NASDAQ,NASDAQ
PFBC,PFBC,Preferred Bank,NASDAQ,NASDAQ,NASDAQ
PFG,PFG,Principal Financial Group Inc,NASDAQ,NASDAQ,NASDAQ
PFIS,PFIS,Peoples Financial Services Corp.,NASDAQ,NASDAQ,NASDAQ
PFSA,PFSA,"Profusa, Inc.",NASDAQ,NASDAQ,NASDAQ
PFX,PFX,PhenixFIN Corporation,NASDAQ,NASDAQ,NASDAQ
PFXNZ,PFXNZ,PhenixFIN Corporation,NASDAQ,NASDAQ,NASDAQ
PGAC,PGAC,Pantages Capital Acquisition Corporation,NASDAQ,NASDAQ,NASDAQ
PGC,PGC,Peapack-Gladstone Financial Corporation,NASDAQ,NASDAQ,NASDAQ
PGEN,PGEN,"Precigen, Inc.",NASDAQ,NASDAQ,NASDAQ
PGNY,PGNY,"Progyny, Inc.",NASDAQ,NASDAQ,NASDAQ
PGY,PGY,Pagaya Technologies Ltd.,NASDAQ,NASDAQ,NASDAQ
PHAR,PHAR,Pharming Group N.V.,NASDAQ,NASDAQ,NASDAQ
PHAT,PHAT,"Phathom Pharmaceuticals, Inc.",NASDAQ,NASDAQ,NASDAQ
PHIO,PHIO,Phio Pharmaceuticals Corp.,NASDAQ,NASDAQ,NASDAQ
PHOE,PHOE,Phoenix Asia Holdings Limited,NASDAQ,NASDAQ,NASDAQ
PHOS,PHOS,First Phosphate Corp.,NASDAQ,NASDAQ,NASDAQ
PHUN,PHUN,"Phunware, Inc.",NASDAQ,NASDAQ,NASDAQ
PHVS,PHVS,Pharvaris N.V.,NASDAQ,NASDAQ,NASDAQ
PI,PI,"Impinj, Inc.",NASDAQ,NASDAQ,NASDAQ
PICS,PICS,PicS N.V.,NASDAQ,NASDAQ,NASDAQ
PIII,PIII,P3 Health Partners Inc.,NASDAQ,NASDAQ,NASDAQ
PKBK,PKBK,"Parke Bancorp, Inc.",NASDAQ,NASDAQ,NASDAQ
PKOH,PKOH,Park-Ohio Holdings Corp.,NASDAQ,NASDAQ,NASDAQ
PLAB,PLAB,"Photronics, Inc.",NASDAQ,NASDAQ,NASDAQ
PLAY,PLAY,"Dave & Buster's Entertainment, Inc.",NASDAQ,NASDAQ,NASDAQ
PLBC,PLBC,Plumas Bancorp,NASDAQ,NASDAQ,NASDAQ
PLBL,PLBL,Polibeli Group Ltd,NASDAQ,NASDAQ,NASDAQ
PLBY,PLBY,"Playboy, Inc.",NASDAQ,NASDAQ,NASDAQ
PLCE,PLCE,"Children's Place, Inc. (The)",NASDAQ,NASDAQ,NASDAQ
PLCI,PLCI,Pelican Acquisition II Corporation,NASDAQ,NASDAQ,NASDAQ
PLMK,PLMK,Plum Acquisition Corp. IV,NASDAQ,NASDAQ,NASDAQ
PLMR,PLMR,"Palomar Holdings, Inc.",NASDAQ,NASDAQ,NASDAQ
PLPC,PLPC,Preformed Line Products Company,NASDAQ,NASDAQ,NASDAQ
PLRX,PLRX,"Pliant Therapeutics, Inc.",NASDAQ,NASDAQ,NASDAQ
PLRZ,PLRZ,Polyrizon Ltd.,NASDAQ,NASDAQ,NASDAQ
PLSE,PLSE,"Pulse Biosciences, Inc",NASDAQ,NASDAQ,NASDAQ
PLSM,PLSM,Pulsenmore Ltd.,NASDAQ,NASDAQ,NASDAQ
PLTK,PLTK,Playtika Holding Corp.,NASDAQ,NASDAQ,NASDAQ
PLTR,PLTR,Palantir Technologies Inc.,NASDAQ,NASDAQ,NASDAQ
PLTS,PLTS,Platinum Analytics Cayman Limited,NASDAQ,NASDAQ,NASDAQ
PLUG,PLUG,"Plug Power, Inc.",NASDAQ,NASDAQ,NASDAQ
PLUR,PLUR,Pluri Inc.,NASDAQ,NASDAQ,NASDAQ
PLUS,PLUS,ePlus inc.,NASDAQ,NASDAQ,NASDAQ
PLUT,PLUT,Plutus Financial Group Limited,NASDAQ,NASDAQ,NASDAQ
PLXS,PLXS,Plexus Corp.,NASDAQ,NASDAQ,NASDAQ
PLYX,PLYX,"Polaryx Therapeutics, Inc.",NASDAQ,NASDAQ,NASDAQ
PMA,PMA,Ming Shing Group Holdings Limited,NASDAQ,NASDAQ,NASDAQ
PMAX,PMAX,Powell Max Limited,NASDAQ,NASDAQ,NASDAQ
PMCB,PMCB,"PharmaCyte  Biotech, Inc.",NASDAQ,NASDAQ,NASDAQ
PMEC,PMEC,Primech Holdings Ltd.,NASDAQ,NASDAQ,NASDAQ
PMN,PMN,ProMIS Neurosciences Inc.,NASDAQ,NASDAQ,NASDAQ
PMTR,PMTR,Perimeter Acquisition Corp. I,NASDAQ,NASDAQ,NASDAQ
PMTS,PMTS,CPI Card Group Inc.,NASDAQ,NASDAQ,NASDAQ
PMVP,PMVP,"PMV Pharmaceuticals, Inc.",NASDAQ,NASDAQ,NASDAQ
PN,PN,PN Smart Energy Limited,NASDAQ,NASDAQ,NASDAQ
PNBK,PNBK,Patriot National Bancorp Inc.,NASDAQ,NASDAQ,NASDAQ
PNRG,PNRG,PrimeEnergy Resources Corporation,NASDAQ,NASDAQ,NASDAQ
PNTG,PNTG,"The Pennant Group, Inc.",NASDAQ,NASDAQ,NASDAQ
POCI,POCI,"Precision Optics Corporation, Inc.",NASDAQ,NASDAQ,NASDAQ
PODC,PODC,"PodcastOne, Inc.",NASDAQ,NASDAQ,NASDAQ
PODD,PODD,Insulet Corporation,NASDAQ,NASDAQ,NASDAQ
POET,POET,POET Technologies Inc.,NASDAQ,NASDAQ,NASDAQ
POLA,POLA,"Polar Power, Inc.",NASDAQ,NASDAQ,NASDAQ
POLE,POLE,Andretti Acquisition Corp. II,NASDAQ,NASDAQ,NASDAQ
POM,POM,POMDOCTOR LIMITED,NASDAQ,NASDAQ,NASDAQ
PONO,PONO,"Pono Capital Four, Inc.",NASDAQ,NASDAQ,NASDAQ
PONY,PONY,Pony AI Inc.,NASDAQ,NASDAQ,NASDAQ
POOL,POOL,Pool Corporation,NASDAQ,NASDAQ,NASDAQ
POWI,POWI,"Power Integrations, Inc.",NASDAQ,NASDAQ,NASDAQ
POWL,POWL,"Powell Industries, Inc.",NASDAQ,NASDAQ,NASDAQ
POWW,POWW,Outdoor Holding Company,NASDAQ,NASDAQ,NASDAQ
POWWP,POWWP,Outdoor Holding Company,NASDAQ,NASDAQ,NASDAQ
PPBT,PPBT,Purple Biotech Ltd.,NASDAQ,NASDAQ,NASDAQ
PPC,PPC,Pilgrim's Pride Corporation,NASDAQ,NASDAQ,NASDAQ
PPCB,PPCB,"Propanc Biopharma, Inc.",NASDAQ,NASDAQ,NASDAQ
PPHC,PPHC,"Public Policy Holding Company, Inc.",NASDAQ,NASDAQ,NASDAQ
PPIH,PPIH,"Perma-Pipe International Holdings, Inc.",NASDAQ,NASDAQ,NASDAQ
PPLI,PPLI,People Incorporated,NASDAQ,NASDAQ,NASDAQ
PPSI,PPSI,"Pioneer Power Solutions, Inc.",NASDAQ,NASDAQ,NASDAQ
PPTA,PPTA,Perpetua Resources Corp.,NASDAQ,NASDAQ,NASDAQ
PRAA,PRAA,"PRA Group, Inc.",NASDAQ,NASDAQ,NASDAQ
PRAX,PRAX,"Praxis Precision Medicines, Inc.",NASDAQ,NASDAQ,NASDAQ
PRCH,PRCH,"Porch Group, Inc.",NASDAQ,NASDAQ,NASDAQ
PRCT,PRCT,PROCEPT BioRobotics Corporation,NASDAQ,NASDAQ,NASDAQ
PRDO,PRDO,Perdoceo Education Corporation,NASDAQ,NASDAQ,NASDAQ
PRE,PRE,Prenetics Global Limited,NASDAQ,NASDAQ,NASDAQ
PRFX,PRFX,PRF Technologies Ltd.,NASDAQ,NASDAQ,NASDAQ
PRGS,PRGS,Progress Software Corporation,NASDAQ,NASDAQ,NASDAQ
PRHI,PRHI,"Presurance Holdings, Inc.",NASDAQ,NASDAQ,NASDAQ
PRHIZ,PRHIZ,"Presurance Holdings, Inc.",NASDAQ,NASDAQ,NASDAQ
PRLD,PRLD,Prelude Therapeutics Incorporated,NASDAQ,NASDAQ,NASDAQ
PRME,PRME,"Prime Medicine, Inc.",NASDAQ,NASDAQ,NASDAQ
PROF,PROF,Profound Medical Corp.,NASDAQ,NASDAQ,NASDAQ
PROK,PROK,ProKidney Corp.,NASDAQ,NASDAQ,NASDAQ
PROP,PROP,Prairie Operating Co.,NASDAQ,NASDAQ,NASDAQ
PROV,PROV,"Provident Financial Holdings, Inc.",NASDAQ,NASDAQ,NASDAQ
PRPL,PRPL,"Purple Innovation, Inc.",NASDAQ,NASDAQ,NASDAQ
PRPO,PRPO,"Precipio, Inc.",NASDAQ,NASDAQ,NASDAQ
PRQR,PRQR,ProQR Therapeutics N.V.,NASDAQ,NASDAQ,NASDAQ
PRSO,PRSO,Peraso Inc.,NASDAQ,NASDAQ,NASDAQ
PRTA,PRTA,Prothena Corporation plc,NASDAQ,NASDAQ,NASDAQ
PRTH,PRTH,"Priority Technology Holdings, Inc.",NASDAQ,NASDAQ,NASDAQ
PRTS,PRTS,"CarParts.com, Inc.",NASDAQ,NASDAQ,NASDAQ
PRVA,PRVA,"Privia Health Group, Inc.",NASDAQ,NASDAQ,NASDAQ
PRZO,PRZO,ParaZero Technologies Ltd.,NASDAQ,NASDAQ,NASDAQ
PSEC,PSEC,Prospect Capital Corporation,NASDAQ,NASDAQ,NASDAQ
PSHG,PSHG,Performance Shipping Inc.,NASDAQ,NASDAQ,NASDAQ
PSIG,PSIG,PS International Group Ltd.,NASDAQ,NASDAQ,NASDAQ
PSIX,PSIX,"Power Solutions International, Inc.",NASDAQ,NASDAQ,NASDAQ
PSKY,PSKY,Paramount Skydance Corporation,NASDAQ,NASDAQ,NASDAQ
PSMT,PSMT,"PriceSmart, Inc.",NASDAQ,NASDAQ,NASDAQ
PSNL,PSNL,"Personalis, Inc.",NASDAQ,NASDAQ,NASDAQ
PSNY,PSNY,Polestar Automotive Holding UK Limited,NASDAQ,NASDAQ,NASDAQ
PSNYW,PSNYW,Polestar Automotive Holding UK Limited,NASDAQ,NASDAQ,NASDAQ
PTAC,PTAC,Patriot Acquisition Corp.,NASDAQ,NASDAQ,NASDAQ
PTC,PTC,PTC Inc.,NASDAQ,NASDAQ,NASDAQ
PTCT,PTCT,"PTC Therapeutics, Inc.",NASDAQ,NASDAQ,NASDAQ
PTEN,PTEN,"Patterson-UTI Energy, Inc.",NASDAQ,NASDAQ,NASDAQ
PTGX,PTGX,"Protagonist Therapeutics, Inc.",NASDAQ,NASDAQ,NASDAQ
PTLE,PTLE,PTL LTD,NASDAQ,NASDAQ,NASDAQ
PTLO,PTLO,Portillo's Inc.,NASDAQ,NASDAQ,NASDAQ
PTN,PTN,"Palatin Technologies, Inc.",NASDAQ,NASDAQ,NASDAQ
PTON,PTON,"Peloton Interactive, Inc.",NASDAQ,NASDAQ,NASDAQ
PTOR,PTOR,Praetorian Acquisition Corp.,NASDAQ,NASDAQ,NASDAQ
PTRN,PTRN,Pattern Group Inc.,NASDAQ,NASDAQ,NASDAQ
PUBM,PUBM,"PubMatic, Inc.",NASDAQ,NASDAQ,NASDAQ
PULM,PULM,"Pulmatrix, Inc.",NASDAQ,NASDAQ,NASDAQ
PURR,PURR,Hyperliquid Strategies Inc,NASDAQ,NASDAQ,NASDAQ
PUSA,PUSA,Aureus Greenway Holdings Inc.,NASDAQ,NASDAQ,NASDAQ
PVLA,PVLA,"Palvella Therapeutics, Inc.",NASDAQ,NASDAQ,NASDAQ
PWCM,PWCM,"PowerCompute, Inc.",NASDAQ,NASDAQ,NASDAQ
PWP,PWP,Perella Weinberg Partners,NASDAQ,NASDAQ,NASDAQ
PWRL,PWRL,Powerlaw Corp.,NASDAQ,NASDAQ,NASDAQ
PXLW,PXLW,"Pixelworks, Inc.",NASDAQ,NASDAQ,NASDAQ
PXS,PXS,Pyxis Tankers Inc.,NASDAQ,NASDAQ,NASDAQ
PYPD,PYPD,PolyPid Ltd.,NASDAQ,NASDAQ,NASDAQ
PYPL,PYPL,"PayPal Holdings, Inc.",NASDAQ,NASDAQ,NASDAQ
PYXS,PYXS,"Pyxis Oncology, Inc.",NASDAQ,NASDAQ,NASDAQ
PZZA,PZZA,"Papa John's International, Inc.",NASDAQ,NASDAQ,NASDAQ
QADR,QADR,QDRO Acquisition Corp.,NASDAQ,NASDAQ,NASDAQ
QBTS,QBTS,D-Wave Quantum Inc.,NASDAQ,NASDAQ,NASDAQ
QCLS,QCLS,"Q/C Technologies, Inc.",NASDAQ,NASDAQ,NASDAQ
QCOM,QCOM,QUALCOMM Incorporated,NASDAQ,NASDAQ,NASDAQ
QCRH,QCRH,"QCR Holdings, Inc.",NASDAQ,NASDAQ,NASDAQ
QDEL,QDEL,QuidelOrtho Corporation,NASDAQ,NASDAQ,NASDAQ
QETA,QETA,Quetta Acquisition Corporation,NASDAQ,NASDAQ,NASDAQ
QFIN,QFIN,"Qfin Holdings, Inc.",NASDAQ,NASDAQ,NASDAQ
QH,QH,Quhuo Limited,NASDAQ,NASDAQ,NASDAQ
QLYS,QLYS,"Qualys, Inc.",NASDAQ,NASDAQ,NASDAQ
QMCO,QMCO,Quantum Corporation,NASDAQ,NASDAQ,NASDAQ
QMLS,QMLS,"QumulusAI, Inc.",NASDAQ,NASDAQ,NASDAQ
QMMM,QMMM,QMMM Holdings Limited,NASDAQ,NASDAQ,NASDAQ
QNCX,QNCX,"Quince Therapeutics, Inc.",NASDAQ,NASDAQ,NASDAQ
QNME,QNME,"Quanome Technologies, Inc.",NASDAQ,NASDAQ,NASDAQ
QNRX,QNRX,"Quoin Pharmaceuticals, Ltd.",NASDAQ,NASDAQ,NASDAQ
QNST,QNST,"QuinStreet, Inc.",NASDAQ,NASDAQ,NASDAQ
QNT,QNT,Quantinuum Inc.,NASDAQ,NASDAQ,NASDAQ
QNTM,QNTM,Quantum Biopharma Ltd.,NASDAQ,NASDAQ,NASDAQ
QQQX,QQQX,Nuveen NASDAQ 100 Dynamic Overwrite Fund,NASDAQ,NASDAQ,NASDAQ
QRHC,QRHC,Quest Resource Holding Corporation,NASDAQ,NASDAQ,NASDAQ
QRVO,QRVO,"Qorvo, Inc.",NASDAQ,NASDAQ,NASDAQ
QS,QS,QuantumScape Corporation,NASDAQ,NASDAQ,NASDAQ
QSEA,QSEA,Quartzsea Acquisition Corporation,NASDAQ,NASDAQ,NASDAQ
QSI,QSI,Quantum-Si Incorporated,NASDAQ,NASDAQ,NASDAQ
QTEX,QTEX,QTREX Quantum Ltd.,NASDAQ,NASDAQ,NASDAQ
QTI,QTI,"QT Imaging Holdings, Inc.",NASDAQ,NASDAQ,NASDAQ
QTRX,QTRX,Quanterix Corporation,NASDAQ,NASDAQ,NASDAQ
QTTB,QTTB,Q32 Bio Inc.,NASDAQ,NASDAQ,NASDAQ
QUBT,QUBT,Quantum Computing Inc.,NASDAQ,NASDAQ,NASDAQ
QUCY,QUCY,Quantum Cyber N.V.,NASDAQ,NASDAQ,NASDAQ
QUIK,QUIK,QuickLogic Corporation,NASDAQ,NASDAQ,NASDAQ
QUMS,QUMS,Quantumsphere Acquisition Corp.,NASDAQ,NASDAQ,NASDAQ
QURE,QURE,uniQure N.V.,NASDAQ,NASDAQ,NASDAQ
QVCG,QVCG,"QVC Group, Inc.",NASDAQ,NASDAQ,NASDAQ
QXL,QXL,Quantum X Labs Inc.,NASDAQ,NASDAQ,NASDAQ
RACC,RACC,Research Alliance Corporation III,NASDAQ,NASDAQ,NASDAQ
RACD,RACD,Research Alliance Corporation IV,NASDAQ,NASDAQ,NASDAQ
RADX,RADX,Radiopharm Theranostics Limited,NASDAQ,NASDAQ,NASDAQ
RAIL,RAIL,"Freightcar America, Inc.",NASDAQ,NASDAQ,NASDAQ
RAIN,RAIN,"Rain Enhancement Technologies Holdco, Inc.",NASDAQ,NASDAQ,NASDAQ
RAND,RAND,Rand Capital Corporation,NASDAQ,NASDAQ,NASDAQ
RANG,RANG,Range Capital Acquisition Corp.,NASDAQ,NASDAQ,NASDAQ
RANI,RANI,"Rani Therapeutics Holdings, Inc.",NASDAQ,NASDAQ,NASDAQ
RAPP,RAPP,"Rapport Therapeutics, Inc.",NASDAQ,NASDAQ,NASDAQ
RARE,RARE,Ultragenyx Pharmaceutical Inc.,NASDAQ,NASDAQ,NASDAQ
RAVE,RAVE,"Rave Restaurant Group, Inc.",NASDAQ,NASDAQ,NASDAQ
RAY,RAY,Raytech Holding Limited,NASDAQ,NASDAQ,NASDAQ
RAYA,RAYA,Erayak Power Solution Group Inc.,NASDAQ,NASDAQ,NASDAQ
RBB,RBB,RBB Bancorp,NASDAQ,NASDAQ,NASDAQ
RBBN,RBBN,Ribbon Communications Inc.,NASDAQ,NASDAQ,NASDAQ
RBCAA,RBCAA,"Republic Bancorp, Inc.",NASDAQ,NASDAQ,NASDAQ
RBKB,RBKB,"Rhinebeck Bancorp, Inc.",NASDAQ,NASDAQ,NASDAQ
RBNE,RBNE,Robin Energy Ltd.,NASDAQ,NASDAQ,NASDAQ
RCAT,RCAT,"Red Cat Holdings, Inc.",NASDAQ,NASDAQ,NASDAQ
RCBC,RCBC,River City Bank,NASDAQ,NASDAQ,NASDAQ
RCEL,RCEL,"Avita Medical, Inc.",NASDAQ,NASDAQ,NASDAQ
RCKT,RCKT,"Rocket Pharmaceuticals, Inc.",NASDAQ,NASDAQ,NASDAQ
RCKY,RCKY,"Rocky Brands, Inc.",NASDAQ,NASDAQ,NASDAQ
RCMT,RCMT,"RCM Technologies, Inc.",NASDAQ,NASDAQ,NASDAQ
RCON,RCON,"Recon Technology, Ltd.",NASDAQ,NASDAQ,NASDAQ
RCT,RCT,RedCloud Holdings plc,NASDAQ,NASDAQ,NASDAQ
RDAC,RDAC,Rising Dragon Acquisition Corp.,NASDAQ,NASDAQ,NASDAQ
RDAG,RDAG,Republic Digital Acquisition Company,NASDAQ,NASDAQ,NASDAQ
RDCM,RDCM,Radcom Ltd.,NASDAQ,NASDAQ,NASDAQ
RDGT,RDGT,"Ridgetech, Inc.",NASDAQ,NASDAQ,NASDAQ
RDHL,RDHL,Redhill Biopharma Ltd.,NASDAQ,NASDAQ,NASDAQ
RDI,RDI,Reading International Inc,NASDAQ,NASDAQ,NASDAQ
RDIB,RDIB,Reading International Inc,NASDAQ,NASDAQ,NASDAQ
RDNT,RDNT,"RadNet, Inc.",NASDAQ,NASDAQ,NASDAQ
RDNW,RDNW,"RideNow Group, Inc.",NASDAQ,NASDAQ,NASDAQ
RDVT,RDVT,"Red Violet, Inc.",NASDAQ,NASDAQ,NASDAQ
RDWR,RDWR,Radware Ltd.,NASDAQ,NASDAQ,NASDAQ
RDZN,RDZN,"Roadzen, Inc.",NASDAQ,NASDAQ,NASDAQ
REAL,REAL,"The RealReal, Inc.",NASDAQ,NASDAQ,NASDAQ
REAX,REAX,"The Real Brokerage, Inc.",NASDAQ,NASDAQ,NASDAQ
REBN,REBN,"Reborn Coffee, Inc.",NASDAQ,NASDAQ,NASDAQ
RECT,RECT,Rectitude Holdings Ltd,NASDAQ,NASDAQ,NASDAQ
REFI,REFI,"Chicago Atlantic Real Estate Finance, Inc.",NASDAQ,NASDAQ,NASDAQ
REFR,REFR,Research Frontiers Incorporated,NASDAQ,NASDAQ,NASDAQ
REG,REG,Regency Centers Corporation,NASDAQ,NASDAQ,NASDAQ
REGCO,REGCO,Regency Centers Corporation,NASDAQ,NASDAQ,NASDAQ
REGCP,REGCP,Regency Centers Corporation,NASDAQ,NASDAQ,NASDAQ
REGN,REGN,"Regeneron Pharmaceuticals, Inc.",NASDAQ,NASDAQ,NASDAQ
REKR,REKR,"Rekor Systems, Inc.",NASDAQ,NASDAQ,NASDAQ
RELL,RELL,"Richardson Electronics, Ltd.",NASDAQ,NASDAQ,NASDAQ
RELY,RELY,"Remitly Global, Inc.",NASDAQ,NASDAQ,NASDAQ
RENT,RENT,"Rent the Runway, Inc.",NASDAQ,NASDAQ,NASDAQ
RENX,RENX,RenX Enterprises Corp.,NASDAQ,NASDAQ,NASDAQ
REPL,REPL,"Replimune Group, Inc.",NASDAQ,NASDAQ,NASDAQ
RETO,RETO,"ReTo Eco-Solutions, Inc.",NASDAQ,NASDAQ,NASDAQ
REVB,REVB,"Revelation Biosciences, Inc.",NASDAQ,NASDAQ,NASDAQ
REYN,REYN,Reynolds Consumer Products Inc.,NASDAQ,NASDAQ,NASDAQ
RFAI,RFAI,RF Acquisition Corp II,NASDAQ,NASDAQ,NASDAQ
RFAM,RFAM,RF Acquisition Corp III,NASDAQ,NASDAQ,NASDAQ
RFIL,RFIL,"RF Industries, Ltd.",NASDAQ,NASDAQ,NASDAQ
RGC,RGC,Regencell Bioscience Holdings Limited,NASDAQ,NASDAQ,NASDAQ
RGCO,RGCO,RGC Resources Inc.,NASDAQ,NASDAQ,NASDAQ
RGEN,RGEN,Repligen Corporation,NASDAQ,NASDAQ,NASDAQ
RGLD,RGLD,"Royal Gold, Inc.",NASDAQ,NASDAQ,NASDAQ
RGNX,RGNX,REGENXBIO Inc.,NASDAQ,NASDAQ,NASDAQ
RGP,RGP,"Resources Connection, Inc.",NASDAQ,NASDAQ,NASDAQ
RGS,RGS,Regis Corporation,NASDAQ,NASDAQ,NASDAQ
RGTI,RGTI,"Rigetti Computing, Inc.",NASDAQ,NASDAQ,NASDAQ
RIBB,RIBB,Ribbon Acquisition Corp,NASDAQ,NASDAQ,NASDAQ
RICK,RICK,"RCI Hospitality Holdings, Inc.",NASDAQ,NASDAQ,NASDAQ
RIGL,RIGL,"Rigel Pharmaceuticals, Inc.",NASDAQ,NASDAQ,NASDAQ
RILY,RILY,"BRC Group Holdings, Inc.",NASDAQ,NASDAQ,NASDAQ
RILYG,RILYG,"BRC Group Holdings, Inc.",NASDAQ,NASDAQ,NASDAQ
RILYL,RILYL,"BRC Group Holdings, Inc.",NASDAQ,NASDAQ,NASDAQ
RILYN,RILYN,"BRC Group Holdings, Inc.",NASDAQ,NASDAQ,NASDAQ
RILYP,RILYP,"BRC Group Holdings, Inc.",NASDAQ,NASDAQ,NASDAQ
RILYT,RILYT,"BRC Group Holdings, Inc.",NASDAQ,NASDAQ,NASDAQ
RILYZ,RILYZ,"BRC Group Holdings, Inc.",NASDAQ,NASDAQ,NASDAQ
RIME,RIME,"Algorhythm Holdings, Inc.",NASDAQ,NASDAQ,NASDAQ
RIOT,RIOT,"Riot Platforms, Inc.",NASDAQ,NASDAQ,NASDAQ
RITR,RITR,Reitar Logtech Holdings Limited,NASDAQ,NASDAQ,NASDAQ
RIVN,RIVN,"Rivian Automotive, Inc.",NASDAQ,NASDAQ,NASDAQ
RJET,RJET,Republic Airways Holdings Inc.,NASDAQ,NASDAQ,NASDAQ
RKDA,RKDA,"Arcadia Biosciences, Inc.",NASDAQ,NASDAQ,NASDAQ
RKLB,RKLB,Rocket Lab Corporation,NASDAQ,NASDAQ,NASDAQ
RKTO,RKTO,Rocket One Inc.,NASDAQ,NASDAQ,NASDAQ
RLAY,RLAY,"Relay Therapeutics, Inc.",NASDAQ,NASDAQ,NASDAQ
RLMD,RLMD,"Relmada Therapeutics, Inc.",NASDAQ,NASDAQ,NASDAQ
RLYB,RLYB,Rallybio Corporation,NASDAQ,NASDAQ,NASDAQ
RMBI,RMBI,"Richmond Mutual Bancorporation, Inc.",NASDAQ,NASDAQ,NASDAQ
RMBS,RMBS,"Rambus, Inc.",NASDAQ,NASDAQ,NASDAQ
RMCF,RMCF,"Rocky Mountain Chocolate Factory, Inc.",NASDAQ,NASDAQ,NASDAQ
RMCO,RMCO,Royalty Management Holding Corporation,NASDAQ,NASDAQ,NASDAQ
RMIX,RMIX,"Suncrete, Inc.",NASDAQ,NASDAQ,NASDAQ
RMNI,RMNI,"Rimini Street, Inc.",NASDAQ,NASDAQ,NASDAQ
RMR,RMR,The RMR Group Inc.,NASDAQ,NASDAQ,NASDAQ
RMSG,RMSG,Real Messenger Corporation,NASDAQ,NASDAQ,NASDAQ
RMTI,RMTI,"Rockwell Medical, Inc.",NASDAQ,NASDAQ,NASDAQ
RNA,RNA,"Atrium Therapeutics, Inc.",NASDAQ,NASDAQ,NASDAQ
RNAC,RNAC,"Cartesian Therapeutics, Inc.",NASDAQ,NASDAQ,NASDAQ
RNAZ,RNAZ,"TransCode Therapeutics, Inc.",NASDAQ,NASDAQ,NASDAQ
RNGT,RNGT,Range Capital Acquisition Corp II,NASDAQ,NASDAQ,NASDAQ
RNTX,RNTX,"Rein Therapeutics, Inc.",NASDAQ,NASDAQ,NASDAQ
RNW,RNW,ReNew Energy Global plc,NASDAQ,NASDAQ,NASDAQ
RNXT,RNXT,"RenovoRx, Inc.",NASDAQ,NASDAQ,NASDAQ
ROAD,ROAD,"Construction Partners, Inc.",NASDAQ,NASDAQ,NASDAQ
ROC,ROC,Rank One Computing Corporation,NASDAQ,NASDAQ,NASDAQ
ROCK,ROCK,"Gibraltar Industries, Inc.",NASDAQ,NASDAQ,NASDAQ
ROIV,ROIV,Roivant Sciences Ltd.,NASDAQ,NASDAQ,NASDAQ
ROKU,ROKU,"Roku, Inc.",NASDAQ,NASDAQ,NASDAQ
ROMA,ROMA,Roma Green Finance Limited,NASDAQ,NASDAQ,NASDAQ
ROOT,ROOT,"Root, Inc.",NASDAQ,NASDAQ,NASDAQ
ROP,ROP,"Roper Technologies, Inc.",NASDAQ,NASDAQ,NASDAQ
ROST,ROST,"Ross Stores, Inc.",NASDAQ,NASDAQ,NASDAQ
RPAY,RPAY,Repay Holdings Corporation,NASDAQ,NASDAQ,NASDAQ
RPD,RPD,"Rapid7, Inc.",NASDAQ,NASDAQ,NASDAQ
RPGL,RPGL,Republic Power Group Limited,NASDAQ,NASDAQ,NASDAQ
RPID,RPID,"Rapid Micro Biosystems, Inc.",NASDAQ,NASDAQ,NASDAQ
RPRX,RPRX,Royalty Pharma plc,NASDAQ,NASDAQ,NASDAQ
RR,RR,Richtech Robotics Inc.,NASDAQ,NASDAQ,NASDAQ
RRBI,RRBI,"Red River Bancshares, Inc.",NASDAQ,NASDAQ,NASDAQ
RREV,RREV,RRE Ventures Acquisition Corp.,NASDAQ,NASDAQ,NASDAQ
RRGB,RRGB,"Red Robin Gourmet Burgers, Inc.",NASDAQ,NASDAQ,NASDAQ
RRR,RRR,"Red Rock Resorts, Inc.",NASDAQ,NASDAQ,NASDAQ
RSSS,RSSS,"Research Solutions, Inc",NASDAQ,NASDAQ,NASDAQ
RSVR,RSVR,"Reservoir Media, Inc..",NASDAQ,NASDAQ,NASDAQ
RTAC,RTAC,Renatus Tactical Acquisition Corp I,NASDAQ,NASDAQ,NASDAQ
RTB,RTB,"RTB Digital, Inc.",NASDAQ,NASDAQ,NASDAQ
RUBI,RUBI,Rubico Inc.,NASDAQ,NASDAQ,NASDAQ
RUM,RUM,RUM Group Inc.,NASDAQ,NASDAQ,NASDAQ
RUN,RUN,Sunrun Inc.,NASDAQ,NASDAQ,NASDAQ
RUSHA,RUSHA,"Rush Enterprises, Inc.",NASDAQ,NASDAQ,NASDAQ
RUSHB,RUSHB,"Rush Enterprises, Inc.",NASDAQ,NASDAQ,NASDAQ
RVMD,RVMD,"Revolution Medicines, Inc.",NASDAQ,NASDAQ,NASDAQ
RVSB,RVSB,Riverview Bancorp Inc,NASDAQ,NASDAQ,NASDAQ
RVSN,RVSN,Rail Vision Ltd.,NASDAQ,NASDAQ,NASDAQ
RWAY,RWAY,Runway Growth Finance Corp.,NASDAQ,NASDAQ,NASDAQ
RWAYI,RWAYI,Runway Growth Finance Corp.,NASDAQ,NASDAQ,NASDAQ
RWAYL,RWAYL,Runway Growth Finance Corp.,NASDAQ,NASDAQ,NASDAQ
RXRX,RXRX,"Recursion Pharmaceuticals, Inc.",NASDAQ,NASDAQ,NASDAQ
RXST,RXST,"RxSight, Inc.",NASDAQ,NASDAQ,NASDAQ
RXT,RXT,"Rackspace Technology, Inc.",NASDAQ,NASDAQ,NASDAQ
RYAAY,RYAAY,Ryanair Holdings plc,NASDAQ,NASDAQ,NASDAQ
RYET,RYET,Ruanyun Edai Technology Inc.,NASDAQ,NASDAQ,NASDAQ
RYM,RYM,"RYTHM, Inc.",NASDAQ,NASDAQ,NASDAQ
RYOJ,RYOJ,"rYojbaba Co., Ltd.",NASDAQ,NASDAQ,NASDAQ
RYTM,RYTM,"Rhythm Pharmaceuticals, Inc.",NASDAQ,NASDAQ,NASDAQ
RZLT,RZLT,"Rezolute, Inc.",NASDAQ,NASDAQ,NASDAQ
RZLV,RZLV,Rezolve AI PLC,NASDAQ,NASDAQ,NASDAQ
SAAQ,SAAQ,Space Asset Acquisition Corp.,NASDAQ,NASDAQ,NASDAQ
SABR,SABR,Sabre Corporation,NASDAQ,NASDAQ,NASDAQ
SABS,SABS,"SAB Biotherapeutics, Inc.",NASDAQ,NASDAQ,NASDAQ
SAFT,SAFT,"Safety Insurance Group, Inc.",NASDAQ,NASDAQ,NASDAQ
SAFX,SAFX,"XCF Global, Inc.",NASDAQ,NASDAQ,NASDAQ
SAGT,SAGT,SAGTEC GLOBAL LIMITED,NASDAQ,NASDAQ,NASDAQ
SAIA,SAIA,"Saia, Inc.",NASDAQ,NASDAQ,NASDAQ
SAIC,SAIC,Science Applications International Corporation,NASDAQ,NASDAQ,NASDAQ
SAIH,SAIH,SAIHEAT Limited,NASDAQ,NASDAQ,NASDAQ
SAIL,SAIL,"SailPoint, Inc.",NASDAQ,NASDAQ,NASDAQ
SAMG,SAMG,Silvercrest Asset Management Group Inc.,NASDAQ,NASDAQ,NASDAQ
SANA,SANA,"Sana Biotechnology, Inc.",NASDAQ,NASDAQ,NASDAQ
SANG,SANG,Sangoma Technologies Corporation,NASDAQ,NASDAQ,NASDAQ
SANM,SANM,Sanmina Corporation,NASDAQ,NASDAQ,NASDAQ
SATA,SATA,"Strive, Inc.",NASDAQ,NASDAQ,NASDAQ
SATL,SATL,Satellogic Inc.,NASDAQ,NASDAQ,NASDAQ
SBAC,SBAC,SBA Communications Corporation,NASDAQ,NASDAQ,NASDAQ
SBC,SBC,SBC Medical Group Holdings Incorporated,NASDAQ,NASDAQ,NASDAQ
SBCF,SBCF,Seacoast Banking Corporation of Florida,NASDAQ,NASDAQ,NASDAQ
SBET,SBET,"Sharplink, Inc.",NASDAQ,NASDAQ,NASDAQ
SBFG,SBFG,"SB Financial Group, Inc.",NASDAQ,NASDAQ,NASDAQ
SBFM,SBFM,Sunshine Biopharma Inc.,NASDAQ,NASDAQ,NASDAQ
SBGI,SBGI,"Sinclair, Inc.",NASDAQ,NASDAQ,NASDAQ
SBLK,SBLK,Star Bulk Carriers Corp.,NASDAQ,NASDAQ,NASDAQ
SBRA,SBRA,"Sabra Health Care REIT, Inc.",NASDAQ,NASDAQ,NASDAQ
SBUX,SBUX,Starbucks Corporation,NASDAQ,NASDAQ,NASDAQ
SCAG,SCAG,Scage Future,NASDAQ,NASDAQ,NASDAQ
SCHL,SCHL,Scholastic Corporation,NASDAQ,NASDAQ,NASDAQ
SCII,SCII,SC II Acquisition Corp.,NASDAQ,NASDAQ,NASDAQ
SCKT,SCKT,"Socket Mobile, Inc.",NASDAQ,NASDAQ,NASDAQ
SCLX,SCLX,Scilex Holding Company,NASDAQ,NASDAQ,NASDAQ
SCNI,SCNI,Scinai Immunotherapeutics Ltd.,NASDAQ,NASDAQ,NASDAQ
SCNX,SCNX,"Scienture Holdings, Inc.",NASDAQ,NASDAQ,NASDAQ
SCOR,SCOR,"comScore, Inc.",NASDAQ,NASDAQ,NASDAQ
SCPQ,SCPQ,Social Commerce Partners Corporation,NASDAQ,NASDAQ,NASDAQ
SCSC,SCSC,"ScanSource, Inc.",NASDAQ,NASDAQ,NASDAQ
SCTX,SCTX,Scribe Therapeutics Inc.,NASDAQ,NASDAQ,NASDAQ
SCWO,SCWO,374Water Inc.,NASDAQ,NASDAQ,NASDAQ
SCYX,SCYX,"SCYNEXIS, Inc.",NASDAQ,NASDAQ,NASDAQ
SCZM,SCZM,Santacruz Silver Mining Ltd.,NASDAQ,NASDAQ,NASDAQ
SDA,SDA,SunCar Technology Group Inc.,NASDAQ,NASDAQ,NASDAQ
SDGR,SDGR,"Schrodinger, Inc.",NASDAQ,NASDAQ,NASDAQ
SDHI,SDHI,Siddhi Acquisition Corp,NASDAQ,NASDAQ,NASDAQ
SDOT,SDOT,Sadot Group Inc.,NASDAQ,NASDAQ,NASDAQ
SDST,SDST,Stardust Power Inc.,NASDAQ,NASDAQ,NASDAQ
SEAT,SEAT,Vivid Seats Inc.,NASDAQ,NASDAQ,NASDAQ
SEDG,SEDG,"SolarEdge Technologies, Inc.",NASDAQ,NASDAQ,NASDAQ
SEED,SEED,Origin Agritech Limited,NASDAQ,NASDAQ,NASDAQ
SEER,SEER,"Seer, Inc.",NASDAQ,NASDAQ,NASDAQ
SEGG,SEGG,Sports Entertainment Gaming Global Corporation,NASDAQ,NASDAQ,NASDAQ
SEIC,SEIC,SEI Investments Company,NASDAQ,NASDAQ,NASDAQ
SELF,SELF,"Global Self Storage, Inc.",NASDAQ,NASDAQ,NASDAQ
SENEA,SENEA,Seneca Foods Corp.,NASDAQ,NASDAQ,NASDAQ
SENEB,SENEB,Seneca Foods Corp.,NASDAQ,NASDAQ,NASDAQ
SENS,SENS,"Senseonics Holdings, Inc.",NASDAQ,NASDAQ,NASDAQ
SEPN,SEPN,"Septerna, Inc.",NASDAQ,NASDAQ,NASDAQ
SERA,SERA,"Sera Prognostics, Inc.",NASDAQ,NASDAQ,NASDAQ
SERV,SERV,Serve Robotics Inc.,NASDAQ,NASDAQ,NASDAQ
SEV,SEV,Aptera Motors Corp.,NASDAQ,NASDAQ,NASDAQ
SEVN,SEVN,Seven Hills Realty Trust,NASDAQ,NASDAQ,NASDAQ
SEZL,SEZL,Sezzle Inc.,NASDAQ,NASDAQ,NASDAQ
SFBC,SFBC,"Sound Financial Bancorp, Inc.",NASDAQ,NASDAQ,NASDAQ
SFD,SFD,"Smithfield Foods, Inc.",NASDAQ,NASDAQ,NASDAQ
SFHG,SFHG,Samfine Creation Holdings Group Limited,NASDAQ,NASDAQ,NASDAQ
SFIX,SFIX,"Stitch Fix, Inc.",NASDAQ,NASDAQ,NASDAQ
SFM,SFM,"Sprouts Farmers Market, Inc.",NASDAQ,NASDAQ,NASDAQ
SFNC,SFNC,Simmons First National Corporation,NASDAQ,NASDAQ,NASDAQ
SFST,SFST,"Southern First Bancshares, Inc.",NASDAQ,NASDAQ,NASDAQ
SFWL,SFWL,Shengfeng Development Limited,NASDAQ,NASDAQ,NASDAQ
SGA,SGA,"Saga Communications, Inc.",NASDAQ,NASDAQ,NASDAQ
SGC,SGC,"Superior Group of Companies, Inc.",NASDAQ,NASDAQ,NASDAQ
SGHT,SGHT,"Sight Sciences, Inc.",NASDAQ,NASDAQ,NASDAQ
SGLY,SGLY,Singularity Future Technology Ltd.,NASDAQ,NASDAQ,NASDAQ
SGML,SGML,Sigma Lithium Corporation,NASDAQ,NASDAQ,NASDAQ
SGMT,SGMT,Sagimet Biosciences Inc.,NASDAQ,NASDAQ,NASDAQ
SGP,SGP,"SpyGlass Pharma, Inc.",NASDAQ,NASDAQ,NASDAQ
SGRY,SGRY,"Surgery Partners, Inc.",NASDAQ,NASDAQ,NASDAQ
SHAZ,SHAZ,"SharonAI Holdings, Inc.",NASDAQ,NASDAQ,NASDAQ
SHBI,SHBI,"Shore Bancshares, Inc.",NASDAQ,NASDAQ,NASDAQ
SHC,SHC,Sotera Health Company,NASDAQ,NASDAQ,NASDAQ
SHEN,SHEN,Shenandoah Telecommunications Co,NASDAQ,NASDAQ,NASDAQ
SHFS,SHFS,"SHF Holdings, Inc.",NASDAQ,NASDAQ,NASDAQ
SHIM,SHIM,Shimmick Corporation,NASDAQ,NASDAQ,NASDAQ
SHIP,SHIP,Seanergy Maritime Holdings Corp.,NASDAQ,NASDAQ,NASDAQ
SHLS,SHLS,"Shoals Technologies Group, Inc.",NASDAQ,NASDAQ,NASDAQ
SHMD,SHMD,SCHMID Group N.V.,NASDAQ,NASDAQ,NASDAQ
SHOE,SHOE,"Shoe Station Group, Inc.",NASDAQ,NASDAQ,NASDAQ
SHOO,SHOO,"Steven Madden, Ltd.",NASDAQ,NASDAQ,NASDAQ
SHOP,SHOP,Shopify Inc.,NASDAQ,NASDAQ,NASDAQ
SHOT,SHOT,RMG ML Sports Holdings,NASDAQ,NASDAQ,NASDAQ
SHPH,SHPH,"Shuttle Pharmaceuticals Holdings, Inc.",NASDAQ,NASDAQ,NASDAQ
SIBN,SIBN,"SI-BONE, Inc.",NASDAQ,NASDAQ,NASDAQ
SIDU,SIDU,"Sidus Space, Inc.",NASDAQ,NASDAQ,NASDAQ
SIEB,SIEB,Siebert Financial Corp.,NASDAQ,NASDAQ,NASDAQ
SIFY,SIFY,Sify Technologies Limited,NASDAQ,NASDAQ,NASDAQ
SIGA,SIGA,SIGA Technologies Inc.,NASDAQ,NASDAQ,NASDAQ
SIGI,SIGI,"Selective Insurance Group, Inc.",NASDAQ,NASDAQ,NASDAQ
SIGIP,SIGIP,"Selective Insurance Group, Inc.",NASDAQ,NASDAQ,NASDAQ
SILC,SILC,Silicom Ltd,NASDAQ,NASDAQ,NASDAQ
SILO,SILO,"Silo Pharma, Inc.",NASDAQ,NASDAQ,NASDAQ
SIMA,SIMA,SIM Acquisition Corp. I,NASDAQ,NASDAQ,NASDAQ
SIMO,SIMO,Silicon Motion Technology Corporation,NASDAQ,NASDAQ,NASDAQ
SINT,SINT,"SiNtx Technologies, Inc.",NASDAQ,NASDAQ,NASDAQ
SION,SION,"Sionna Therapeutics, Inc.",NASDAQ,NASDAQ,NASDAQ
SIRI,SIRI,SiriusXM Holdings Inc.,NASDAQ,NASDAQ,NASDAQ
SITM,SITM,SiTime Corporation,NASDAQ,NASDAQ,NASDAQ
SJ,SJ,Scienjoy Holding Corporation,NASDAQ,NASDAQ,NASDAQ
SKHY,SKHY,SK hynix Inc.,NASDAQ,NASDAQ,NASDAQ
SKIN,SKIN,SkinHealth Systems Inc.,NASDAQ,NASDAQ,NASDAQ
SKK,SKK,SKK Holdings Limited,NASDAQ,NASDAQ,NASDAQ
SKWD,SKWD,"Skyward Specialty Insurance Group, Inc.",NASDAQ,NASDAQ,NASDAQ
SKYA,SKYA,"SkyAI, Inc.",NASDAQ,NASDAQ,NASDAQ
SKYE,SKYE,"Skye Bioscience, Inc.",NASDAQ,NASDAQ,NASDAQ
SKYQ,SKYQ,Sky Quarry Inc.,NASDAQ,NASDAQ,NASDAQ
SKYW,SKYW,"SkyWest, Inc.",NASDAQ,NASDAQ,NASDAQ
SKYX,SKYX,SKYX Platforms Corp.,NASDAQ,NASDAQ,NASDAQ
SLAB,SLAB,"Silicon Laboratories, Inc.",NASDAQ,NASDAQ,NASDAQ
SLBT,SLBT,SL Science Holding Limited,NASDAQ,NASDAQ,NASDAQ
SLDB,SLDB,Solid Biosciences Inc.,NASDAQ,NASDAQ,NASDAQ
SLDE,SLDE,"Slide Insurance Holdings, Inc.",NASDAQ,NASDAQ,NASDAQ
SLDP,SLDP,"Solid Power, Inc.",NASDAQ,NASDAQ,NASDAQ
SLE,SLE,"Super League Enterprise, Inc.",NASDAQ,NASDAQ,NASDAQ
SLGB,SLGB,Smart Logistics Global Limited,NASDAQ,NASDAQ,NASDAQ
SLGL,SLGL,Sol-Gel Technologies Ltd.,NASDAQ,NASDAQ,NASDAQ
SLM,SLM,SLM Corporation,NASDAQ,NASDAQ,NASDAQ
SLMBP,SLMBP,SLM Corporation,NASDAQ,NASDAQ,NASDAQ
SLMT,SLMT,Brera Holdings PLC,NASDAQ,NASDAQ,NASDAQ
SLN,SLN,Silence Therapeutics Plc,NASDAQ,NASDAQ,NASDAQ
SLNG,SLNG,"Stabilis Solutions, Inc.",NASDAQ,NASDAQ,NASDAQ
SLNH,SLNH,"Soluna Holdings, Inc.",NASDAQ,NASDAQ,NASDAQ
SLNHP,SLNHP,"Soluna Holdings, Inc.",NASDAQ,NASDAQ,NASDAQ
SLP,SLP,"Simulations Plus, Inc.",NASDAQ,NASDAQ,NASDAQ
SLRC,SLRC,SLR Investment Corp.,NASDAQ,NASDAQ,NASDAQ
SLS,SLS,"SELLAS Life Sciences Group, Inc.",NASDAQ,NASDAQ,NASDAQ
SLSN,SLSN,"Solesence, Inc.",NASDAQ,NASDAQ,NASDAQ
SLXN,SLXN,Silexion Therapeutics Corp,NASDAQ,NASDAQ,NASDAQ
SMBC,SMBC,"Southern Missouri Bancorp, Inc.",NASDAQ,NASDAQ,NASDAQ
SMCI,SMCI,"Super Micro Computer, Inc.",NASDAQ,NASDAQ,NASDAQ
SMCIP,SMCIP,"Super Micro Computer, Inc.",NASDAQ,NASDAQ,NASDAQ
SMID,SMID,Smith-Midland Corporation,NASDAQ,NASDAQ,NASDAQ
SMMT,SMMT,Summit Therapeutics Inc.,NASDAQ,NASDAQ,NASDAQ
SMPL,SMPL,The Simply Good Foods Company,NASDAQ,NASDAQ,NASDAQ
SMSI,SMSI,"Smith Micro Software, Inc.",NASDAQ,NASDAQ,NASDAQ
SMTC,SMTC,Semtech Corporation,NASDAQ,NASDAQ,NASDAQ
SMTI,SMTI,Sanara MedTech Inc.,NASDAQ,NASDAQ,NASDAQ
SMTK,SMTK,"SmartKem, Inc.",NASDAQ,NASDAQ,NASDAQ
SMX,SMX,SMX (Security Matters) Public Limited Company,NASDAQ,NASDAQ,NASDAQ
SMXT,SMXT,Solarmax Technology Inc.,NASDAQ,NASDAQ,NASDAQ
SNAL,SNAL,"Snail, Inc.",NASDAQ,NASDAQ,NASDAQ
SND,SND,"Smart Sand, Inc.",NASDAQ,NASDAQ,NASDAQ
SNDK,SNDK,Sandisk Corporation,NASDAQ,NASDAQ,NASDAQ
SNDL,SNDL,SNDL Inc.,NASDAQ,NASDAQ,NASDAQ
SNDX,SNDX,"Syndax Pharmaceuticals, Inc.",NASDAQ,NASDAQ,NASDAQ
SNES,SNES,"SenesTech, Inc.",NASDAQ,NASDAQ,NASDAQ
SNEX,SNEX,StoneX Group Inc.,NASDAQ,NASDAQ,NASDAQ
SNFCA,SNFCA,Security National Financial Corporation,NASDAQ,NASDAQ,NASDAQ
SNGX,SNGX,"Soligenix, Inc.",NASDAQ,NASDAQ,NASDAQ
SNOA,SNOA,"Sonoma Pharmaceuticals, Inc.",NASDAQ,NASDAQ,NASDAQ
SNPS,SNPS,"Synopsys, Inc.",NASDAQ,NASDAQ,NASDAQ
SNT,SNT,Senstar Technologies Corporation,NASDAQ,NASDAQ,NASDAQ
SNTG,SNTG,Sentage Holdings Inc.,NASDAQ,NASDAQ,NASDAQ
SNTI,SNTI,"Senti Biosciences Holdings, Inc.",NASDAQ,NASDAQ,NASDAQ
SNWV,SNWV,"SANUWAVE Health, Inc.",NASDAQ,NASDAQ,NASDAQ
SNY,SNY,Sanofi,NASDAQ,NASDAQ,NASDAQ
SNYR,SNYR,Synergy CHC Corp.,NASDAQ,NASDAQ,NASDAQ
SOBR,SOBR,"SOBR Safe, Inc.",NASDAQ,NASDAQ,NASDAQ
SOCA,SOCA,Solarius Capital Acquisition Corp.,NASDAQ,NASDAQ,NASDAQ
SOFI,SOFI,"SoFi Technologies, Inc.",NASDAQ,NASDAQ,NASDAQ
SOGP,SOGP,Sound Group Inc.,NASDAQ,NASDAQ,NASDAQ
SOHU,SOHU,Sohu.com Limited,NASDAQ,NASDAQ,NASDAQ
SOLS,SOLS,Solstice Advanced Materials Inc.,NASDAQ,NASDAQ,NASDAQ
SONM,SONM,"DNA X, Inc.",NASDAQ,NASDAQ,NASDAQ
SONO,SONO,"Sonos, Inc.",NASDAQ,NASDAQ,NASDAQ
SOPH,SOPH,SOPHiA GENETICS SA,NASDAQ,NASDAQ,NASDAQ
SORA,SORA,AsiaStrategy,NASDAQ,NASDAQ,NASDAQ
SORN,SORN,Soren Acquisition Corp.,NASDAQ,NASDAQ,NASDAQ
SOTK,SOTK,Sono-Tek Corporation,NASDAQ,NASDAQ,NASDAQ
SOUN,SOUN,"SoundHound AI, Inc.",NASDAQ,NASDAQ,NASDAQ
SOWG,SOWG,Sow Good Inc.,NASDAQ,NASDAQ,NASDAQ
SPAI,SPAI,Safe Pro Group Inc.,NASDAQ,NASDAQ,NASDAQ
SPCB,SPCB,"SuperCom, Ltd.",NASDAQ,NASDAQ,NASDAQ
SPCX,SPCX,Space Exploration Technologies Corp.,NASDAQ,NASDAQ,NASDAQ
SPEG,SPEG,Silver Pegasus Acquisition Corp,NASDAQ,NASDAQ,NASDAQ
SPFI,SPFI,"South Plains Financial, Inc.",NASDAQ,NASDAQ,NASDAQ
SPHL,SPHL,Springview Holdings Ltd,NASDAQ,NASDAQ,NASDAQ
SPKL,SPKL,Spark I Acquisition Corp.,NASDAQ,NASDAQ,NASDAQ
SPOK,SPOK,"Spok Holdings, Inc.",NASDAQ,NASDAQ,NASDAQ
SPPL,SPPL,SIMPPLE LTD.,NASDAQ,NASDAQ,NASDAQ
SPRB,SPRB,"Spruce Biosciences, Inc.",NASDAQ,NASDAQ,NASDAQ
SPRC,SPRC,SciSparc Ltd.,NASDAQ,NASDAQ,NASDAQ
SPRO,SPRO,"Spero Therapeutics, Inc.",NASDAQ,NASDAQ,NASDAQ
SPRY,SPRY,"ARS Pharmaceuticals, Inc.",NASDAQ,NASDAQ,NASDAQ
SPSC,SPSC,"SPS Commerce, Inc.",NASDAQ,NASDAQ,NASDAQ
SPT,SPT,"Sprout Social, Inc",NASDAQ,NASDAQ,NASDAQ
SPTX,SPTX,"Seaport Therapeutics, Inc.",NASDAQ,NASDAQ,NASDAQ
SPWH,SPWH,"Sportsman's Warehouse Holdings, Inc.",NASDAQ,NASDAQ,NASDAQ
SPWR,SPWR,SunPower Inc.,NASDAQ,NASDAQ,NASDAQ
SQFT,SQFT,"Presidio Property Trust, Inc.",NASDAQ,NASDAQ,NASDAQ
SQFTP,SQFTP,"Presidio Property Trust, Inc.",NASDAQ,NASDAQ,NASDAQ
SRAD,SRAD,Sportradar Group AG,NASDAQ,NASDAQ,NASDAQ
SRBK,SRBK,"SR Bancorp, Inc.",NASDAQ,NASDAQ,NASDAQ
SRCE,SRCE,1st Source Corporation,NASDAQ,NASDAQ,NASDAQ
SRPT,SRPT,"Sarepta Therapeutics, Inc.",NASDAQ,NASDAQ,NASDAQ
SRRK,SRRK,Scholar Rock Holding Corporation,NASDAQ,NASDAQ,NASDAQ
SRTA,SRTA,"Strata Critical Medical, Inc.",NASDAQ,NASDAQ,NASDAQ
SRTS,SRTS,"Sensus Healthcare, Inc.",NASDAQ,NASDAQ,NASDAQ
SRZN,SRZN,"Surrozen, Inc.",NASDAQ,NASDAQ,NASDAQ
SSAC,SSAC,SPACSphere Acquisition Corp.,NASDAQ,NASDAQ,NASDAQ
SSBI,SSBI,Summit State Bank,NASDAQ,NASDAQ,NASDAQ
SSEA,SSEA,Starry Sea Acquisition Corp,NASDAQ,NASDAQ,NASDAQ
SSII,SSII,SS Innovations International Inc.,NASDAQ,NASDAQ,NASDAQ
SSM,SSM,Sono Group N.V.,NASDAQ,NASDAQ,NASDAQ
SSNC,SSNC,"SS&C Technologies Holdings, Inc.",NASDAQ,NASDAQ,NASDAQ
SSP,SSP,E.W. Scripps Company (The),NASDAQ,NASDAQ,NASDAQ
SSRM,SSRM,SSR Mining Inc.,NASDAQ,NASDAQ,NASDAQ
SSTI,SSTI,"SoundThinking, Inc.",NASDAQ,NASDAQ,NASDAQ
SSYS,SSYS,"Stratasys, Ltd.",NASDAQ,NASDAQ,NASDAQ
STAA,STAA,STAAR Surgical Company,NASDAQ,NASDAQ,NASDAQ
STAK,STAK,STAK Inc.,NASDAQ,NASDAQ,NASDAQ
STBA,STBA,"S&T Bancorp, Inc.",NASDAQ,NASDAQ,NASDAQ
STEP,STEP,StepStone Group Inc.,NASDAQ,NASDAQ,NASDAQ
STEX,STEX,Streamex Corp.,NASDAQ,NASDAQ,NASDAQ
STFS,STFS,Star Fashion Culture Holdings Limited,NASDAQ,NASDAQ,NASDAQ
STGW,STGW,Stagwell Inc.,NASDAQ,NASDAQ,NASDAQ
STHO,STHO,Star Holdings,NASDAQ,NASDAQ,NASDAQ
STI,STI,"Solidion Technology, Inc.",NASDAQ,NASDAQ,NASDAQ
STIM,STIM,"Neuronetics, Inc.",NASDAQ,NASDAQ,NASDAQ
STKE,STKE,Sol Strategies Inc.,NASDAQ,NASDAQ,NASDAQ
STKH,STKH,Steakholder Foods Ltd.,NASDAQ,NASDAQ,NASDAQ
STKS,STKS,"The ONE Group Hospitality, Inc.",NASDAQ,NASDAQ,NASDAQ
STLD,STLD,"Steel Dynamics, Inc.",NASDAQ,NASDAQ,NASDAQ
STLN,STLN,"Starling Oncology, Inc.",NASDAQ,NASDAQ,NASDAQ
STNE,STNE,StoneCo Ltd.,NASDAQ,NASDAQ,NASDAQ
STOK,STOK,"Stoke Therapeutics, Inc.",NASDAQ,NASDAQ,NASDAQ
STRA,STRA,"Strategic Education, Inc.",NASDAQ,NASDAQ,NASDAQ
STRC,STRC,Strategy Inc,NASDAQ,NASDAQ,NASDAQ
STRD,STRD,Strategy Inc,NASDAQ,NASDAQ,NASDAQ
STRF,STRF,Strategy Inc,NASDAQ,NASDAQ,NASDAQ
STRK,STRK,Strategy Inc,NASDAQ,NASDAQ,NASDAQ
STRL,STRL,"Sterling Infrastructure, Inc.",NASDAQ,NASDAQ,NASDAQ
STRO,STRO,"Sutro Biopharma, Inc.",NASDAQ,NASDAQ,NASDAQ
STRR,STRR,"Star Equity Holdings, Inc.",NASDAQ,NASDAQ,NASDAQ
STRRP,STRRP,"Star Equity Holdings, Inc.",NASDAQ,NASDAQ,NASDAQ
STRT,STRT,STRATTEC SECURITY CORPORATION,NASDAQ,NASDAQ,NASDAQ
STRZ,STRZ,Starz Entertainment Corp.,NASDAQ,NASDAQ,NASDAQ
STTK,STTK,"Shattuck Labs, Inc.",NASDAQ,NASDAQ,NASDAQ
STX,STX,Seagate Technology Holdings PLC,NASDAQ,NASDAQ,NASDAQ
SUGP,SUGP,SU Group Holdings Limited,NASDAQ,NASDAQ,NASDAQ
SUIG,SUIG,Sui Group Holdings Limited,NASDAQ,NASDAQ,NASDAQ
SUJA,SUJA,"Suja Life, Inc.",NASDAQ,NASDAQ,NASDAQ
SUMA,SUMA,SUMA Acquisition Corporation,NASDAQ,NASDAQ,NASDAQ
SUNE,SUNE,"SUNation Energy, Inc.",NASDAQ,NASDAQ,NASDAQ
SUNS,SUNS,"Sunrise Realty Trust, Inc.",NASDAQ,NASDAQ,NASDAQ
SUPN,SUPN,"Supernus Pharmaceuticals, Inc.",NASDAQ,NASDAQ,NASDAQ
SUPX,SUPX,SuperX AI Technology Limited,NASDAQ,NASDAQ,NASDAQ
SURG,SURG,"SurgePays, Inc.",NASDAQ,NASDAQ,NASDAQ
SVA,SVA,"Sinovac Biotech, Ltd.",NASDAQ,NASDAQ,NASDAQ
SVAQ,SVAQ,Silicon Valley Acquisition Corp.,NASDAQ,NASDAQ,NASDAQ
SVC,SVC,Service Properties Trust,NASDAQ,NASDAQ,NASDAQ
SVCC,SVCC,Stellar V Capital Corp.,NASDAQ,NASDAQ,NASDAQ
SVCO,SVCO,"Silvaco Group, Inc.",NASDAQ,NASDAQ,NASDAQ
SVIV,SVIV,Spring Valley Acquisition Corp. IV,NASDAQ,NASDAQ,NASDAQ
SVRA,SVRA,"Savara, Inc.",NASDAQ,NASDAQ,NASDAQ
SVRE,SVRE,SaverOne 2014 Ltd.,NASDAQ,NASDAQ,NASDAQ
SVRN,SVRN,OceanPal Inc.,NASDAQ,NASDAQ,NASDAQ
SWAG,SWAG,"Stran & Company, Inc.",NASDAQ,NASDAQ,NASDAQ
SWBI,SWBI,"Smith & Wesson Brands, Inc.",NASDAQ,NASDAQ,NASDAQ
SWIM,SWIM,"Latham Group, Inc.",NASDAQ,NASDAQ,NASDAQ
SWKHL,SWKHL,SWK Holdings Corporation,NASDAQ,NASDAQ,NASDAQ
SWKS,SWKS,"Skyworks Solutions, Inc.",NASDAQ,NASDAQ,NASDAQ
SWMR,SWMR,"Swarmer, Inc",NASDAQ,NASDAQ,NASDAQ
SWVL,SWVL,Swvl Holdings Corp,NASDAQ,NASDAQ,NASDAQ
SXTC,SXTC,"China SXT Pharmaceuticals, Inc.",NASDAQ,NASDAQ,NASDAQ
SXTP,SXTP,"60 Degrees Pharmaceuticals, Inc.",NASDAQ,NASDAQ,NASDAQ
SY,SY,So-Young International Inc.,NASDAQ,NASDAQ,NASDAQ
SYBT,SYBT,"Stock Yards Bancorp, Inc.",NASDAQ,NASDAQ,NASDAQ
SYM,SYM,Symbotic Inc.,NASDAQ,NASDAQ,NASDAQ
SYNA,SYNA,Synaptics Incorporated,NASDAQ,NASDAQ,NASDAQ
SYPR,SYPR,"Sypris Solutions, Inc.",NASDAQ,NASDAQ,NASDAQ
SYRE,SYRE,"Spyre Therapeutics, Inc.",NASDAQ,NASDAQ,NASDAQ
SZZL,SZZL,Sizzle Acquisition Corp. II,NASDAQ,NASDAQ,NASDAQ
TACH,TACH,Titan Acquisition Corp.,NASDAQ,NASDAQ,NASDAQ
TACO,TACO,Berto Acquisition Corp.,NASDAQ,NASDAQ,NASDAQ
TACT,TACT,TransAct Technologies Incorporated,NASDAQ,NASDAQ,NASDAQ
TALK,TALK,"Talkspace, Inc.",NASDAQ,NASDAQ,NASDAQ
TANH,TANH,Tantech Holdings Ltd.,NASDAQ,NASDAQ,NASDAQ
TAOP,TAOP,Taoping Inc.,NASDAQ,NASDAQ,NASDAQ
TAOX,TAOX,Tao Synergies Inc.,NASDAQ,NASDAQ,NASDAQ
TARA,TARA,"Protara Therapeutics, Inc.",NASDAQ,NASDAQ,NASDAQ
TARS,TARS,"Tarsus Pharmaceuticals, Inc.",NASDAQ,NASDAQ,NASDAQ
TASK,TASK,"TaskUs, Inc.",NASDAQ,NASDAQ,NASDAQ
TATT,TATT,TAT Technologies Ltd.,NASDAQ,NASDAQ,NASDAQ
TAVI,TAVI,Tavia Acquisition Corp.,NASDAQ,NASDAQ,NASDAQ
TAYD,TAYD,"Taylor Devices, Inc.",NASDAQ,NASDAQ,NASDAQ
TBBK,TBBK,"The Bancorp, Inc.",NASDAQ,NASDAQ,NASDAQ
TBCH,TBCH,Turtle Beach Corporation,NASDAQ,NASDAQ,NASDAQ
TBLA,TBLA,Taboola.com Ltd.,NASDAQ,NASDAQ,NASDAQ
TBLD,TBLD,Thornburg Income Builder Opportunities Trust,NASDAQ,NASDAQ,NASDAQ
TBPH,TBPH,"Theravance Biopharma, Inc.",NASDAQ,NASDAQ,NASDAQ
TC,TC,Token Cat Limited,NASDAQ,NASDAQ,NASDAQ
TCBI,TCBI,"Texas Capital Bancshares, Inc.",NASDAQ,NASDAQ,NASDAQ
TCBIO,TCBIO,"Texas Capital Bancshares, Inc.",NASDAQ,NASDAQ,NASDAQ
TCBK,TCBK,TriCo Bancshares,NASDAQ,NASDAQ,NASDAQ
TCBS,TCBS,"Texas Community Bancshares, Inc.",NASDAQ,NASDAQ,NASDAQ
TCGX,TCGX,TCGX Acquisition Corp.,NASDAQ,NASDAQ,NASDAQ
TCMD,TCMD,"Tactile Systems Technology, Inc.",NASDAQ,NASDAQ,NASDAQ
TCOM,TCOM,Trip.com Group Limited,NASDAQ,NASDAQ,NASDAQ
TCPC,TCPC,BlackRock TCP Capital Corp.,NASDAQ,NASDAQ,NASDAQ
TCRT,TCRT,"Alaunos Therapeutics, Inc.",NASDAQ,NASDAQ,NASDAQ
TCRX,TCRX,"TScan Therapeutics, Inc.",NASDAQ,NASDAQ,NASDAQ
TCX,TCX,Tucows Inc.,NASDAQ,NASDAQ,NASDAQ
TDAC,TDAC,Translational Development Acquisition Corp.,NASDAQ,NASDAQ,NASDAQ
TDIC,TDIC,Dreamland Limited,NASDAQ,NASDAQ,NASDAQ
TDTH,TDTH,Trident Digital Tech Holdings Ltd,NASDAQ,NASDAQ,NASDAQ
TDUP,TDUP,ThredUp Inc.,NASDAQ,NASDAQ,NASDAQ
TDWD,TDWD,Tailwind 2.0 Acquisition Corp.,NASDAQ,NASDAQ,NASDAQ
TEAD,TEAD,Teads Holding Co.,NASDAQ,NASDAQ,NASDAQ
TEAM,TEAM,Atlassian Corporation,NASDAQ,NASDAQ,NASDAQ
TECH,TECH,Bio-Techne Corp,NASDAQ,NASDAQ,NASDAQ
TECX,TECX,"Tectonic Therapeutic, Inc.",NASDAQ,NASDAQ,NASDAQ
TELA,TELA,"TELA Bio, Inc.",NASDAQ,NASDAQ,NASDAQ
TELO,TELO,"Telomir Pharmaceuticals, Inc.",NASDAQ,NASDAQ,NASDAQ
TEM,TEM,"Tempus AI, Inc.",NASDAQ,NASDAQ,NASDAQ
TENB,TENB,"Tenable Holdings, Inc.",NASDAQ,NASDAQ,NASDAQ
TENX,TENX,"Tenax Therapeutics, Inc.",NASDAQ,NASDAQ,NASDAQ
TER,TER,"Teradyne, Inc.",NASDAQ,NASDAQ,NASDAQ
TFSL,TFSL,TFS Financial Corporation,NASDAQ,NASDAQ,NASDAQ
TGHL,TGHL,The GrowHub Limited,NASDAQ,NASDAQ,NASDAQ
TGL,TGL,Treasure Global Inc.,NASDAQ,NASDAQ,NASDAQ
TGTX,TGTX,"TG Therapeutics, Inc.",NASDAQ,NASDAQ,NASDAQ
TH,TH,Target Hospitality Corp.,NASDAQ,NASDAQ,NASDAQ
THCH,THCH,TH International Limited,NASDAQ,NASDAQ,NASDAQ
THFF,THFF,First Financial Corporation,NASDAQ,NASDAQ,NASDAQ
THH,THH,TryHard Holdings Limited,NASDAQ,NASDAQ,NASDAQ
THRM,THRM,Gentherm Inc,NASDAQ,NASDAQ,NASDAQ
THRY,THRY,"Thryv Holdings, Inc.",NASDAQ,NASDAQ,NASDAQ
TIGO,TIGO,Millicom International Cellular S.A.,NASDAQ,NASDAQ,NASDAQ
TIGR,TIGR,UP Fintech Holding Limited,NASDAQ,NASDAQ,NASDAQ
TIL,TIL,"Instil Bio, Inc.",NASDAQ,NASDAQ,NASDAQ
TILE,TILE,"Interface, Inc.",NASDAQ,NASDAQ,NASDAQ
TIPT,TIPT,Tiptree Inc.,NASDAQ,NASDAQ,NASDAQ
TITN,TITN,Titan Machinery Inc.,NASDAQ,NASDAQ,NASDAQ
TJGC,TJGC,TJGC Group Limited,NASDAQ,NASDAQ,NASDAQ
TKLF,TKLF,"Tokyo Lifestyle Co., Ltd.",NASDAQ,NASDAQ,NASDAQ
TKNO,TKNO,"Alpha Teknova, Inc.",NASDAQ,NASDAQ,NASDAQ
TLF,TLF,"Tandy Leather Factory, Inc.",NASDAQ,NASDAQ,NASDAQ
TLIH,TLIH,Ten-League International Holdings Limited,NASDAQ,NASDAQ,NASDAQ
TLN,TLN,Talen Energy Corporation,NASDAQ,NASDAQ,NASDAQ
TLNC,TLNC,Talon Capital Corp.,NASDAQ,NASDAQ,NASDAQ
TLPH,TLPH,"Talphera, Inc.",NASDAQ,NASDAQ,NASDAQ
TLRY,TLRY,"Tilray Brands, Inc.",NASDAQ,NASDAQ,NASDAQ
TLS,TLS,Telos Corporation,NASDAQ,NASDAQ,NASDAQ
TLSA,TLSA,Tiziana Life Sciences Ltd,NASDAQ,NASDAQ,NASDAQ
TLSI,TLSI,"TriSalus Life Sciences, Inc.",NASDAQ,NASDAQ,NASDAQ
TLX,TLX,Telix Pharmaceuticals Limited,NASDAQ,NASDAQ,NASDAQ
TMC,TMC,TMC the metals company Inc.,NASDAQ,NASDAQ,NASDAQ
TMCI,TMCI,"Treace Medical Concepts, Inc.",NASDAQ,NASDAQ,NASDAQ
TMCR,TMCR,The Metals Royalty Company Inc.,NASDAQ,NASDAQ,NASDAQ
TMDX,TMDX,"TransMedics Group, Inc.",NASDAQ,NASDAQ,NASDAQ
TMS,TMS,Teamshares Inc.,NASDAQ,NASDAQ,NASDAQ
TMTS,TMTS,Spartacus Acquisition Corp. II,NASDAQ,NASDAQ,NASDAQ
TMUS,TMUS,"T-Mobile US, Inc.",NASDAQ,NASDAQ,NASDAQ
TMUSI,TMUSI,"T-Mobile US, Inc.",NASDAQ,NASDAQ,NASDAQ
TMUSL,TMUSL,"T-Mobile US, Inc.",NASDAQ,NASDAQ,NASDAQ
TMUSZ,TMUSZ,"T-Mobile US, Inc.",NASDAQ,NASDAQ,NASDAQ
TNDM,TNDM,"Tandem Diabetes Care, Inc.",NASDAQ,NASDAQ,NASDAQ
TNGX,TNGX,"Tango Therapeutics, Inc.",NASDAQ,NASDAQ,NASDAQ
TNMG,TNMG,TNL Mediagene,NASDAQ,NASDAQ,NASDAQ
TNON,TNON,"Tenon Medical, Inc.",NASDAQ,NASDAQ,NASDAQ
TNXP,TNXP,Tonix Pharmaceuticals Holding Corp.,NASDAQ,NASDAQ,NASDAQ
TNYA,TNYA,"Tenaya Therapeutics, Inc.",NASDAQ,NASDAQ,NASDAQ
TOMZ,TOMZ,"TOMI Environmental Solutions, Inc.",NASDAQ,NASDAQ,NASDAQ
TONX,TONX,TON Strategy Company,NASDAQ,NASDAQ,NASDAQ
TOP,TOP,TOP Financial Group Limited,NASDAQ,NASDAQ,NASDAQ
TORO,TORO,Toro Corp.,NASDAQ,NASDAQ,NASDAQ
TOUR,TOUR,Tuniu Corporation,NASDAQ,NASDAQ,NASDAQ
TOWN,TOWN,Towne Bank,NASDAQ,NASDAQ,NASDAQ
TOYO,TOYO,"TOYO Co., Ltd",NASDAQ,NASDAQ,NASDAQ
TPCS,TPCS,TechPrecision Corporation,NASDAQ,NASDAQ,NASDAQ
TPG,TPG,TPG Inc.,NASDAQ,NASDAQ,NASDAQ
TPGXL,TPGXL,TPG Inc.,NASDAQ,NASDAQ,NASDAQ
TPST,TPST,"Tempest Therapeutics, Inc.",NASDAQ,NASDAQ,NASDAQ
TRAW,TRAW,"Traws Pharma, Inc.",NASDAQ,NASDAQ,NASDAQ
TRAX,TRAX,"First Tracks Biotherapeutics, Inc.",NASDAQ,NASDAQ,NASDAQ
TRDA,TRDA,"Entrada Therapeutics, Inc.",NASDAQ,NASDAQ,NASDAQ
TREE,TREE,"LendingTree, Inc.",NASDAQ,NASDAQ,NASDAQ
TRGS,TRGS,TRG Latin America Acquisitions Corp.,NASDAQ,NASDAQ,NASDAQ
TRI,TRI,Thomson Reuters Corp,NASDAQ,NASDAQ,NASDAQ
TRIB,TRIB,Trinity Biotech plc,NASDAQ,NASDAQ,NASDAQ
TRIP,TRIP,"TripAdvisor, Inc.",NASDAQ,NASDAQ,NASDAQ
TRMB,TRMB,Trimble Inc.,NASDAQ,NASDAQ,NASDAQ
TRMD,TRMD,TORM plc,NASDAQ,NASDAQ,NASDAQ
TRMK,TRMK,Trustmark Corporation,NASDAQ,NASDAQ,NASDAQ
TRNR,TRNR,Interactive Strength Inc.,NASDAQ,NASDAQ,NASDAQ
TRNS,TRNS,"Transcat, Inc.",NASDAQ,NASDAQ,NASDAQ
TRON,TRON,Tron Inc.,NASDAQ,NASDAQ,NASDAQ
TROO,TROO,"TROOPS, Inc.",NASDAQ,NASDAQ,NASDAQ
TROW,TROW,"T. Rowe Price Group, Inc.",NASDAQ,NASDAQ,NASDAQ
TRS,TRS,TriMas Corporation,NASDAQ,NASDAQ,NASDAQ
TRSG,TRSG,Tungray Technologies Inc,NASDAQ,NASDAQ,NASDAQ
TRST,TRST,TrustCo Bank Corp NY,NASDAQ,NASDAQ,NASDAQ
TRUG,TRUG,"TruGolf Holdings, Inc.",NASDAQ,NASDAQ,NASDAQ
TRUP,TRUP,"Trupanion, Inc.",NASDAQ,NASDAQ,NASDAQ
TRVG,TRVG,trivago N.V.,NASDAQ,NASDAQ,NASDAQ
TRVI,TRVI,"Trevi Therapeutics, Inc.",NASDAQ,NASDAQ,NASDAQ
TSAT,TSAT,Telesat Corporation,NASDAQ,NASDAQ,NASDAQ
TSBK,TSBK,"Timberland Bancorp, Inc.",NASDAQ,NASDAQ,NASDAQ
TSCO,TSCO,Tractor Supply Company,NASDAQ,NASDAQ,NASDAQ
TSEM,TSEM,Tower Semiconductor Ltd.,NASDAQ,NASDAQ,NASDAQ
TSHA,TSHA,"Taysha Gene Therapies, Inc.",NASDAQ,NASDAQ,NASDAQ
TSLA,TSLA,"Tesla, Inc.",NASDAQ,NASDAQ,NASDAQ
TSSI,TSSI,"TSS, Inc.",NASDAQ,NASDAQ,NASDAQ
TTAN,TTAN,"ServiceTitan, Inc.",NASDAQ,NASDAQ,NASDAQ
TTD,TTD,"The Trade Desk, Inc.",NASDAQ,NASDAQ,NASDAQ
TTEC,TTEC,"TTEC Holdings, Inc.",NASDAQ,NASDAQ,NASDAQ
TTEK,TTEK,"Tetra Tech, Inc.",NASDAQ,NASDAQ,NASDAQ
TTGT,TTGT,"TechTarget, Inc.",NASDAQ,NASDAQ,NASDAQ
TTMI,TTMI,"TTM Technologies, Inc.",NASDAQ,NASDAQ,NASDAQ
TTRX,TTRX,Turn Therapeutics Inc.,NASDAQ,NASDAQ,NASDAQ
TTWO,TTWO,"Take-Two Interactive Software, Inc.",NASDAQ,NASDAQ,NASDAQ
TULP,TULP,"Bloomia Holdings, Inc.",NASDAQ,NASDAQ,NASDAQ
TURB,TURB,"Turbo Energy, S.A.",NASDAQ,NASDAQ,NASDAQ
TUSK,TUSK,"Mammoth Energy Services, Inc.",NASDAQ,NASDAQ,NASDAQ
TVA,TVA,Texas Ventures Acquisition III Corp,NASDAQ,NASDAQ,NASDAQ
TVAI,TVAI,Thayer Ventures Acquisition Corporation II,NASDAQ,NASDAQ,NASDAQ
TVGN,TVGN,Tevogen Inc.,NASDAQ,NASDAQ,NASDAQ
TVIV,TVIV,Texas Ventures Acquisition IV Corp,NASDAQ,NASDAQ,NASDAQ
TVRD,TVRD,"Tvardi Therapeutics, Inc.",NASDAQ,NASDAQ,NASDAQ
TVTX,TVTX,"Travere Therapeutics, Inc.",NASDAQ,NASDAQ,NASDAQ
TW,TW,Tradeweb Markets Inc.,NASDAQ,NASDAQ,NASDAQ
TWAV,TWAV,"TaoWeave, Inc.",NASDAQ,NASDAQ,NASDAQ
TWFG,TWFG,"TWFG, Inc.",NASDAQ,NASDAQ,NASDAQ
TWG,TWG,Top Wealth Group Holding Limited,NASDAQ,NASDAQ,NASDAQ
TWIN,TWIN,"Twin Disc, Incorporated",NASDAQ,NASDAQ,NASDAQ
TWLV,TWLV,Twelve Seas Investment Company III,NASDAQ,NASDAQ,NASDAQ
TWST,TWST,Twist Bioscience Corporation,NASDAQ,NASDAQ,NASDAQ
TXG,TXG,"10x Genomics, Inc.",NASDAQ,NASDAQ,NASDAQ
TXMD,TXMD,"TherapeuticsMD, Inc.",NASDAQ,NASDAQ,NASDAQ
TXN,TXN,Texas Instruments Incorporated,NASDAQ,NASDAQ,NASDAQ
TXRH,TXRH,"Texas Roadhouse, Inc.",NASDAQ,NASDAQ,NASDAQ
TYGO,TYGO,"Tigo Energy, Inc.",NASDAQ,NASDAQ,NASDAQ
TYRA,TYRA,"Tyra Biosciences, Inc.",NASDAQ,NASDAQ,NASDAQ
TZOO,TZOO,Travelzoo,NASDAQ,NASDAQ,NASDAQ
UAL,UAL,"United Airlines Holdings, Inc.",NASDAQ,NASDAQ,NASDAQ
UBCP,UBCP,"United Bancorp, Inc.",NASDAQ,NASDAQ,NASDAQ
UBSI,UBSI,"United Bankshares, Inc.",NASDAQ,NASDAQ,NASDAQ
UCAR,UCAR,U Power Limited,NASDAQ,NASDAQ,NASDAQ
UCFI,UCFI,CN Healthy Food Tech Group Corp.,NASDAQ,NASDAQ,NASDAQ
UCL,UCL,uCloudlink Group Inc.,NASDAQ,NASDAQ,NASDAQ
UCTT,UCTT,"Ultra Clean Holdings, Inc.",NASDAQ,NASDAQ,NASDAQ
UEIC,UEIC,Universal Electronics Inc.,NASDAQ,NASDAQ,NASDAQ
UFCS,UFCS,"United Fire Group, Inc",NASDAQ,NASDAQ,NASDAQ
UFG,UFG,Uni-Fuels Holdings Limited,NASDAQ,NASDAQ,NASDAQ
UFPI,UFPI,"UFP Industries, Inc.",NASDAQ,NASDAQ,NASDAQ
UFPT,UFPT,"UFP Technologies, Inc.",NASDAQ,NASDAQ,NASDAQ
UG,UG,"United-Guardian, Inc.",NASDAQ,NASDAQ,NASDAQ
UK,UK,Ucommune International Ltd,NASDAQ,NASDAQ,NASDAQ
ULBI,ULBI,Ultralife Corporation,NASDAQ,NASDAQ,NASDAQ
ULCC,ULCC,"Frontier Group Holdings, Inc.",NASDAQ,NASDAQ,NASDAQ
ULH,ULH,"Universal Logistics Holdings, Inc.",NASDAQ,NASDAQ,NASDAQ
ULTA,ULTA,"Ulta Beauty, Inc.",NASDAQ,NASDAQ,NASDAQ
UMBF,UMBF,UMB Financial Corporation,NASDAQ,NASDAQ,NASDAQ
UMBFO,UMBFO,UMB Financial Corporation,NASDAQ,NASDAQ,NASDAQ
UNB,UNB,"Union Bankshares, Inc.",NASDAQ,NASDAQ,NASDAQ
UNCY,UNCY,"Unicycive Therapeutics, Inc.",NASDAQ,NASDAQ,NASDAQ
UNIT,UNIT,Uniti Group Inc.,NASDAQ,NASDAQ,NASDAQ
UNTY,UNTY,"Unity Bancorp, Inc.",NASDAQ,NASDAQ,NASDAQ
UONE,UONE,"Urban One, Inc.",NASDAQ,NASDAQ,NASDAQ
UONEK,UONEK,"Urban One, Inc.",NASDAQ,NASDAQ,NASDAQ
UPB,UPB,"Upstream Bio, Inc.",NASDAQ,NASDAQ,NASDAQ
UPBD,UPBD,"Upbound Group, Inc.",NASDAQ,NASDAQ,NASDAQ
UPC,UPC,Universe Pharmaceuticals Inc,NASDAQ,NASDAQ,NASDAQ
UPLD,UPLD,"Upland Software, Inc.",NASDAQ,NASDAQ,NASDAQ
UPST,UPST,"Upstart Holdings, Inc.",NASDAQ,NASDAQ,NASDAQ
UPWK,UPWK,Upwork Inc.,NASDAQ,NASDAQ,NASDAQ
UPXI,UPXI,"Upexi, Inc.",NASDAQ,NASDAQ,NASDAQ
URBN,URBN,"Urban Outfitters, Inc.",NASDAQ,NASDAQ,NASDAQ
URGN,URGN,UroGen Pharma Ltd.,NASDAQ,NASDAQ,NASDAQ
UROY,UROY,Uranium Royalty Corp.,NASDAQ,NASDAQ,NASDAQ
USAR,USAR,"USA Rare Earth, Inc.",NASDAQ,NASDAQ,NASDAQ
USAU,USAU,U.S. Gold Corp.,NASDAQ,NASDAQ,NASDAQ
USCB,USCB,"USCB Financial Holdings, Inc.",NASDAQ,NASDAQ,NASDAQ
USDE,USDE,StablecoinX Inc.,NASDAQ,NASDAQ,NASDAQ
USEA,USEA,United Maritime Corporation,NASDAQ,NASDAQ,NASDAQ
USGO,USGO,U.S. GoldMining Inc.,NASDAQ,NASDAQ,NASDAQ
USIO,USIO,"Usio, Inc.",NASDAQ,NASDAQ,NASDAQ
USLM,USLM,"United States Lime & Minerals, Inc.",NASDAQ,NASDAQ,NASDAQ
UTHR,UTHR,United Therapeutics Corporation,NASDAQ,NASDAQ,NASDAQ
UTMD,UTMD,"Utah Medical Products, Inc.",NASDAQ,NASDAQ,NASDAQ
UTSI,UTSI,UTStarcom Holdings Corp,NASDAQ,NASDAQ,NASDAQ
UVSP,UVSP,Univest Financial Corporation,NASDAQ,NASDAQ,NASDAQ
UXIN,UXIN,Uxin Limited,NASDAQ,NASDAQ,NASDAQ
UYSC,UYSC,UY Scuti Acquisition Corp.,NASDAQ,NASDAQ,NASDAQ
UZX,UZX,Linkage Global Inc,NASDAQ,NASDAQ,NASDAQ
VABK,VABK,Virginia National Bankshares Corporation,NASDAQ,NASDAQ,NASDAQ
VALN,VALN,Valneva SE,NASDAQ,NASDAQ,NASDAQ
VALU,VALU,"Value Line, Inc.",NASDAQ,NASDAQ,NASDAQ
VANI,VANI,"Vivani Medical, Inc.",NASDAQ,NASDAQ,NASDAQ
VBIO,VBIO,"Valion Bio, Inc.",NASDAQ,NASDAQ,NASDAQ
VBNK,VBNK,VersaBank,NASDAQ,NASDAQ,NASDAQ
VC,VC,Visteon Corporation,NASDAQ,NASDAQ,NASDAQ
VCEL,VCEL,Vericel Corporation,NASDAQ,NASDAQ,NASDAQ
VCIG,VCIG,VCI Global Limited,NASDAQ,NASDAQ,NASDAQ
VCRE,VCRE,Vicore Pharma Holding AB,NASDAQ,NASDAQ,NASDAQ
VCTR,VCTR,"Victory Capital Holdings, Inc.",NASDAQ,NASDAQ,NASDAQ
VCYT,VCYT,"Veracyte, Inc.",NASDAQ,NASDAQ,NASDAQ
VECO,VECO,Veeco Instruments Inc.,NASDAQ,NASDAQ,NASDAQ
VEEA,VEEA,Veea Inc.,NASDAQ,NASDAQ,NASDAQ
VEEE,VEEE,Twin Vee PowerCats Co.,NASDAQ,NASDAQ,NASDAQ
VELO,VELO,"Velo3D, Inc.",NASDAQ,NASDAQ,NASDAQ
VEON,VEON,VEON Ltd.,NASDAQ,NASDAQ,NASDAQ
VERA,VERA,"Vera Therapeutics, Inc.",NASDAQ,NASDAQ,NASDAQ
VERI,VERI,"Veritone, Inc.",NASDAQ,NASDAQ,NASDAQ
VERU,VERU,Veru Inc.,NASDAQ,NASDAQ,NASDAQ
VERX,VERX,"Vertex, Inc.",NASDAQ,NASDAQ,NASDAQ
VFF,VFF,"Village Farms International, Inc.",NASDAQ,NASDAQ,NASDAQ
VFS,VFS,VinFast Auto Ltd.,NASDAQ,NASDAQ,NASDAQ
VGAS,VGAS,"Verde Clean Fuels, Inc.",NASDAQ,NASDAQ,NASDAQ
VHC,VHC,VirnetX Holding Corp,NASDAQ,NASDAQ,NASDAQ
VHCP,VHCP,Vine Hill Capital Investment Corp. II,NASDAQ,NASDAQ,NASDAQ
VHUB,VHUB,"VenHub Global, Inc.",NASDAQ,NASDAQ,NASDAQ
VIAV,VIAV,Viavi Solutions Inc.,NASDAQ,NASDAQ,NASDAQ
VICR,VICR,Vicor Corporation,NASDAQ,NASDAQ,NASDAQ
VINP,VINP,Vinci Compass Investments Ltd.,NASDAQ,NASDAQ,NASDAQ
VIOT,VIOT,"Viomi Technology Co., Ltd",NASDAQ,NASDAQ,NASDAQ
VIP,VIP,Vulcan Infrastructure and Power Inc.,NASDAQ,NASDAQ,NASDAQ
VIR,VIR,"Vir Biotechnology, Inc.",NASDAQ,NASDAQ,NASDAQ
VIRC,VIRC,Virco Manufacturing Corporation,NASDAQ,NASDAQ,NASDAQ
VISN,VISN,"Vistance Networks, Inc.",NASDAQ,NASDAQ,NASDAQ
VITL,VITL,"Vital Farms, Inc.",NASDAQ,NASDAQ,NASDAQ
VIVK,VIVK,"Vivakor, Inc.",NASDAQ,NASDAQ,NASDAQ
VIVO,VIVO,VivoPower PLC,NASDAQ,NASDAQ,NASDAQ
VIVS,VIVS,"VivoSim Labs, Inc.",NASDAQ,NASDAQ,NASDAQ
VKTX,VKTX,"Viking Therapeutics, Inc.",NASDAQ,NASDAQ,NASDAQ
VLGEA,VLGEA,"Village Super Market, Inc.",NASDAQ,NASDAQ,NASDAQ
VLOS,VLOS,Velos Acquisition I Corp.,NASDAQ,NASDAQ,NASDAQ
VLY,VLY,Valley National Bancorp,NASDAQ,NASDAQ,NASDAQ
VLYPN,VLYPN,Valley National Bancorp,NASDAQ,NASDAQ,NASDAQ
VLYPO,VLYPO,Valley National Bancorp,NASDAQ,NASDAQ,NASDAQ
VLYPP,VLYPP,Valley National Bancorp,NASDAQ,NASDAQ,NASDAQ
VMAR,VMAR,Vision Marine Technologies Inc.,NASDAQ,NASDAQ,NASDAQ
VMD,VMD,"Viemed Healthcare, Inc.",NASDAQ,NASDAQ,NASDAQ
VMET,VMET,Versamet Royalties Corporation,NASDAQ,NASDAQ,NASDAQ
VNCE,VNCE,Vince Holding Corp.,NASDAQ,NASDAQ,NASDAQ
VNDA,VNDA,Vanda Pharmaceuticals Inc.,NASDAQ,NASDAQ,NASDAQ
VNET,VNET,"VNET Group, Inc.",NASDAQ,NASDAQ,NASDAQ
VNME,VNME,Vendome Acquisition Corporation I,NASDAQ,NASDAQ,NASDAQ
VNOM,VNOM,"Viper Energy, Inc.",NASDAQ,NASDAQ,NASDAQ
VOD,VOD,Vodafone Group Plc,NASDAQ,NASDAQ,NASDAQ
VOGX,VOGX,Vogenx Inc,NASDAQ,NASDAQ,NASDAQ
VOR,VOR,Vor Biopharma Inc.,NASDAQ,NASDAQ,NASDAQ
VOXR,VOXR,Vox Royalty Corp.,NASDAQ,NASDAQ,NASDAQ
VRA,VRA,"Vera Bradley, Inc.",NASDAQ,NASDAQ,NASDAQ
VRAX,VRAX,Virax Biolabs Group Limited,NASDAQ,NASDAQ,NASDAQ
VRCA,VRCA,Verrica Pharmaceuticals Inc.,NASDAQ,NASDAQ,NASDAQ
VRDN,VRDN,"Viridian Therapeutics, Inc.",NASDAQ,NASDAQ,NASDAQ
VREX,VREX,Varex Imaging Corporation,NASDAQ,NASDAQ,NASDAQ
VRM,VRM,"Vroom, Inc.",NASDAQ,NASDAQ,NASDAQ
VRME,VRME,"VerifyMe, Inc.",NASDAQ,NASDAQ,NASDAQ
VRNS,VRNS,"Varonis Systems, Inc.",NASDAQ,NASDAQ,NASDAQ
VRRM,VRRM,Verra Mobility Corporation,NASDAQ,NASDAQ,NASDAQ
VRSK,VRSK,"Verisk Analytics, Inc.",NASDAQ,NASDAQ,NASDAQ
VRSN,VRSN,"VeriSign, Inc.",NASDAQ,NASDAQ,NASDAQ
VRTX,VRTX,Vertex Pharmaceuticals Incorporated,NASDAQ,NASDAQ,NASDAQ
VRXA,VRXA,Veraxa Biotech AG,NASDAQ,NASDAQ,NASDAQ
VS,VS,Versus Systems Inc.,NASDAQ,NASDAQ,NASDAQ
VSA,VSA,VisionSys AI Inc.,NASDAQ,NASDAQ,NASDAQ
VSAT,VSAT,"ViaSat, Inc.",NASDAQ,NASDAQ,NASDAQ
VSEC,VSEC,VSE Corporation,NASDAQ,NASDAQ,NASDAQ
VSME,VSME,VS Media Holdings Limited,NASDAQ,NASDAQ,NASDAQ
VSNT,VSNT,"Versant Media Group, Inc.",NASDAQ,NASDAQ,NASDAQ
VSTM,VSTM,"Verastem, Inc.",NASDAQ,NASDAQ,NASDAQ
VTGN,VTGN,"Vistagen Therapeutics, Inc.",NASDAQ,NASDAQ,NASDAQ
VTIX,VTIX,Virtuix Holdings Inc.,NASDAQ,NASDAQ,NASDAQ
VTRS,VTRS,Viatris Inc.,NASDAQ,NASDAQ,NASDAQ
VTSI,VTSI,"VirTra, Inc.",NASDAQ,NASDAQ,NASDAQ
VTVT,VTVT,vTv Therapeutics Inc.,NASDAQ,NASDAQ,NASDAQ
VUZI,VUZI,Vuzix Corporation,NASDAQ,NASDAQ,NASDAQ
VVOS,VVOS,"Vivos Therapeutics, Inc.",NASDAQ,NASDAQ,NASDAQ
VWAV,VWAV,"VisionWave Holdings, Inc.",NASDAQ,NASDAQ,NASDAQ
VYGR,VYGR,"Voyager Therapeutics, Inc.",NASDAQ,NASDAQ,NASDAQ
WABC,WABC,Westamerica Bancorporation,NASDAQ,NASDAQ,NASDAQ
WAFD,WAFD,"WaFd, Inc.",NASDAQ,NASDAQ,NASDAQ
WAFDP,WAFDP,"WaFd, Inc.",NASDAQ,NASDAQ,NASDAQ
WAFU,WAFU,Wah Fu Education Group Limited,NASDAQ,NASDAQ,NASDAQ
WALD,WALD,Waldencast plc,NASDAQ,NASDAQ,NASDAQ
WASH,WASH,"Washington Trust Bancorp, Inc.",NASDAQ,NASDAQ,NASDAQ
WATT,WATT,Energous Corporation,NASDAQ,NASDAQ,NASDAQ
WAVE,WAVE,Eco Wave Power Global AB (publ),NASDAQ,NASDAQ,NASDAQ
WAY,WAY,Waystar Holding Corp.,NASDAQ,NASDAQ,NASDAQ
WB,WB,Weibo Corporation,NASDAQ,NASDAQ,NASDAQ
WBD,WBD,"Warner Bros. Discovery, Inc.",NASDAQ,NASDAQ,NASDAQ
WBTN,WBTN,WEBTOON Entertainment Inc.,NASDAQ,NASDAQ,NASDAQ
WBUY,WBUY,WEBUY GLOBAL LTD.,NASDAQ,NASDAQ,NASDAQ
WCT,WCT,Wellchange Holdings Company Limited,NASDAQ,NASDAQ,NASDAQ
WDAY,WDAY,"Workday, Inc.",NASDAQ,NASDAQ,NASDAQ
WDC,WDC,Western Digital Corporation,NASDAQ,NASDAQ,NASDAQ
WDFC,WDFC,WD-40 Company,NASDAQ,NASDAQ,NASDAQ
WEN,WEN,Wendy's Company (The),NASDAQ,NASDAQ,NASDAQ
WENN,WENN,Wen Acquisition Corp,NASDAQ,NASDAQ,NASDAQ
WERN,WERN,"Werner Enterprises, Inc.",NASDAQ,NASDAQ,NASDAQ
WEST,WEST,Westrock Coffee Company,NASDAQ,NASDAQ,NASDAQ
WETH,WETH,Wetouch Technology Inc.,NASDAQ,NASDAQ,NASDAQ
WETO,WETO,Wetour Robotics Limited,NASDAQ,NASDAQ,NASDAQ
WEYS,WEYS,"Weyco Group, Inc.",NASDAQ,NASDAQ,NASDAQ
WFCF,WFCF,"Where Food Comes From, Inc.",NASDAQ,NASDAQ,NASDAQ
WFF,WFF,WF Holding Limited,NASDAQ,NASDAQ,NASDAQ
WFRD,WFRD,Weatherford International plc,NASDAQ,NASDAQ,NASDAQ
WGS,WGS,GeneDx Holdings Corp.,NASDAQ,NASDAQ,NASDAQ
WHF,WHF,"WhiteHorse Finance, Inc.",NASDAQ,NASDAQ,NASDAQ
WHFCL,WHFCL,"WhiteHorse Finance, Inc.",NASDAQ,NASDAQ,NASDAQ
WHLR,WHLR,"Wheeler Real Estate Investment Trust, Inc.",NASDAQ,NASDAQ,NASDAQ
WHLRD,WHLRD,"Wheeler Real Estate Investment Trust, Inc.",NASDAQ,NASDAQ,NASDAQ
WHLRL,WHLRL,"Wheeler Real Estate Investment Trust, Inc.",NASDAQ,NASDAQ,NASDAQ
WHLRP,WHLRP,"Wheeler Real Estate Investment Trust, Inc.",NASDAQ,NASDAQ,NASDAQ
WHWK,WHWK,"Whitehawk Therapeutics, Inc.",NASDAQ,NASDAQ,NASDAQ
WILC,WILC,"G. Willi-Food International,  Ltd.",NASDAQ,NASDAQ,NASDAQ
WIMI,WIMI,WiMi Hologram Cloud Inc.,NASDAQ,NASDAQ,NASDAQ
WINA,WINA,Winmark Corporation,NASDAQ,NASDAQ,NASDAQ
WING,WING,Wingstop Inc.,NASDAQ,NASDAQ,NASDAQ
WIX,WIX,Wix.com Ltd.,NASDAQ,NASDAQ,NASDAQ
WKEY,WKEY,WISeKey International Holding Ltd,NASDAQ,NASDAQ,NASDAQ
WKHS,WKHS,"Workhorse Group, Inc.",NASDAQ,NASDAQ,NASDAQ
WKSP,WKSP,"Worksport, Ltd.",NASDAQ,NASDAQ,NASDAQ
WLCO,WLCO,Wilco 63 Corporation,NASDAQ,NASDAQ,NASDAQ
WLDN,WLDN,"Willdan Group, Inc.",NASDAQ,NASDAQ,NASDAQ
WLDS,WLDS,Wearable Devices Ltd.,NASDAQ,NASDAQ,NASDAQ
WLFC,WLFC,Willis Lease Finance Corporation,NASDAQ,NASDAQ,NASDAQ
WLII,WLII,Willow Lane Acquisition Corp. II,NASDAQ,NASDAQ,NASDAQ
WLTH,WLTH,Wealthfront Corporation,NASDAQ,NASDAQ,NASDAQ
WMG,WMG,Warner Music Group Corp.,NASDAQ,NASDAQ,NASDAQ
WMT,WMT,Walmart Inc.,NASDAQ,NASDAQ,NASDAQ
WNEB,WNEB,"Western New England Bancorp, Inc.",NASDAQ,NASDAQ,NASDAQ
WNW,WNW,Meiwu Technology Company Limited,NASDAQ,NASDAQ,NASDAQ
WOK,WOK,WORK Medical Technology Group LTD,NASDAQ,NASDAQ,NASDAQ
WOOF,WOOF,"Petco Health and Wellness Company, Inc.",NASDAQ,NASDAQ,NASDAQ
WPRT,WPRT,Westport Fuel Systems Inc,NASDAQ,NASDAQ,NASDAQ
WRAP,WRAP,"Wrap Technologies, Inc.",NASDAQ,NASDAQ,NASDAQ
WRD,WRD,WeRide Inc.,NASDAQ,NASDAQ,NASDAQ
WRLD,WRLD,World Acceptance Corporation,NASDAQ,NASDAQ,NASDAQ
WSBC,WSBC,"WesBanco, Inc.",NASDAQ,NASDAQ,NASDAQ
WSBCO,WSBCO,"WesBanco, Inc.",NASDAQ,NASDAQ,NASDAQ
WSBF,WSBF,"Waterstone Financial, Inc.",NASDAQ,NASDAQ,NASDAQ
WSBK,WSBK,"Winchester Bancorp, Inc.",NASDAQ,NASDAQ,NASDAQ
WSC,WSC,WillScot Holdings Corporation,NASDAQ,NASDAQ,NASDAQ
WSE,WSE,Wise Group plc,NASDAQ,NASDAQ,NASDAQ
WSFS,WSFS,WSFS Financial Corporation,NASDAQ,NASDAQ,NASDAQ
WSHP,WSHP,WeShop Holdings Limited,NASDAQ,NASDAQ,NASDAQ
WSTN,WSTN,Westin Acquisition Corp,NASDAQ,NASDAQ,NASDAQ
WTBA,WTBA,West Bancorporation,NASDAQ,NASDAQ,NASDAQ
WTF,WTF,Waton Financial Limited,NASDAQ,NASDAQ,NASDAQ
WTFC,WTFC,Wintrust Financial Corporation,NASDAQ,NASDAQ,NASDAQ
WTFCN,WTFCN,Wintrust Financial Corporation,NASDAQ,NASDAQ,NASDAQ
WTG,WTG,Wintergreen Acquisition Corp.,NASDAQ,NASDAQ,NASDAQ
WTW,WTW,Willis Towers Watson Public Limited Company,NASDAQ,NASDAQ,NASDAQ
WULF,WULF,TeraWulf Inc.,NASDAQ,NASDAQ,NASDAQ
WVE,WVE,"Wave Life Sciences, Inc.",NASDAQ,NASDAQ,NASDAQ
WVVI,WVVI,"Willamette Valley Vineyards, Inc.",NASDAQ,NASDAQ,NASDAQ
WVVIP,WVVIP,"Willamette Valley Vineyards, Inc.",NASDAQ,NASDAQ,NASDAQ
WW,WW,"WW International, Inc.",NASDAQ,NASDAQ,NASDAQ
WWD,WWD,"Woodward, Inc.",NASDAQ,NASDAQ,NASDAQ
WXM,WXM,WF International Limited,NASDAQ,NASDAQ,NASDAQ
WYFI,WYFI,"WhiteFiber, Inc.",NASDAQ,NASDAQ,NASDAQ
WYHG,WYHG,Wing Yip Food Holdings Group Limited,NASDAQ,NASDAQ,NASDAQ
WYNN,WYNN,"Wynn Resorts, Limited",NASDAQ,NASDAQ,NASDAQ
XAIR,XAIR,"Beyond Air, Inc.",NASDAQ,NASDAQ,NASDAQ
XBIO,XBIO,"Xenetic Biosciences, Inc.",NASDAQ,NASDAQ,NASDAQ
XBIT,XBIT,XBiotech Inc.,NASDAQ,NASDAQ,NASDAQ
XBP,XBP,"XBP Global Holdings, Inc.",NASDAQ,NASDAQ,NASDAQ
XCBE,XCBE,X3 Acquisition Corp. Ltd.,NASDAQ,NASDAQ,NASDAQ
XCH,XCH,XCHG Limited,NASDAQ,NASDAQ,NASDAQ
XCUR,XCUR,"Exicure, Inc.",NASDAQ,NASDAQ,NASDAQ
XE,XE,"X-Energy, Inc.",NASDAQ,NASDAQ,NASDAQ
XEL,XEL,Xcel Energy Inc.,NASDAQ,NASDAQ,NASDAQ
XELB,XELB,"Xcel Brands, Inc",NASDAQ,NASDAQ,NASDAQ
XELLL,XELLL,Xcel Energy Inc.,NASDAQ,NASDAQ,NASDAQ
XENE,XENE,Xenon Pharmaceuticals Inc.,NASDAQ,NASDAQ,NASDAQ
XERS,XERS,"Xeris Biopharma Holdings, Inc.",NASDAQ,NASDAQ,NASDAQ
XFOR,XFOR,"X4 Pharmaceuticals, Inc.",NASDAQ,NASDAQ,NASDAQ
XGN,XGN,Exagen Inc.,NASDAQ,NASDAQ,NASDAQ
XHG,XHG,XChange TEC.INC,NASDAQ,NASDAQ,NASDAQ
XHLD,XHLD,"TEN Holdings, Inc.",NASDAQ,NASDAQ,NASDAQ
XLO,XLO,"Xilio Therapeutics, Inc.",NASDAQ,NASDAQ,NASDAQ
XMAX,XMAX,"XMAX, Inc.",NASDAQ,NASDAQ,NASDAQ
XMTR,XMTR,"Xometry, Inc.",NASDAQ,NASDAQ,NASDAQ
XNCR,XNCR,"Xencor, Inc.",NASDAQ,NASDAQ,NASDAQ
XNDU,XNDU,Xanadu Quantum Technologies Limited,NASDAQ,NASDAQ,NASDAQ
XNET,XNET,Xunlei Limited,NASDAQ,NASDAQ,NASDAQ
XOS,XOS,"Xos, Inc.",NASDAQ,NASDAQ,NASDAQ
XP,XP,XP Inc.,NASDAQ,NASDAQ,NASDAQ
XPEL,XPEL,"XPEL, Inc.",NASDAQ,NASDAQ,NASDAQ
XPON,XPON,Expion360 Inc.,NASDAQ,NASDAQ,NASDAQ
XRAY,XRAY,DENTSPLY SIRONA Inc.,NASDAQ,NASDAQ,NASDAQ
XRPN,XRPN,Armada Acquisition Corp. II,NASDAQ,NASDAQ,NASDAQ
XRTX,XRTX,XORTX Therapeutics Inc.,NASDAQ,NASDAQ,NASDAQ
XRX,XRX,Xerox Holdings Corporation,NASDAQ,NASDAQ,NASDAQ
XSLL,XSLL,Xsolla SPAC 1,NASDAQ,NASDAQ,NASDAQ
XTIA,XTIA,"XTI Aerospace, Inc. Common Stock",NASDAQ,NASDAQ,NASDAQ
XTLB,XTLB,XTL Biopharmaceuticals Ltd.,NASDAQ,NASDAQ,NASDAQ
XWEL,XWEL,"XWELL, Inc.",NASDAQ,NASDAQ,NASDAQ
XXII,XXII,"22nd Century Group, Inc",NASDAQ,NASDAQ,NASDAQ
YAAS,YAAS,Youxin Technology Ltd,NASDAQ,NASDAQ,NASDAQ
YARW,YARW,"Yarrow Bioscience, Inc.",NASDAQ,NASDAQ,NASDAQ
YB,YB,Yuanbao Inc.,NASDAQ,NASDAQ,NASDAQ
YDDL,YDDL,One and One Green Technologies. INC,NASDAQ,NASDAQ,NASDAQ
YDES,YDES,YD Bio Limited,NASDAQ,NASDAQ,NASDAQ
YDKG,YDKG,Yueda Digital Holding,NASDAQ,NASDAQ,NASDAQ
YHC,YHC,LQR House Inc.,NASDAQ,NASDAQ,NASDAQ
YHGJ,YHGJ,Yunhong Green CTI Ltd.,NASDAQ,NASDAQ,NASDAQ
YHNA,YHNA,YHN Acquisition I Limited,NASDAQ,NASDAQ,NASDAQ
YI,YI,"111, Inc.",NASDAQ,NASDAQ,NASDAQ
YIBO,YIBO,Planet Image International Limited,NASDAQ,NASDAQ,NASDAQ
YICC,YICC,Yorkville International Capital Corp.,NASDAQ,NASDAQ,NASDAQ
YJ,YJ,Yunji Inc.,NASDAQ,NASDAQ,NASDAQ
YMAT,YMAT,"J-Star Holding Co., Ltd.",NASDAQ,NASDAQ,NASDAQ
YMT,YMT,Yimutian Inc.,NASDAQ,NASDAQ,NASDAQ
YORW,YORW,The York Water Company,NASDAQ,NASDAQ,NASDAQ
YOUL,YOUL,Youlife Group Inc.,NASDAQ,NASDAQ,NASDAQ
YQ,YQ,17 Education & Technology Group Inc.,NASDAQ,NASDAQ,NASDAQ
YSWY,YSWY,"Yesway, Inc.",NASDAQ,NASDAQ,NASDAQ
YSXT,YSXT,"YSX Tech. Co., Ltd",NASDAQ,NASDAQ,NASDAQ
YTRA,YTRA,"Yatra Online, Inc.",NASDAQ,NASDAQ,NASDAQ
YXT,YXT,YXT.COM GROUP HOLDING LIMITED,NASDAQ,NASDAQ,NASDAQ
YYAI,YYAI,AiRWA Inc.,NASDAQ,NASDAQ,NASDAQ
YYGH,YYGH,YY Group Holding Limited,NASDAQ,NASDAQ,NASDAQ
Z,Z,"Zillow Group, Inc.",NASDAQ,NASDAQ,NASDAQ
ZBAO,ZBAO,Zhibao Technology Inc.,NASDAQ,NASDAQ,NASDAQ
ZBIO,ZBIO,"Zenas BioPharma, Inc.",NASDAQ,NASDAQ,NASDAQ
ZBRA,ZBRA,Zebra Technologies Corporation,NASDAQ,NASDAQ,NASDAQ
ZCMD,ZCMD,Zhongchao Inc.,NASDAQ,NASDAQ,NASDAQ
ZD,ZD,"Ziff Davis, Inc.",NASDAQ,NASDAQ,NASDAQ
ZDAI,ZDAI,"DirectBooking Technology Co., Ltd.",NASDAQ,NASDAQ,NASDAQ
ZENA,ZENA,"ZenaTech, Inc.",NASDAQ,NASDAQ,NASDAQ
ZEO,ZEO,Zeo Energy Corporation,NASDAQ,NASDAQ,NASDAQ
ZG,ZG,"Zillow Group, Inc.",NASDAQ,NASDAQ,NASDAQ
ZION,ZION,Zions Bancorporation N.A.,NASDAQ,NASDAQ,NASDAQ
ZIONP,ZIONP,Zions Bancorporation N.A.,NASDAQ,NASDAQ,NASDAQ
ZJK,ZJK,"ZJK Industrial Co., Ltd.",NASDAQ,NASDAQ,NASDAQ
ZJYL,ZJYL,JIN MEDICAL INTERNATIONAL LTD.,NASDAQ,NASDAQ,NASDAQ
ZKIN,ZKIN,"ZK International Group Co., Ltd",NASDAQ,NASDAQ,NASDAQ
ZKP,ZKP,Lafayette Digital Acquisition Corp. I,NASDAQ,NASDAQ,NASDAQ
ZLAB,ZLAB,Zai Lab Limited,NASDAQ,NASDAQ,NASDAQ
ZM,ZM,"Zoom Communications, Inc.",NASDAQ,NASDAQ,NASDAQ
ZNB,ZNB,Zeta Network Group,NASDAQ,NASDAQ,NASDAQ
ZNTL,ZNTL,"Zentalis Pharmaceuticals, Inc.",NASDAQ,NASDAQ,NASDAQ
ZOOZ,ZOOZ,ZOOZ Strategy Ltd.,NASDAQ,NASDAQ,NASDAQ
ZS,ZS,"Zscaler, Inc.",NASDAQ,NASDAQ,NASDAQ
ZSQR,ZSQR,Z Squared Inc.,NASDAQ,NASDAQ,NASDAQ
ZSTK,ZSTK,ZeroStack Corp.,NASDAQ,NASDAQ,NASDAQ
ZTEK,ZTEK,Zentek Ltd.,NASDAQ,NASDAQ,NASDAQ
ZTG,ZTG,Zenta Group Company Limited,NASDAQ,NASDAQ,NASDAQ
ZUMZ,ZUMZ,Zumiez Inc.,NASDAQ,NASDAQ,NASDAQ
ZURA,ZURA,Zura Bio Limited,NASDAQ,NASDAQ,NASDAQ
ZVRA,ZVRA,"Zevra Therapeutics, Inc.",NASDAQ,NASDAQ,NASDAQ
ZYBT,ZYBT,Zhengye Biotechnology Holding Limited,NASDAQ,NASDAQ,NASDAQ
ZYME,ZYME,Zymeworks Inc.,NASDAQ,NASDAQ,NASDAQ
A,A,"Agilent Technologies, Inc.",NYSE,NYSE,NYSE
AA,AA,Alcoa Corporation,NYSE,NYSE,NYSE
AADX,AADX,"Applied Aerospace & Defense, Inc.",NYSE,NYSE,NYSE
AAMI,AAMI,Acadian Asset Management Inc.,NYSE,NYSE,NYSE
AAP,AAP,Advance Auto Parts Inc.,NYSE,NYSE,NYSE
AAT,AAT,"American Assets Trust, Inc.",NYSE,NYSE,NYSE
AAUC,AAUC,Allied Gold Corporation Common Shares,NYSE,NYSE,NYSE
ABBV,ABBV,AbbVie Inc.,NYSE,NYSE,NYSE
ABCB,ABCB,Ameris Bancorp,NYSE,NYSE,NYSE
ABEV,ABEV,Ambev S.A. American Depositary Shares (Each repr,NYSE,NYSE,NYSE
ABG,ABG,Asbury Automotive Group Inc,NYSE,NYSE,NYSE
ABM,ABM,ABM Industries Incorporated,NYSE,NYSE,NYSE
ABR,ABR,Arbor Realty Trust,NYSE,NYSE,NYSE
ABT,ABT,Abbott Laboratories,NYSE,NYSE,NYSE
ABX,ABX,"Abacus Global Management, Inc.",NYSE,NYSE,NYSE
ABXL,ABXL,"Abacus Global Management, Inc. 9.875% Fixed Rate",NYSE,NYSE,NYSE
ACA,ACA,"Arcosa, Inc.",NYSE,NYSE,NYSE
ACCO,ACCO,Acco Brands Corporation,NYSE,NYSE,NYSE
ACCS,ACCS,ACCESS Newswire Inc.,NYSE American,NYSE American,NYSE American
ACEL,ACEL,"Accel Entertainment, Inc.",NYSE,NYSE,NYSE
ACH,ACH,"Accendra Health, Inc.",NYSE,NYSE,NYSE
ACHR,ACHR,Archer Aviation Inc.,NYSE,NYSE,NYSE
ACI,ACI,"Albertsons Companies, Inc.",NYSE,NYSE,NYSE
ACM,ACM,AECOM,NYSE,NYSE,NYSE
ACN,ACN,Accenture plc,NYSE,NYSE,NYSE
ACP,ACP,abrdn Income Credit Strategies Fund Common Share,NYSE,NYSE,NYSE
ACR,ACR,ACRES Commercial Realty Corp.,NYSE,NYSE,NYSE
ACRE,ACRE,Ares Commercial Real Estate Corporation,NYSE,NYSE,NYSE
ACU,ACU,Acme United Corporation.,NYSE American,NYSE American,NYSE American
ACV,ACV,Virtus Diversified Income & Convertible Fund Com,NYSE,NYSE,NYSE
ACVA,ACVA,ACV Auctions Inc.,NYSE,NYSE,NYSE
AD,AD,"Array Digital Infrastructure, Inc. Common Shares",NYSE,NYSE,NYSE
ADC,ADC,Agree Realty Corporation,NYSE,NYSE,NYSE
ADCT,ADCT,ADC Therapeutics SA Common Shares,NYSE,NYSE,NYSE
ADIG,ADIG,ADI Global Distribution Inc.,NYSE,NYSE,NYSE
ADM,ADM,Archer-Daniels-Midland Company,NYSE,NYSE,NYSE
ADNT,ADNT,Adient plc,NYSE,NYSE,NYSE
ADT,ADT,ADT Inc.,NYSE,NYSE,NYSE
ADX,ADX,Adams Diversified Equity Fund Inc.,NYSE,NYSE,NYSE
AEE,AEE,Ameren Corporation,NYSE,NYSE,NYSE
AEF,AEF,"abrdn Emerging Markets ex-China Fund, Inc.",NYSE American,NYSE American,NYSE American
AEFC,AEFC,Aegon Funding Company LLC 5.10% Subordinated Not,NYSE,NYSE,NYSE
AEG,AEG,Aegon Ltd. New York Registry Shares,NYSE,NYSE,NYSE
AEM,AEM,Agnico Eagle Mines Limited,NYSE,NYSE,NYSE
AEO,AEO,"American Eagle Outfitters, Inc.",NYSE,NYSE,NYSE
AEON,AEON,"AEON Biopharma, Inc.",NYSE American,NYSE American,NYSE American
AER,AER,AerCap Holdings N.V.,NYSE,NYSE,NYSE
AERO,AERO,"Grupo Aeromexico, S.A.B. de C.V. American Deposi",NYSE,NYSE,NYSE
AES,AES,The AES Corporation,NYSE,NYSE,NYSE
AESI,AESI,Atlas Energy Solutions Inc.,NYSE,NYSE,NYSE
AEXA,AEXA,American Exceptionalism Acquisition Corp. A,NYSE,NYSE,NYSE
AFB,AFB,AllianceBernstein National Municipal Income Fund,NYSE,NYSE,NYSE
AFG,AFG,"American Financial Group, Inc.",NYSE,NYSE,NYSE
AFGB,AFGB,"American Financial Group, Inc. 5.875% Subordinat",NYSE,NYSE,NYSE
AFGC,AFGC,"American Financial Group, Inc. 5.125% Subordinat",NYSE,NYSE,NYSE
AFGD,AFGD,"American Financial Group, Inc. 5.625% Subordinat",NYSE,NYSE,NYSE
AFGE,AFGE,"American Financial Group, Inc. 4.500% Subordinat",NYSE,NYSE,NYSE
AFL,AFL,AFLAC Incorporated,NYSE,NYSE,NYSE
AG,AG,First Majestic Silver Corp. Ordinary Shares (Can,NYSE,NYSE,NYSE
AGBK,AGBK,AGI Inc,NYSE,NYSE,NYSE
AGCO,AGCO,AGCO Corporation,NYSE,NYSE,NYSE
AGD,AGD,abrdn Global Dynamic Dividend Fund Common Shares,NYSE,NYSE,NYSE
AGI,AGI,Alamos Gold Inc.,NYSE,NYSE,NYSE
AGIG,AGIG,Abundia Global Impact Group Inc.,NYSE American,NYSE American,NYSE American
AGL,AGL,"agilon health, inc.",NYSE,NYSE,NYSE
AGM,AGM,Federal Agricultural Mortgage Corporation,NYSE,NYSE,NYSE
AGM.A,AGM-A,Federal Agricultural Mortgage Corporation,NYSE,NYSE,NYSE
AGO,AGO,Assured Guaranty Ltd.,NYSE,NYSE,NYSE
AGRO,AGRO,Adecoagro S.A. Common Shares,NYSE,NYSE,NYSE
AGX,AGX,"Argan, Inc.",NYSE,NYSE,NYSE
AHR,AHR,"American Healthcare REIT, Inc.",NYSE,NYSE,NYSE
AHRT,AHRT,"AH Realty Trust, Inc.",NYSE,NYSE,NYSE
AHT,AHT,Ashford Hospitality Trust Inc,NYSE,NYSE,NYSE
AI,AI,"C3.ai, Inc.",NYSE,NYSE,NYSE
AIB,AIB,AIB Data Centers Inc.,NYSE American,NYSE American,NYSE American
AIG,AIG,"American International Group, Inc. New",NYSE,NYSE,NYSE
AII,AII,"American Integrity Insurance Group, Inc.",NYSE,NYSE,NYSE
AIIA,AIIA,AI Infrastructure Acquisition Corp.,NYSE,NYSE,NYSE
AIM,AIM,AIM ImmunoTech Inc.,NYSE American,NYSE American,NYSE American
AIN,AIN,Albany International Corporation,NYSE,NYSE,NYSE
AIO,AIO,Virtus Artificial Intelligence & Technology Oppo,NYSE,NYSE,NYSE
AIR,AIR,AAR Corp.,NYSE,NYSE,NYSE
AIRI,AIRI,Air Industries Group,NYSE American,NYSE American,NYSE American
AIT,AIT,"Applied Industrial Technologies, Inc.",NYSE,NYSE,NYSE
AIV,AIV,Apartment Investment and Management Company,NYSE,NYSE,NYSE
AIZ,AIZ,"Assurant, Inc.",NYSE,NYSE,NYSE
AIZN,AIZN,"Assurant, Inc. 5.25% Subordinated Notes due 2061",NYSE,NYSE,NYSE
AJG,AJG,Arthur J. Gallagher & Co.,NYSE,NYSE,NYSE
AKA,AKA,a.k.a. Brands Holding Corp.,NYSE,NYSE,NYSE
AKO.A,AKO-A,Embotelladora Andina S.A.,NYSE,NYSE,NYSE
AKO.B,AKO-B,Embotelladora Andina S.A.,NYSE,NYSE,NYSE
AKR,AKR,Acadia Realty Trust,NYSE,NYSE,NYSE
ALB,ALB,Albemarle Corporation,NYSE,NYSE,NYSE
ALC,ALC,Alcon Inc.,NYSE,NYSE,NYSE
ALG,ALG,"Alamo Group, Inc.",NYSE,NYSE,NYSE
ALH,ALH,Alliance Laundry Holdings Inc.,NYSE,NYSE,NYSE
ALIT,ALIT,"Alight, Inc.",NYSE,NYSE,NYSE
ALK,ALK,"Alaska Air Group, Inc.",NYSE,NYSE,NYSE
ALL,ALL,Allstate Corporation (The),NYSE,NYSE,NYSE
ALLE,ALLE,Allegion plc,NYSE,NYSE,NYSE
ALLY,ALLY,Ally Financial Inc.,NYSE,NYSE,NYSE
ALSN,ALSN,"Allison Transmission Holdings, Inc.",NYSE,NYSE,NYSE
ALTG,ALTG,Alta Equipment Group Inc.,NYSE,NYSE,NYSE
ALUB,ALUB,Alussa Energy Acquisition Corp. II,NYSE,NYSE,NYSE
ALV,ALV,"Autoliv, Inc.",NYSE,NYSE,NYSE
ALX,ALX,"Alexander's, Inc.",NYSE,NYSE,NYSE
AM,AM,Antero Midstream Corporation,NYSE,NYSE,NYSE
AMBO,AMBO,Ambow Education Holding Ltd. American Depository,NYSE American,NYSE American,NYSE American
AMBP,AMBP,Ardagh Metal Packaging S.A.,NYSE,NYSE,NYSE
AMBQ,AMBQ,"Ambiq Micro, Inc.",NYSE,NYSE,NYSE
AMC,AMC,"AMC Entertainment Holdings, Inc.",NYSE,NYSE,NYSE
AMCR,AMCR,Amcor plc,NYSE,NYSE,NYSE
AME,AME,"AMETEK, Inc.",NYSE,NYSE,NYSE
AMG,AMG,"Affiliated Managers Group, Inc.",NYSE,NYSE,NYSE
AMH,AMH,American Homes 4 Rent Common Shares of Beneficia,NYSE,NYSE,NYSE
AMN,AMN,AMN Healthcare Services Inc,NYSE,NYSE,NYSE
AMP,AMP,"Ameriprise Financial, Inc.",NYSE,NYSE,NYSE
AMPX,AMPX,"Amprius Technologies, Inc.",NYSE,NYSE,NYSE
AMPY,AMPY,Amplify Energy Corp.,NYSE,NYSE,NYSE
AMR,AMR,"Alpha Metallurgical Resources, Inc.",NYSE,NYSE,NYSE
AMRC,AMRC,"Ameresco, Inc.",NYSE,NYSE,NYSE
AMRZ,AMRZ,Amrize Ltd,NYSE,NYSE,NYSE
AMS,AMS,American Shared Hospital Services,NYSE American,NYSE American,NYSE American
AMT,AMT,American Tower Corporation (REIT),NYSE,NYSE,NYSE
AMTB,AMTB,Amerant Bancorp Inc.,NYSE,NYSE,NYSE
AMTD,AMTD,"AMTD IDEA Group American Depositary Shares, each",NYSE,NYSE,NYSE
AMTM,AMTM,"Amentum Holdings, Inc.",NYSE,NYSE,NYSE
AMWL,AMWL,American Well Corporation,NYSE,NYSE,NYSE
AMZE,AMZE,"Amaze Holdings, Inc.",NYSE American,NYSE American,NYSE American
AN,AN,"AutoNation, Inc.",NYSE,NYSE,NYSE
ANDG,ANDG,Andersen Group Inc.,NYSE,NYSE,NYSE
ANET,ANET,"Arista Networks, Inc.",NYSE,NYSE,NYSE
ANF,ANF,Abercrombie & Fitch Company,NYSE,NYSE,NYSE
ANGX,ANGX,"Angel Studios, Inc.",NYSE,NYSE,NYSE
ANRO,ANRO,"Alto Neuroscience, Inc.",NYSE,NYSE,NYSE
ANVS,ANVS,"Annovis Bio, Inc.",NYSE,NYSE,NYSE
AOD,AOD,abrdn Total Dynamic Dividend Fund Common Shares ,NYSE,NYSE,NYSE
AOMD,AOMD,"Angel Oak Mortgage REIT, Inc. 9.750% Senior Note",NYSE,NYSE,NYSE
AOMN,AOMN,"Angel Oak Mortgage REIT, Inc. 9.500% Senior Note",NYSE,NYSE,NYSE
AOMR,AOMR,"Angel Oak Mortgage REIT, Inc.",NYSE,NYSE,NYSE
AON,AON,Aon plc,NYSE,NYSE,NYSE
AORT,AORT,"Artivion, Inc.",NYSE,NYSE,NYSE
AOS,AOS,A.O. Smith Corporation,NYSE,NYSE,NYSE
AP,AP,Ampco-Pittsburgh Corporation,NYSE,NYSE,NYSE
APAM,APAM,Artisan Partners Asset Management Inc.,NYSE,NYSE,NYSE
APD,APD,"Air Products and Chemicals, Inc.",NYSE,NYSE,NYSE
APG,APG,APi Group Corporation,NYSE,NYSE,NYSE
APH,APH,Amphenol Corporation,NYSE,NYSE,NYSE
APLE,APLE,"Apple Hospitality REIT, Inc. Common Shares",NYSE,NYSE,NYSE
APO,APO,"Apollo Global Management, Inc. (New)",NYSE,NYSE,NYSE
APOS,APOS,"Apollo Global Management, Inc. 7.625% Fixed-Rate",NYSE,NYSE,NYSE
APT,APT,"Alpha Pro Tech, Ltd.",NYSE American,NYSE American,NYSE American
APTV,APTV,Aptiv PLC,NYSE,NYSE,NYSE
APUS,APUS,"Apimeds Pharmaceuticals US, Inc.",NYSE American,NYSE American,NYSE American
AQN,AQN,Algonquin Power & Utilities Corp. Common Shares,NYSE,NYSE,NYSE
AQNB,AQNB,Algonquin Power & Utilities Corp. 6.20% Fixed-to,NYSE,NYSE,NYSE
AR,AR,Antero Resources Corporation,NYSE,NYSE,NYSE
ARCO,ARCO,Arcos Dorados Holdings Inc.,NYSE,NYSE,NYSE
ARDC,ARDC,"Ares Dynamic Credit Allocation Fund, Inc. Common",NYSE,NYSE,NYSE
ARDT,ARDT,"Ardent Health, Inc.",NYSE,NYSE,NYSE
ARE,ARE,"Alexandria Real Estate Equities, Inc.",NYSE,NYSE,NYSE
AREN,AREN,"The Arena Group Holdings, Inc.",NYSE American,NYSE American,NYSE American
ARES,ARES,Ares Management Corporation,NYSE,NYSE,NYSE
ARI,ARI,"Apollo Commercial Real Estate Finance, Inc",NYSE,NYSE,NYSE
ARIS,ARIS,Aris Mining Corporation Common Shares,NYSE,NYSE,NYSE
ARL,ARL,"American Realty Investors, Inc.",NYSE,NYSE,NYSE
ARLO,ARLO,"Arlo Technologies, Inc.",NYSE,NYSE,NYSE
ARMK,ARMK,Aramark,NYSE,NYSE,NYSE
ARMP,ARMP,"Armata Pharmaceuticals, Inc.",NYSE American,NYSE American,NYSE American
AROC,AROC,"Archrock, Inc.",NYSE,NYSE,NYSE
ARR,ARR,"ARMOUR Residential REIT, Inc.",NYSE,NYSE,NYSE
ARW,ARW,"Arrow Electronics, Inc.",NYSE,NYSE,NYSE
ARX,ARX,Accelerant Holdings,NYSE,NYSE,NYSE
AS,AS,"Amer Sports, Inc.",NYSE,NYSE,NYSE
ASA,ASA,ASA  Gold and Precious Metals Limited,NYSE,NYSE,NYSE
ASAN,ASAN,"Asana, Inc.",NYSE,NYSE,NYSE
ASB,ASB,Associated Banc-Corp,NYSE,NYSE,NYSE
ASBA,ASBA,Associated Banc-Corp 6.625% Fixed-Rate Reset Sub,NYSE,NYSE,NYSE
ASC,ASC,Ardmore Shipping Corporation,NYSE,NYSE,NYSE
ASG,ASG,"Liberty All-Star Growth Fund, Inc.",NYSE,NYSE,NYSE
ASGI,ASGI,abrdn Global Infrastructure Income Fund Common S,NYSE,NYSE,NYSE
ASH,ASH,Ashland Inc.,NYSE,NYSE,NYSE
ASIC,ASIC,Ategrity Specialty Insurance Company Holdings,NYSE,NYSE,NYSE
ASIX,ASIX,AdvanSix Inc.,NYSE,NYSE,NYSE
ASM,ASM,Avino Silver & Gold Mines Ltd. Common Shares (Ca,NYSE American,NYSE American,NYSE American
ASPN,ASPN,"Aspen Aerogels, Inc.",NYSE,NYSE,NYSE
ASR,ASR,"Grupo Aeroportuario del Sureste, S.A. de C.V.",NYSE,NYSE,NYSE
ASX,ASX,"ASE Technology Holding Co., Ltd. American Deposi",NYSE,NYSE,NYSE
ATCH,ATCH,"AtlasClear Holdings, Inc.",NYSE American,NYSE American,NYSE American
ATEN,ATEN,"A10 Networks, Inc.",NYSE,NYSE,NYSE
ATHM,ATHM,"Autohome Inc. American Depositary Shares, each r",NYSE,NYSE,NYSE
ATHS,ATHS,Athene Holding Ltd. 7.250% Fixed-Rate Reset Juni,NYSE,NYSE,NYSE
ATI,ATI,ATI Inc.,NYSE,NYSE,NYSE
ATKR,ATKR,Atkore Inc.,NYSE,NYSE,NYSE
ATMU,ATMU,Atmus Filtration Technologies Inc.,NYSE,NYSE,NYSE
ATNM,ATNM,"Actinium Pharmaceuticals, Inc. (Delaware)",NYSE American,NYSE American,NYSE American
ATO,ATO,Atmos Energy Corporation,NYSE,NYSE,NYSE
ATR,ATR,"AptarGroup, Inc.",NYSE,NYSE,NYSE
ATS,ATS,ATS Corporation Common Shares,NYSE,NYSE,NYSE
AU,AU,AngloGold Ashanti PLC,NYSE,NYSE,NYSE
AUB,AUB,Atlantic Union Bankshares Corporation,NYSE,NYSE,NYSE
AUNA,AUNA,Auna SA,NYSE,NYSE,NYSE
AUST,AUST,Austin Gold Corp. Common Shares,NYSE American,NYSE American,NYSE American
AVA,AVA,Avista Corporation,NYSE,NYSE,NYSE
AVB,AVB,"AvalonBay Communities, Inc.",NYSE,NYSE,NYSE
AVBC,AVBC,"Avidia Bancorp, Inc.",NYSE,NYSE,NYSE
AVD,AVD,American Vanguard Corporation Common Stock ($0.1,NYSE,NYSE,NYSE
AVEX,AVEX,AEVEX Corp.,NYSE,NYSE,NYSE
AVK,AVK,Advent Convertible and Income Fund,NYSE,NYSE,NYSE
AVNT,AVNT,Avient Corporation,NYSE,NYSE,NYSE
AVTR,AVTR,"Avantor, Inc.",NYSE,NYSE,NYSE
AVY,AVY,Avery Dennison Corporation,NYSE,NYSE,NYSE
AWF,AWF,Alliancebernstein Global High Income Fund,NYSE,NYSE,NYSE
AWI,AWI,Armstrong World Industries Inc,NYSE,NYSE,NYSE
AWK,AWK,"American Water Works Company, Inc.",NYSE,NYSE,NYSE
AWP,AWP,abrdn Global Premier Properties Fund Common Shar,NYSE,NYSE,NYSE
AWR,AWR,American States Water Company,NYSE,NYSE,NYSE
AWX,AWX,Avalon Holdings Corporation,NYSE American,NYSE American,NYSE American
AX,AX,"Axos Financial, Inc.",NYSE,NYSE,NYSE
AXIL,AXIL,"AXIL Brands, Inc.",NYSE American,NYSE American,NYSE American
AXP,AXP,American Express Company,NYSE,NYSE,NYSE
AXR,AXR,AMREP Corporation,NYSE,NYSE,NYSE
AXS,AXS,Axis Capital Holdings Limited,NYSE,NYSE,NYSE
AXTA,AXTA,Axalta Coating Systems Ltd. Common Shares,NYSE,NYSE,NYSE
AYI,AYI,Acuity Inc.,NYSE,NYSE,NYSE
AZN,AZN,AstraZeneca PLC,NYSE,NYSE,NYSE
AZO,AZO,"AutoZone, Inc.",NYSE,NYSE,NYSE
AZTR,AZTR,Azitra Inc,NYSE American,NYSE American,NYSE American
AZUL,AZUL,"Azul S.A. American Depositary Shares, each repre",NYSE,NYSE,NYSE
AZZ,AZZ,AZZ Inc.,NYSE,NYSE,NYSE
B,B,Barrick Mining Corporation Common Shares,NYSE,NYSE,NYSE
BA,BA,Boeing Company (The),NYSE,NYSE,NYSE
BABA,BABA,Alibaba Group Holding Limited American Depositar,NYSE,NYSE,NYSE
BAC,BAC,Bank of America Corporation,NYSE,NYSE,NYSE
BAH,BAH,Booz Allen Hamilton Holding Corporation,NYSE,NYSE,NYSE
BAK,BAK,Braskem SA ADR,NYSE,NYSE,NYSE
BALL,BALL,Ball Corporation,NYSE,NYSE,NYSE
BALY,BALY,Bally's Corporation,NYSE,NYSE,NYSE
BAM,BAM,Brookfield Asset Management Inc,NYSE,NYSE,NYSE
BANC,BANC,"Banc of California, Inc.",NYSE,NYSE,NYSE
BAP,BAP,Credicorp Ltd.,NYSE,NYSE,NYSE
BAR,BAR,GraniteShares Gold Trust Shares of Beneficial In,NYSE Arca,NYSE Arca,NYSE Arca
BARK,BARK,"BARK, Inc.",NYSE,NYSE,NYSE
BATL,BATL,Battalion Oil Corporation,NYSE American,NYSE American,NYSE American
BAX,BAX,Baxter International Inc.,NYSE,NYSE,NYSE
BB,BB,BlackBerry Limited,NYSE,NYSE,NYSE
BBAI,BBAI,"BigBear.ai, Inc.",NYSE,NYSE,NYSE
BBAR,BBAR,Banco BBVA Argentina S.A. ADS,NYSE,NYSE,NYSE
BBBY,BBBY,"Bed Bath & Beyond, Inc.",NYSE,NYSE,NYSE
BBD,BBD,Banco Bradesco Sa American Depositary Shares,NYSE,NYSE,NYSE
BBDC,BBDC,"Barings BDC, Inc.",NYSE,NYSE,NYSE
BBDO,BBDO,Banco Bradesco Sa American Depositary Shares (ea,NYSE,NYSE,NYSE
BBN,BBN,BlackRock Taxable Municipal Bond Trust Common Sh,NYSE,NYSE,NYSE
BBT,BBT,Beacon Financial Corporation,NYSE,NYSE,NYSE
BBUC,BBUC,Brookfield Business Corporation,NYSE,NYSE,NYSE
BBVA,BBVA,Banco Bilbao Vizcaya Argentaria S.A.,NYSE,NYSE,NYSE
BBW,BBW,"Build-A-Bear Workshop, Inc.",NYSE,NYSE,NYSE
BBWI,BBWI,"Bath & Body Works, Inc.",NYSE,NYSE,NYSE
BBY,BBY,"Best Buy Co., Inc.",NYSE,NYSE,NYSE
BC,BC,Brunswick Corporation,NYSE,NYSE,NYSE
BCAT,BCAT,BlackRock Capital Allocation Term Trust Common S,NYSE,NYSE,NYSE
BCC,BCC,"Boise Cascade, L.L.C.",NYSE,NYSE,NYSE
BCE,BCE,"BCE, Inc.",NYSE,NYSE,NYSE
BCH,BCH,Banco De Chile ADS,NYSE,NYSE,NYSE
BCHT,BCHT,Birchtech Corp.,NYSE American,NYSE American,NYSE American
BCO,BCO,Brinks Company (The),NYSE,NYSE,NYSE
BCS,BCS,Barclays PLC,NYSE,NYSE,NYSE
BCSF,BCSF,"Bain Capital Specialty Finance, Inc.",NYSE,NYSE,NYSE
BCSS,BCSS,Bain Capital GSS Investment Corp.,NYSE,NYSE,NYSE
BCV,BCV,"Bancroft Fund, Ltd.",NYSE American,NYSE American,NYSE American
BCX,BCX,BlackRock Resources Common Shares of Beneficial ,NYSE,NYSE,NYSE
BDC,BDC,Belden Inc,NYSE,NYSE,NYSE
BDJ,BDJ,Blackrock Enhanced Equity Dividend Trust,NYSE,NYSE,NYSE
BDL,BDL,"Flanigan's Enterprises, Inc.",NYSE American,NYSE American,NYSE American
BDN,BDN,Brandywine Realty Trust,NYSE,NYSE,NYSE
BDX,BDX,"Becton, Dickinson and Company",NYSE,NYSE,NYSE
BE,BE,Bloom Energy Corporation,NYSE,NYSE,NYSE
BEBE,BEBE,TGE Value Creative Solutions Corp,NYSE,NYSE,NYSE
BEKE,BEKE,KE Holdings Inc American Depositary Shares (each,NYSE,NYSE,NYSE
BEN,BEN,"Franklin Resources, Inc.",NYSE,NYSE,NYSE
BEPC,BEPC,Brookfield Renewable Corporation Brookfield Rene,NYSE,NYSE,NYSE
BEPH,BEPH,Brookfield BRP Holdings (Canada) Inc. 4.625% Per,NYSE,NYSE,NYSE
BEPI,BEPI,Brookfield BRP Holdings (Canada) Inc. 4.875% Per,NYSE,NYSE,NYSE
BEPJ,BEPJ,Brookfield BRP Holdings (Canada) Inc. 7.250% Per,NYSE,NYSE,NYSE
BESS,BESS,Bimergen Energy Corporation,NYSE American,NYSE American,NYSE American
BETA,BETA,"Beta Technologies, Inc.",NYSE,NYSE,NYSE
BF.A,BF-A,Brown Forman Inc,NYSE,NYSE,NYSE
BF.B,BF-B,Brown Forman Inc,NYSE,NYSE,NYSE
BFH,BFH,"Bread Financial Holdings, Inc.",NYSE,NYSE,NYSE
BFLY,BFLY,"Butterfly Network, Inc.",NYSE,NYSE,NYSE
BFS,BFS,"Saul Centers, Inc.",NYSE,NYSE,NYSE
BG,BG,Bunge Limited Common Shares,NYSE,NYSE,NYSE
BGB,BGB,Blackstone Strategic Credit 2027 Term Fund Commo,NYSE,NYSE,NYSE
BGH,BGH,Barings Global Short Duration High Yield Fund Co,NYSE,NYSE,NYSE
BGI,BGI,Birks Group Inc.,NYSE American,NYSE American,NYSE American
BGR,BGR,BlackRock Energy and Resources Trust,NYSE,NYSE,NYSE
BGS,BGS,"B&G Foods, Inc.",NYSE,NYSE,NYSE
BGSF,BGSF,"BGSF, Inc.",NYSE,NYSE,NYSE
BGSI,BGSI,Boyd Group Services Inc. Common Shares,NYSE,NYSE,NYSE
BGT,BGT,BlackRock Floating Rate Income Trust,NYSE,NYSE,NYSE
BGX,BGX,Blackstone Long Short Credit Income Fund Common ,NYSE,NYSE,NYSE
BGY,BGY,Blackrock Enhanced International Dividend Trust,NYSE,NYSE,NYSE
BH,BH,Biglari Holdings Inc.,NYSE,NYSE,NYSE
BH.A,BH-A,Biglari Holdings Inc.,NYSE,NYSE,NYSE
BHB,BHB,"Bar Harbor Bankshares, Inc.",NYSE American,NYSE American,NYSE American
BHC,BHC,Bausch Health Companies Inc.,NYSE,NYSE,NYSE
BHE,BHE,"Benchmark Electronics, Inc.",NYSE,NYSE,NYSE
BHK,BHK,Blackrock Core Bond Trust,NYSE,NYSE,NYSE
BHM,BHM,"Bluerock Homes Trust, Inc.",NYSE American,NYSE American,NYSE American
BHP,BHP,BHP Group Limited American Depositary Shares (Ea,NYSE,NYSE,NYSE
BHR,BHR,Braemar Hotels & Resorts Inc.,NYSE,NYSE,NYSE
BHV,BHV,BlackRock Virginia Municipal Bond Trust,NYSE,NYSE,NYSE
BHVN,BHVN,Biohaven Ltd. Common Shares,NYSE,NYSE,NYSE
BIII,BIII,Black Spade Acquisition III Co,NYSE,NYSE,NYSE
BILL,BILL,"BILL Holdings, Inc.",NYSE,NYSE,NYSE
BIO,BIO,"Bio-Rad Laboratories, Inc.",NYSE,NYSE,NYSE
BIO.B,BIO-B,"Bio-Rad Laboratories, Inc.",NYSE,NYSE,NYSE
BIPC,BIPC,Brookfield Infrastructure Corporation Brookfield,NYSE,NYSE,NYSE
BIPH,BIPH,Brookfield Infrastructure Corporation 5.000% Sub,NYSE,NYSE,NYSE
BIPI,BIPI,BIP Bermuda Holdings I Limited 5.125% Perpetual ,NYSE,NYSE,NYSE
BIPJ,BIPJ,Brookfield Infrastructure Corporation 7.250% Sub,NYSE,NYSE,NYSE
BIRK,BIRK,Birkenstock Holding plc,NYSE,NYSE,NYSE
BIT,BIT,BlackRock Multi-Sector Income Trust Common Share,NYSE,NYSE,NYSE
BJ,BJ,"BJ's Wholesale Club Holdings, Inc.",NYSE,NYSE,NYSE
BKD,BKD,Brookdale Senior Living Inc.,NYSE,NYSE,NYSE
BKE,BKE,"Buckle, Inc. (The)",NYSE,NYSE,NYSE
BKH,BKH,Black Hills Corporation,NYSE,NYSE,NYSE
BKKT,BKKT,"Bakkt, Inc.",NYSE,NYSE,NYSE
BKSY,BKSY,BlackSky Technology Inc.,NYSE,NYSE,NYSE
BKT,BKT,BlackRock Income Trust Inc. (The),NYSE,NYSE,NYSE
BKTI,BKTI,BK Technologies Corporation,NYSE American,NYSE American,NYSE American
BKU,BKU,"BankUnited, Inc.",NYSE,NYSE,NYSE
BKV,BKV,BKV Corporation,NYSE,NYSE,NYSE
BLCO,BLCO,Bausch + Lomb Corporation Common Shares,NYSE,NYSE,NYSE
BLDR,BLDR,"Builders FirstSource, Inc.",NYSE,NYSE,NYSE
BLK,BLK,"BlackRock, Inc.",NYSE,NYSE,NYSE
BLND,BLND,"Blend Labs, Inc.",NYSE,NYSE,NYSE
BLSH,BLSH,Bullish,NYSE,NYSE,NYSE
BLW,BLW,Blackrock Limited Duration Income Trust,NYSE,NYSE,NYSE
BLX,BLX,"Bladex, Inc.",NYSE,NYSE,NYSE
BMA,BMA,Banco Macro S.A.  ADR (representing Ten,NYSE,NYSE,NYSE
BME,BME,Blackrock Health Sciences Trust,NYSE,NYSE,NYSE
BMEZ,BMEZ,BlackRock Health Sciences Term Trust Common Shar,NYSE,NYSE,NYSE
BMI,BMI,"Badger Meter, Inc.",NYSE,NYSE,NYSE
BMN,BMN,BlackRock 2037 Municipal Target Term Trust Commo,NYSE,NYSE,NYSE
BMNP,BMNP,"BitMine Immersion Technologies, Inc. 9.5% Series",NYSE,NYSE,NYSE
BMNR,BMNR,"BitMine Immersion Technologies, Inc.",NYSE,NYSE,NYSE
BMO,BMO,Bank Of Montreal,NYSE,NYSE,NYSE
BMY,BMY,Bristol-Myers Squibb Company,NYSE,NYSE,NYSE
BN,BN,Brookfield Corporation,NYSE,NYSE,NYSE
BNED,BNED,"Barnes & Noble Education, Inc",NYSE,NYSE,NYSE
BNH,BNH,Brookfield Finance Inc. 4.625% Subordinated Note,NYSE,NYSE,NYSE
BNJ,BNJ,Brookfield Finance Inc. 4.50% Perpetual Subordin,NYSE,NYSE,NYSE
BNL,BNL,"Broadstone Net Lease, Inc.",NYSE,NYSE,NYSE
BNS,BNS,Bank Nova Scotia Halifax Pfd 3,NYSE,NYSE,NYSE
BNT,BNT,Brookfield Wealth Solutions Ltd.,NYSE,NYSE,NYSE
BNY,BNY,The Bank of New York Mellon Corporation,NYSE,NYSE,NYSE
BOBS,BOBS,"Bob's Discount Furniture, Inc.",NYSE,NYSE,NYSE
BOC,BOC,Boston Omaha Corporation,NYSE,NYSE,NYSE
BOE,BOE,Blackrock Enhanced Global Dividend Trust Common ,NYSE,NYSE,NYSE
BOH,BOH,Bank of Hawaii Corporation,NYSE,NYSE,NYSE
BOOT,BOOT,"Boot Barn Holdings, Inc.",NYSE,NYSE,NYSE
BORR,BORR,Borr Drilling Limited Common Shares,NYSE,NYSE,NYSE
BOW,BOW,Bowhead Specialty Holdings Inc.,NYSE,NYSE,NYSE
BOX,BOX,"Box, Inc.",NYSE,NYSE,NYSE
BP,BP,BP p.l.c.,NYSE,NYSE,NYSE
BPRE,BPRE,Bluerock Private Real Estate Fund Common Shares ,NYSE,NYSE,NYSE
BQ,BQ,Boqii Holding Limited,NYSE American,NYSE American,NYSE American
BR,BR,"Broadridge Financial Solutions, Inc.",NYSE,NYSE,NYSE
BRBR,BRBR,"BellRing Brands, Inc.",NYSE,NYSE,NYSE
BRBS,BRBS,"Blue Ridge Bankshares, Inc.",NYSE American,NYSE American,NYSE American
BRC,BRC,Brady Corporation,NYSE,NYSE,NYSE
BRCC,BRCC,BRC Inc.,NYSE,NYSE,NYSE
BRIA,BRIA,BrilliA Inc,NYSE American,NYSE American,NYSE American
BRK.A,BRK-A,Berkshire Hathaway Inc.,NYSE,NYSE,NYSE
BRK.B,BRK-B,Berkshire Hathaway Inc. New,NYSE,NYSE,NYSE
BRN,BRN,"Barnwell Industries, Inc.",NYSE American,NYSE American,NYSE American
BRO,BRO,"Brown & Brown, Inc.",NYSE,NYSE,NYSE
BROS,BROS,Dutch Bros Inc.,NYSE,NYSE,NYSE
BRT,BRT,BRT Apartments Corp. (MD),NYSE,NYSE,NYSE
BRW,BRW,Saba Capital Income & Opportunities Fund SBI,NYSE,NYSE,NYSE
BRX,BRX,Brixmor Property Group Inc.,NYSE,NYSE,NYSE
BSAC,BSAC,Banco Santander,NYSE,NYSE,NYSE
BSL,BSL,Blackstone Senior Floating Rate 2027 Term Fund C,NYSE,NYSE,NYSE
BST,BST,BlackRock Science and Technology Trust Common Sh,NYSE,NYSE,NYSE
BSTZ,BSTZ,BlackRock Science and Technology Term Trust Comm,NYSE,NYSE,NYSE
BSX,BSX,Boston Scientific Corporation,NYSE,NYSE,NYSE
BTE,BTE,Baytex Energy Corp Common Shares,NYSE,NYSE,NYSE
BTG,BTG,B2Gold Corp Common shares (Canada),NYSE American,NYSE American,NYSE American
BTGO,BTGO,"BitGo Holdings, Inc.",NYSE,NYSE,NYSE
BTI,BTI,"British American Tobacco  Industries, p.l.c. Com",NYSE,NYSE,NYSE
BTO,BTO,John Hancock Financial Opportunities Fund,NYSE,NYSE,NYSE
BTT,BTT,BlackRock Municipal 2030 Target Term Trust,NYSE,NYSE,NYSE
BTU,BTU,Peabody Energy Corporation,NYSE,NYSE,NYSE
BTX,BTX,BlackRock Technology and Private Equity Term Tru,NYSE,NYSE,NYSE
BTZ,BTZ,BlackRock Credit Allocation Income Trust,NYSE,NYSE,NYSE
BUD,BUD,Anheuser-Busch Inbev SA Sponsored ADR (Belgium),NYSE,NYSE,NYSE
BUDA,BUDA,"Buda Juice, Inc.",NYSE American,NYSE American,NYSE American
BUI,BUI,"BlackRock Utility, Infrastructure & Power Opport",NYSE,NYSE,NYSE
BUR,BUR,Burford Capital Limited,NYSE,NYSE,NYSE
BURL,BURL,"Burlington Stores, Inc.",NYSE,NYSE,NYSE
BVN,BVN,Buenaventura Mining Company Inc.,NYSE,NYSE,NYSE
BW,BW,"Babcock & Wilcox Enterprises, Inc.",NYSE,NYSE,NYSE
BWA,BWA,BorgWarner Inc.,NYSE,NYSE,NYSE
BWG,BWG,BrandywineGLOBAL Global Income Opportunities Fun,NYSE,NYSE,NYSE
BWIV,BWIV,Blue Water Acquisition Corp. IV,NYSE,NYSE,NYSE
BWLP,BWLP,BW LPG Limited Common Shares,NYSE,NYSE,NYSE
BWMX,BWMX,"Betterware de Mexico, S.A.P.I. de C.V.",NYSE,NYSE,NYSE
BWNB,BWNB,"Babcock & Wilcox Enterprises, Inc. 6.50% Senior ",NYSE,NYSE,NYSE
BWXT,BWXT,"BWX Technologies, Inc.",NYSE,NYSE,NYSE
BX,BX,Blackstone Inc.,NYSE,NYSE,NYSE
BXC,BXC,Bluelinx Holdings Inc.,NYSE,NYSE,NYSE
BXDC,BXDC,Blackstone Digital Infrastructure Trust Inc.,NYSE,NYSE,NYSE
BXMT,BXMT,"Blackstone Mortgage Trust, Inc.",NYSE,NYSE,NYSE
BXP,BXP,"BXP, Inc.",NYSE,NYSE,NYSE
BXSL,BXSL,Blackstone Secured Lending Fund Common Shares of,NYSE,NYSE,NYSE
BY,BY,"Byline Bancorp, Inc.",NYSE,NYSE,NYSE
BYD,BYD,Boyd Gaming Corporation,NYSE,NYSE,NYSE
BZH,BZH,"Beazer Homes USA, Inc.",NYSE,NYSE,NYSE
C,C,"Citigroup, Inc.",NYSE,NYSE,NYSE
CAAP,CAAP,Corporacion America Airports SA Common Shares,NYSE,NYSE,NYSE
CABO,CABO,"Cable One, Inc.",NYSE,NYSE,NYSE
CACI,CACI,"CACI International, Inc.",NYSE,NYSE,NYSE
CAF,CAF,Morgan Stanley China A Share Fund Inc.,NYSE,NYSE,NYSE
CAG,CAG,"ConAgra Brands, Inc.",NYSE,NYSE,NYSE
CAH,CAH,"Cardinal Health, Inc.",NYSE,NYSE,NYSE
CAL,CAL,"Caleres, Inc.",NYSE,NYSE,NYSE
CALX,CALX,"Calix, Inc",NYSE,NYSE,NYSE
CALY,CALY,Callaway Golf Company,NYSE,NYSE,NYSE
CANF,CANF,Can-Fite Biopharma Ltd American Depositary Share,NYSE American,NYSE American,NYSE American
CANG,CANG,Cango Inc.,NYSE,NYSE,NYSE
CARR,CARR,Carrier Global Corporation,NYSE,NYSE,NYSE
CARS,CARS,Cars.com Inc.,NYSE,NYSE,NYSE
CAT,CAT,"Caterpillar, Inc.",NYSE,NYSE,NYSE
CATO,CATO,Cato Corporation (The),NYSE,NYSE,NYSE
CATX,CATX,"Perspective Therapeutics, Inc.",NYSE American,NYSE American,NYSE American
CAVA,CAVA,"CAVA Group, Inc.",NYSE,NYSE,NYSE
CB,CB,Chubb Limited,NYSE,NYSE,NYSE
CBAN,CBAN,"Colony Bankcorp, Inc.",NYSE,NYSE,NYSE
CBL,CBL,"CBL & Associates Properties, Inc.",NYSE,NYSE,NYSE
CBNA,CBNA,"Chain Bridge Bancorp, Inc.",NYSE,NYSE,NYSE
CBOE,CBOE,"Cboe Global Markets, Inc.",Cboe BZX,Cboe BZX,Cboe BZX
CBRE,CBRE,CBRE Group Inc Common Stock,NYSE,NYSE,NYSE
CBT,CBT,Cabot Corporation,NYSE,NYSE,NYSE
CBU,CBU,"Community Financial System, Inc.",NYSE,NYSE,NYSE
CBZ,CBZ,"CBIZ, Inc.",NYSE,NYSE,NYSE
CC,CC,Chemours Company (The),NYSE,NYSE,NYSE
CCEL,CCEL,"Cryo-Cell International, Inc.",NYSE American,NYSE American,NYSE American
CCI,CCI,Crown Castle Inc.,NYSE,NYSE,NYSE
CCIF,CCIF,Carlyle Credit Income Fund Shares of Beneficial ,NYSE,NYSE,NYSE
CCJ,CCJ,Cameco Corporation,NYSE,NYSE,NYSE
CCK,CCK,"Crown Holdings, Inc.",NYSE,NYSE,NYSE
CCL,CCL,Carnival Corporation Ltd. Common Shares,NYSE,NYSE,NYSE
CCM,CCM,Concord Medical Services Holdings Limited Americ,NYSE,NYSE,NYSE
CCO,CCO,"Clear Channel Outdoor Holdings, Inc.",NYSE,NYSE,NYSE
CCS,CCS,"Century Communities, Inc.",NYSE,NYSE,NYSE
CCU,CCU,"Compania Cervecerias Unidas, S.A.",NYSE,NYSE,NYSE
CCZ,CCZ,Comcast Holdings ZONES,NYSE,NYSE,NYSE
CDE,CDE,"Coeur Mining, Inc.",NYSE,NYSE,NYSE
CDLR,CDLR,Cadeler A/S American Depositary Share (each repr,NYSE,NYSE,NYSE
CDP,CDP,COPT Defense Properties Common Shares of Benefic,NYSE,NYSE,NYSE
CDRE,CDRE,"Cadre Holdings, Inc.",NYSE,NYSE,NYSE
CE,CE,Celanese Corporation,NYSE,NYSE,NYSE
CEE,CEE,"The Central and Eastern Europe Fund, Inc. (The)",NYSE,NYSE,NYSE
CEPU,CEPU,Central Puerto S.A. American Depositary Shares (,NYSE,NYSE,NYSE
CET,CET,Central Securities Corporation,NYSE American,NYSE American,NYSE American
CEV,CEV,Eaton Vance California Municipal Income Trust Sh,NYSE American,NYSE American,NYSE American
CF,CF,"CF Industries Holdings, Inc.",NYSE,NYSE,NYSE
CFG,CFG,"Citizens Financial Group, Inc.",NYSE,NYSE,NYSE
CFND,CFND,C1 Fund Inc.,NYSE,NYSE,NYSE
CFR,CFR,"Cullen/Frost Bankers, Inc.",NYSE,NYSE,NYSE
CGAU,CGAU,Centerra Gold Inc. Common Shares,NYSE,NYSE,NYSE
CHCT,CHCT,Community Healthcare Trust Incorporated,NYSE,NYSE,NYSE
CHD,CHD,"Church & Dwight Company, Inc.",NYSE,NYSE,NYSE
CHE,CHE,Chemed Corp,NYSE,NYSE,NYSE
CHGG,CHGG,"Chegg, Inc.",NYSE,NYSE,NYSE
CHH,CHH,"Choice Hotels International, Inc.",NYSE,NYSE,NYSE
CHMI,CHMI,Cherry Hill Mortgage Investment Corporation,NYSE,NYSE,NYSE
CHOW,CHOW,ChowChow Cloud International Holdings Limited,NYSE American,NYSE American,NYSE American
CHPT,CHPT,"ChargePoint Holdings, Inc.",NYSE,NYSE,NYSE
CHT,CHT,"Chunghwa Telecom Co., Ltd.",NYSE,NYSE,NYSE
CHWY,CHWY,"Chewy, Inc.",NYSE,NYSE,NYSE
CI,CI,The Cigna Group,NYSE,NYSE,NYSE
CIA,CIA,"Citizens, Inc.",NYSE,NYSE,NYSE
CICB,CICB,CION Investment Corporation 7.50% Notes due 2029,NYSE,NYSE,NYSE
CICC,CICC,CION Investment Corporation 7.50% Notes due 2031,NYSE,NYSE,NYSE
CIEN,CIEN,Ciena Corporation,NYSE,NYSE,NYSE
CIG,CIG,Comp En De Mn Cemig ADS American Depositary Shar,NYSE,NYSE,NYSE
CIG.C,CIG-C,Comp En De Mn Cemig ADS American Depositary Rece,NYSE,NYSE,NYSE
CII,CII,"BlackRock Enhanced Large Cap Core Fund, Inc.",NYSE,NYSE,NYSE
CIK,CIK,"Credit Suisse Asset Management Income Fund, Inc.",NYSE American,NYSE American,NYSE American
CIM,CIM,Chimera Investment Corporation,NYSE,NYSE,NYSE
CIMN,CIMN,Chimera Investment Corporation 9.000% Senior Not,NYSE,NYSE,NYSE
CIMO,CIMO,Chimera Investment Corporation 9.250% Senior Not,NYSE,NYSE,NYSE
CIMP,CIMP,Chimera Investment Corporation 8.875% Senior Not,NYSE,NYSE,NYSE
CINT,CINT,CI&T Inc,NYSE,NYSE,NYSE
CION,CION,CION Investment Corporation,NYSE,NYSE,NYSE
CITR,CITR,CitroTech Inc.,NYSE American,NYSE American,NYSE American
CIX,CIX,CompX International Inc.,NYSE American,NYSE American,NYSE American
CKX,CKX,"CKX Lands, Inc.",NYSE American,NYSE American,NYSE American
CL,CL,Colgate-Palmolive Company,NYSE,NYSE,NYSE
CLB,CLB,Core Laboratories Inc.,NYSE,NYSE,NYSE
CLBR,CLBR,Colombier Acquisition Corp. III,NYSE,NYSE,NYSE
CLDI,CLDI,"Calidi Biotherapeutics, Inc.",NYSE American,NYSE American,NYSE American
CLDT,CLDT,Chatham Lodging Trust (REIT) Common Shares of Be,NYSE,NYSE,NYSE
CLF,CLF,Cleveland-Cliffs Inc.,NYSE,NYSE,NYSE
CLH,CLH,"Clean Harbors, Inc.",NYSE,NYSE,NYSE
CLM,CLM,"Cornerstone Strategic Investment Fund, Inc. Comm",NYSE American,NYSE American,NYSE American
CLPR,CLPR,Clipper Realty Inc.,NYSE,NYSE,NYSE
CLS,CLS,"Celestica, Inc.",NYSE,NYSE,NYSE
CLVT,CLVT,Clarivate Plc,NYSE,NYSE,NYSE
CLW,CLW,Clearwater Paper Corporation,NYSE,NYSE,NYSE
CLX,CLX,Clorox Company (The),NYSE,NYSE,NYSE
CM,CM,Canadian Imperial Bank of Commerce,NYSE,NYSE,NYSE
CMBT,CMBT,CMB.TECH NV,NYSE,NYSE,NYSE
CMC,CMC,Commercial Metals Company,NYSE,NYSE,NYSE
CMCL,CMCL,Caledonia Mining Corporation Plc Common Shares,NYSE American,NYSE American,NYSE American
CMCM,CMCM,"Cheetah Mobile Inc. American Depositary Shares, ",NYSE,NYSE,NYSE
CMDB,CMDB,Costamare Bulkers Holdings Limited,NYSE,NYSE,NYSE
CMG,CMG,"Chipotle Mexican Grill, Inc.",NYSE,NYSE,NYSE
CMI,CMI,Cummins Inc.,NYSE,NYSE,NYSE
CMP,CMP,Compass Minerals Intl Inc,NYSE,NYSE,NYSE
CMRE,CMRE,Costamare Inc. Common Stock $0.0001 par value,NYSE,NYSE,NYSE
CMS,CMS,CMS Energy Corporation,NYSE,NYSE,NYSE
CMSA,CMSA,CMS Energy Corporation 5.625% Junior Subordinate,NYSE,NYSE,NYSE
CMSC,CMSC,CMS Energy Corporation 5.875% Junior Subordinate,NYSE,NYSE,NYSE
CMSD,CMSD,CMS Energy Corporation 5.875% Junior Subordinate,NYSE,NYSE,NYSE
CMT,CMT,Core Molding Technologies Inc,NYSE American,NYSE American,NYSE American
CMTG,CMTG,"Claros Mortgage Trust, Inc.",NYSE,NYSE,NYSE
CNA,CNA,CNA Financial Corporation,NYSE,NYSE,NYSE
CNC,CNC,Centene Corporation,NYSE,NYSE,NYSE
CNF,CNF,CNFinance Holdings Limited American Depositary S,NYSE,NYSE,NYSE
CNH,CNH,CNH Industrial N.V. Common Shares,NYSE,NYSE,NYSE
CNI,CNI,Canadian National Railway Company,NYSE,NYSE,NYSE
CNK,CNK,"Cinemark Holdings Inc Cinemark Holdings, Inc.",NYSE,NYSE,NYSE
CNM,CNM,"Core & Main, Inc.",NYSE,NYSE,NYSE
CNMD,CNMD,CONMED Corporation,NYSE,NYSE,NYSE
CNNE,CNNE,"Cannae Holdings, Inc.",NYSE,NYSE,NYSE
CNO,CNO,"CNO Financial Group, Inc.",NYSE,NYSE,NYSE
CNP,CNP,"CenterPoint Energy, Inc (Holding Co)",NYSE,NYSE,NYSE
CNQ,CNQ,Canadian Natural Resources Limited,NYSE,NYSE,NYSE
CNR,CNR,"Core Natural Resources, Inc.",NYSE,NYSE,NYSE
CNS,CNS,Cohen & Steers Inc,NYSE,NYSE,NYSE
CNX,CNX,CNX Resources Corporation,NYSE,NYSE,NYSE
CODI,CODI,D/B/A Compass Diversified Holdings Shares of Ben,NYSE,NYSE,NYSE
COE,COE,51Talk Online Education Group American depositar,NYSE American,NYSE American,NYSE American
COF,COF,Capital One Financial Corporation,NYSE,NYSE,NYSE
COHN,COHN,Cohen & Company Inc.,NYSE American,NYSE American,NYSE American
COHR,COHR,Coherent Corp.,NYSE,NYSE,NYSE
COLD,COLD,"Americold Realty Trust, Inc.",NYSE,NYSE,NYSE
COMP,COMP,"Compass, Inc.",NYSE,NYSE,NYSE
CON,CON,"Concentra Group Holdings Parent, Inc.",NYSE,NYSE,NYSE
COOK,COOK,"Traeger, Inc.",NYSE,NYSE,NYSE
COP,COP,ConocoPhillips,NYSE,NYSE,NYSE
COPL,COPL,Copley Acquisition Corp,NYSE,NYSE,NYSE
COPR,COPR,Idaho Copper Corporation,NYSE American,NYSE American,NYSE American
COR,COR,"Cencora, Inc.",NYSE,NYSE,NYSE
COSO,COSO,"CoastalSouth Bancshares, Inc.",NYSE,NYSE,NYSE
COTY,COTY,Coty Inc.,NYSE,NYSE,NYSE
COUR,COUR,"Coursera, Inc.",NYSE,NYSE,NYSE
CP,CP,Canadian Pacific Kansas City Limited Common Shar,NYSE,NYSE,NYSE
CPA,CPA,"Copa Holdings, S.A.",NYSE,NYSE,NYSE
CPAC,CPAC,Cementos Pacasmayo S.A.A. American Depositary Sh,NYSE,NYSE,NYSE
CPAY,CPAY,"Corpay, Inc.",NYSE,NYSE,NYSE
CPF,CPF,Central Pacific Financial Corp New,NYSE,NYSE,NYSE
CPHI,CPHI,"China Pharma Holdings, Inc.",NYSE American,NYSE American,NYSE American
CPK,CPK,Chesapeake Utilities Corporation,NYSE,NYSE,NYSE
CPNG,CPNG,"Coupang, Inc.",NYSE,NYSE,NYSE
CPRI,CPRI,Capri Holdings Limited,NYSE,NYSE,NYSE
CPS,CPS,Cooper-Standard Holdings Inc.,NYSE,NYSE,NYSE
CPT,CPT,Camden Property Trust,NYSE,NYSE,NYSE
CR,CR,Crane Company,NYSE,NYSE,NYSE
CRBD,CRBD,Corebridge Financial Inc. 6.375% Junior Subordin,NYSE,NYSE,NYSE
CRBG,CRBG,Corebridge Financial Inc.,NYSE,NYSE,NYSE
CRC,CRC,California Resources Corporation,NYSE,NYSE,NYSE
CRCL,CRCL,"Circle Internet Group, Inc.",NYSE,NYSE,NYSE
CRD.A,CRD-A,Crawford & Company,NYSE,NYSE,NYSE
CRD.B,CRD-B,Crawford & Company,NYSE,NYSE,NYSE
CRF,CRF,"Cornerstone Total Return Fund, Inc. (The)",NYSE American,NYSE American,NYSE American
CRGY,CRGY,Crescent Energy Company,NYSE,NYSE,NYSE
CRH,CRH,CRH PLC,NYSE,NYSE,NYSE
CRI,CRI,"Carter's, Inc.",NYSE,NYSE,NYSE
CRK,CRK,"Comstock Resources, Inc.",NYSE,NYSE,NYSE
CRL,CRL,"Charles River Laboratories International, Inc.",NYSE,NYSE,NYSE
CRM,CRM,"Salesforce, Inc.",NYSE,NYSE,NYSE
CRS,CRS,Carpenter Technology Corporation,NYSE,NYSE,NYSE
CRT,CRT,Cross Timbers Royalty Trust,NYSE,NYSE,NYSE
CSAN,CSAN,Cosan S.A. ADS,NYSE,NYSE,NYSE
CSL,CSL,Carlisle Companies Incorporated,NYSE,NYSE,NYSE
CSQR,CSQR,"Csquare, Inc.",NYSE,NYSE,NYSE
CSR,CSR,D/B/A Centerspace,NYSE,NYSE,NYSE
CSTM,CSTM,Constellium SE Ordinary Shares (France),NYSE,NYSE,NYSE
CSV,CSV,"Carriage Services, Inc.",NYSE,NYSE,NYSE
CSW,CSW,"CSW Industrials, Inc.",NYSE,NYSE,NYSE
CTEV,CTEV,Claritev Corporation,NYSE,NYSE,NYSE
CTGG,CTGG,Qwest Corporation 6.500% Senior Notes due 2051 (,NYSE,NYSE,NYSE
CTGO,CTGO,Contango Silver & Gold Inc.,NYSE American,NYSE American,NYSE American
CTHH,CTHH,Qwest Corporation 6.750% Senior Notes due 2052 (,NYSE,NYSE,NYSE
CTM,CTM,"Castellum, Inc.",NYSE American,NYSE American,NYSE American
CTO,CTO,"CTO Realty Growth, Inc.",NYSE,NYSE,NYSE
CTOS,CTOS,"Custom Truck One Source, Inc.",NYSE,NYSE,NYSE
CTRE,CTRE,"CareTrust REIT, Inc.",NYSE,NYSE,NYSE
CTRI,CTRI,"Centuri Holdings, Inc.",NYSE,NYSE,NYSE
CTS,CTS,CTS Corporation,NYSE,NYSE,NYSE
CTVA,CTVA,"Corteva, Inc.",NYSE,NYSE,NYSE
CUBB,CUBB,"Customers Bancorp, Inc 5.375% Subordinated Notes",NYSE,NYSE,NYSE
CUBE,CUBE,CubeSmart Common Shares,NYSE,NYSE,NYSE
CUBI,CUBI,"Customers Bancorp, Inc",NYSE,NYSE,NYSE
CURB,CURB,Curbline Properties Corp.,NYSE,NYSE,NYSE
CURV,CURV,Torrid Holdings Inc.,NYSE,NYSE,NYSE
CUZ,CUZ,Cousins Properties Incorporated,NYSE,NYSE,NYSE
CVE,CVE,Cenovus Energy Inc,NYSE,NYSE,NYSE
CVEO,CVEO,Civeo Corporation (Canada) Common Shares,NYSE,NYSE,NYSE
CVI,CVI,CVR Energy Inc.,NYSE,NYSE,NYSE
CVLG,CVLG,"Covenant Logistics Group, Inc.",NYSE,NYSE,NYSE
CVM,CVM,Cel-Sci Corporation,NYSE American,NYSE American,NYSE American
CVNA,CVNA,Carvana Co.,NYSE,NYSE,NYSE
CVR,CVR,Chicago Rivet & Machine Co.,NYSE American,NYSE American,NYSE American
CVS,CVS,CVS Health Corporation,NYSE,NYSE,NYSE
CVSA,CVSA,Covista Inc. Common Shares,NYSE,NYSE,NYSE
CVU,CVU,"CPI Aerostructures, Inc.",NYSE American,NYSE American,NYSE American
CVX,CVX,Chevron Corporation,NYSE,NYSE,NYSE
CWEN,CWEN,"Clearway Energy, Inc.",NYSE,NYSE,NYSE
CWH,CWH,"Camping World Holdings, Inc.",NYSE,NYSE,NYSE
CWK,CWK,Cushman & Wakefield Ltd. Common Shares,NYSE,NYSE,NYSE
CWT,CWT,California Water Service Group,NYSE,NYSE,NYSE
CX,CX,"Cemex, S.A.B. de C.V. Sponsored ADR",NYSE,NYSE,NYSE
CXM,CXM,"Sprinklr, Inc.",NYSE,NYSE,NYSE
CXT,CXT,"Crane NXT, Co.",NYSE,NYSE,NYSE
CXW,CXW,"CoreCivic, Inc.",NYSE,NYSE,NYSE
CYD,CYD,China Yuchai International Limited,NYSE,NYSE,NYSE
CYH,CYH,"Community Health Systems, Inc.",NYSE,NYSE,NYSE
D,D,"Dominion Energy, Inc.",NYSE,NYSE,NYSE
DAC,DAC,Danaos Corporation,NYSE,NYSE,NYSE
DAL,DAL,"Delta Air Lines, Inc.",NYSE,NYSE,NYSE
DAN,DAN,Dana Incorporated,NYSE,NYSE,NYSE
DAO,DAO,"Youdao, Inc. American Depositary Shares, each re",NYSE,NYSE,NYSE
DAR,DAR,Darling Ingredients Inc.,NYSE,NYSE,NYSE
DAVA,DAVA,Endava plc American Depositary Shares (each repr,NYSE,NYSE,NYSE
DB,DB,Deutsche Bank AG,NYSE,NYSE,NYSE
DBD,DBD,Diebold Nixdorf Incorporated,NYSE,NYSE,NYSE
DBI,DBI,Designer Brands Inc.,NYSE,NYSE,NYSE
DBL,DBL,DoubleLine Opportunistic Credit Fund Common Shar,NYSE,NYSE,NYSE
DBRG,DBRG,"DigitalBridge Group, Inc.",NYSE,NYSE,NYSE
DC,DC,Dakota Gold Corp.,NYSE American,NYSE American,NYSE American
DCBG,DCBG,"Dime Commercial Bancshares, Inc. 9.000% Junior S",NYSE,NYSE,NYSE
DCH,DCH,Dauch Corporation,NYSE,NYSE,NYSE
DCI,DCI,"Donaldson Company, Inc.",NYSE,NYSE,NYSE
DCO,DCO,Ducommun Incorporated,NYSE,NYSE,NYSE
DCOM,DCOM,"Dime Commercial Bancshares, Inc.",NYSE,NYSE,NYSE
DD,DD,"DuPont de Nemours, Inc.",NYSE,NYSE,NYSE
DDC,DDC,DDC Enterprise Limited,NYSE American,NYSE American,NYSE American
DDD,DDD,3D Systems Corporation,NYSE,NYSE,NYSE
DDL,DDL,Dingdong (Cayman) Limited American Depositary Sh,NYSE,NYSE,NYSE
DDS,DDS,"Dillard's, Inc.",NYSE,NYSE,NYSE
DDT,DDT,Dillard's Capital Trust I,NYSE,NYSE,NYSE
DE,DE,Deere & Company,NYSE,NYSE,NYSE
DEA,DEA,"Easterly Government Properties, Inc.",NYSE,NYSE,NYSE
DEC,DEC,Diversified Energy Company,NYSE,NYSE,NYSE
DECK,DECK,Deckers Outdoor Corporation,NYSE,NYSE,NYSE
DEI,DEI,"Douglas Emmett, Inc.",NYSE,NYSE,NYSE
DELL,DELL,Dell Technologies Inc.,NYSE,NYSE,NYSE
DEO,DEO,Diageo plc,NYSE,NYSE,NYSE
DFH,DFH,"Dream Finders Homes, Inc.",NYSE,NYSE,NYSE
DFIN,DFIN,"Donnelley Financial Solutions, Inc.",NYSE,NYSE,NYSE
DFP,DFP,Flaherty & Crumrine Dynamic Preferred and Income,NYSE,NYSE,NYSE
DG,DG,Dollar General Corporation,NYSE,NYSE,NYSE
DGAC,DGAC,Disciplined Growth Acquisition Corporation,NYSE,NYSE,NYSE
DGX,DGX,Quest Diagnostics Incorporated,NYSE,NYSE,NYSE
DHF,DHF,BNY Mellon High Yield Strategies Fund,NYSE,NYSE,NYSE
DHI,DHI,"D.R. Horton, Inc.",NYSE,NYSE,NYSE
DHR,DHR,Danaher Corporation,NYSE,NYSE,NYSE
DHT,DHT,"DHT Holdings, Inc.",NYSE,NYSE,NYSE
DHX,DHX,"DHI Group, Inc.",NYSE,NYSE,NYSE
DHY,DHY,Credit Suisse High Yield Credit Fund,NYSE American,NYSE American,NYSE American
DIN,DIN,"Dine Brands Global, Inc.",NYSE,NYSE,NYSE
DINO,DINO,HF Sinclair Corporation,NYSE,NYSE,NYSE
DIS,DIS,Walt Disney Company (The),NYSE,NYSE,NYSE
DIT,DIT,AMCON Distributing Company,NYSE American,NYSE American,NYSE American
DK,DK,"Delek US Holdings, Inc.",NYSE,NYSE,NYSE
DKS,DKS,Dick's Sporting Goods Inc,NYSE,NYSE,NYSE
DLB,DLB,Dolby Laboratories,NYSE,NYSE,NYSE
DLR,DLR,"Digital Realty Trust, Inc.",NYSE,NYSE,NYSE
DLX,DLX,Deluxe Corporation,NYSE,NYSE,NYSE
DLY,DLY,DoubleLine Yield Opportunities Fund Common Share,NYSE,NYSE,NYSE
DMA,DMA,Destra Multi-Alternative Fund,NYSE,NYSE,NYSE
DMB,DMB,"BNY Mellon Municipal Bond Infrastructure Fund, I",NYSE,NYSE,NYSE
DMC,DMC,Del Monte Corporation,NYSE,NYSE,NYSE
DMO,DMO,Western Asset Mortgage Opportunity Fund Inc.,NYSE,NYSE,NYSE
DNA,DNA,"Ginkgo Bioworks Holdings, Inc.",NYSE,NYSE,NYSE
DNN,DNN,Denison Mines Corp Ordinary Shares (Canada),NYSE American,NYSE American,NYSE American
DNOW,DNOW,DNOW Inc.,NYSE,NYSE,NYSE
DNP,DNP,"DNP Select Income Fund, Inc.",NYSE,NYSE,NYSE
DOC,DOC,"Healthpeak Properties, Inc.",NYSE,NYSE,NYSE
DOCN,DOCN,"DigitalOcean Holdings, Inc.",NYSE,NYSE,NYSE
DOCS,DOCS,"Doximity, Inc.",NYSE,NYSE,NYSE
DOLE,DOLE,Dole plc,NYSE,NYSE,NYSE
DOUG,DOUG,Douglas Elliman Inc.,NYSE,NYSE,NYSE
DOV,DOV,Dover Corporation,NYSE,NYSE,NYSE
DOW,DOW,Dow Inc.,NYSE,NYSE,NYSE
DPC,DPC,DPC Holdings PLC,NYSE,NYSE,NYSE
DPG,DPG,Duff & Phelps Utility and Infrastructure Fund In,NYSE,NYSE,NYSE
DQ,DQ,DAQO New Energy Corp. American Depositary Shares,NYSE,NYSE,NYSE
DRD,DRD,DRDGOLD Limited American Depositary Shares,NYSE,NYSE,NYSE
DRI,DRI,"Darden Restaurants, Inc.",NYSE,NYSE,NYSE
DSL,DSL,DoubleLine Income Solutions Fund Common Shares o,NYSE,NYSE,NYSE
DSM,DSM,"BNY Mellon Strategic Municipal Bond Fund, Inc.",NYSE,NYSE,NYSE
DSS,DSS,"DSS, Inc.",NYSE American,NYSE American,NYSE American
DSU,DSU,"Blackrock Debt Strategies Fund, Inc.",NYSE,NYSE,NYSE
DSX,DSX,Diana Shipping inc.,NYSE,NYSE,NYSE
DT,DT,"Dynatrace, Inc.",NYSE,NYSE,NYSE
DTB,DTB,DTE Energy Company 2020 Series G 4.375% Junior S,NYSE,NYSE,NYSE
DTE,DTE,DTE Energy Company,NYSE,NYSE,NYSE
DTF,DTF,DTF Tax-Free Income 2028 Term Fund Inc.,NYSE,NYSE,NYSE
DTG,DTG,DTE Energy Company 2021 Series E 4.375% Junior S,NYSE,NYSE,NYSE
DTK,DTK,DTE Energy Company 2025 Series H 6.25% Junior Su,NYSE,NYSE,NYSE
DTM,DTM,"DT Midstream, Inc.",NYSE,NYSE,NYSE
DTW,DTW,DTE Energy Company 2017 Series E 5.25% Junior Su,NYSE,NYSE,NYSE
DUK,DUK,Duke Energy Corporation (Holding Company),NYSE,NYSE,NYSE
DUKB,DUKB,Duke Energy Corporation 5.625% Junior Subordinat,NYSE,NYSE,NYSE
DV,DV,"DoubleVerify Holdings, Inc.",NYSE,NYSE,NYSE
DVA,DVA,DaVita Inc.,NYSE,NYSE,NYSE
DVN,DVN,Devon Energy Corporation,NYSE,NYSE,NYSE
DX,DX,"Dynex Capital, Inc.",NYSE,NYSE,NYSE
DXC,DXC,DXC Technology Company,NYSE,NYSE,NYSE
DXF,DXF,Eason Technology Limited American Depositary Sha,NYSE American,NYSE American,NYSE American
DXYZ,DXYZ,Destiny Tech100 Inc.,NYSE,NYSE,NYSE
DY,DY,"Dycom Industries, Inc.",NYSE,NYSE,NYSE
E,E,ENI S.p.A.,NYSE,NYSE,NYSE
EAD,EAD,Allspring Income Opportunities Fund Common Share,NYSE American,NYSE American,NYSE American
EAF,EAF,GrafTech International Ltd.,NYSE,NYSE,NYSE
EAI,EAI,"Entergy Arkansas, LLC First Mortgage Bonds, 4.87",NYSE,NYSE,NYSE
EARN,EARN,Ellington Credit Company Common Shares of Benefi,NYSE,NYSE,NYSE
EAT,EAT,"Brinker International, Inc.",NYSE,NYSE,NYSE
EBF,EBF,"Ennis, Inc.",NYSE,NYSE,NYSE
EBS,EBS,Emergent BioSolutions Inc.,NYSE,NYSE,NYSE
EC,EC,Ecopetrol S.A. American Depositary Shares,NYSE,NYSE,NYSE
ECAT,ECAT,BlackRock ESG Capital Allocation Term Trust Comm,NYSE,NYSE,NYSE
ECC,ECC,Eagle Point Credit Company Common Share of Benef,NYSE,NYSE,NYSE
ECCC,ECCC,Eagle Point Credit Company 6.50% Series C Term P,NYSE,NYSE,NYSE
ECCU,ECCU,Eagle Point Credit Company 7.75% Notes due 2030,NYSE,NYSE,NYSE
ECCV,ECCV,Eagle Point Credit Company 5.375% Notes due 2029,NYSE,NYSE,NYSE
ECF,ECF,Ellsworth Growth and Income Fund Ltd.,NYSE American,NYSE American,NYSE American
ECG,ECG,"Everus Construction Group, Inc.",NYSE,NYSE,NYSE
ECL,ECL,Ecolab Inc.,NYSE,NYSE,NYSE
ECO,ECO,Okeanis Eco Tankers Corp.,NYSE,NYSE,NYSE
ECVT,ECVT,Ecovyst Inc.,NYSE,NYSE,NYSE
ED,ED,"Consolidated Edison, Inc.",NYSE,NYSE,NYSE
EDD,EDD,Morgan Stanley Emerging Markets Domestic Debt Fu,NYSE,NYSE,NYSE
EDF,EDF,Virtus Stone Harbor Emerging Markets Income Fund,NYSE,NYSE,NYSE
EDN,EDN,Empresa Distribuidora Y Comercializadora Norte S,NYSE,NYSE,NYSE
EDU,EDU,"New Oriental Education & Technology Group, Inc. ",NYSE,NYSE,NYSE
EE,EE,"Excelerate Energy, Inc.",NYSE,NYSE,NYSE
EEA,EEA,"The European Equity Fund, Inc.",NYSE,NYSE,NYSE
EFC,EFC,Ellington Financial Inc.,NYSE,NYSE,NYSE
EFOR,EFOR,"Everforth, Inc.",NYSE,NYSE,NYSE
EFR,EFR,Eaton Vance Senior Floating-Rate Fund Common Sha,NYSE,NYSE,NYSE
EFT,EFT,Eaton Vance Floating Rate Income Trust Common Sh,NYSE,NYSE,NYSE
EFX,EFX,"Equifax, Inc.",NYSE,NYSE,NYSE
EFXT,EFXT,Enerflex Ltd Common Shares,NYSE,NYSE,NYSE
EG,EG,"Everest Group, Ltd.",NYSE,NYSE,NYSE
EGG,EGG,Enigmatig Limited,NYSE American,NYSE American,NYSE American
EGO,EGO,Eldorado Gold Corporation,NYSE,NYSE,NYSE
EGP,EGP,"EastGroup Properties, Inc.",NYSE,NYSE,NYSE
EGY,EGY,"VAALCO Energy, Inc.",NYSE,NYSE,NYSE
EHC,EHC,Encompass Health Corporation,NYSE,NYSE,NYSE
EHI,EHI,Western Asset Global High Income Fund Inc,NYSE,NYSE,NYSE
EIC,EIC,Eagle Point Income Company Inc.,NYSE,NYSE,NYSE
EICA,EICA,Eagle Point Income Company Inc. 5.00% Series A T,NYSE,NYSE,NYSE
EIG,EIG,Employers Holdings Inc,NYSE,NYSE,NYSE
EIM,EIM,Eaton Vance Municipal Bond Fund Common Shares of,NYSE American,NYSE American,NYSE American
EIX,EIX,Edison International,NYSE,NYSE,NYSE
EL,EL,"Estee Lauder Companies, Inc. (The)",NYSE,NYSE,NYSE
ELA,ELA,Envela Corporation,NYSE American,NYSE American,NYSE American
ELAN,ELAN,Elanco Animal Health Incorporated,NYSE,NYSE,NYSE
ELC,ELC,"Entergy Louisiana, Inc. Collateral Trust Mortgag",NYSE,NYSE,NYSE
ELF,ELF,"e.l.f. Beauty, Inc.",NYSE,NYSE,NYSE
ELLA,ELLA,Ellington Credit Company 8.50% Notes due 2031,NYSE,NYSE,NYSE
ELLO,ELLO,Ellomay Capital Ltd Ordinary Shares (Israel),NYSE American,NYSE American,NYSE American
ELMD,ELMD,"Electromed, Inc.",NYSE American,NYSE American,NYSE American
ELME,ELME,Elme Communities,NYSE,NYSE,NYSE
ELPC,ELPC,Companhia Paranaense de Energia (COPEL) American,NYSE,NYSE,NYSE
ELS,ELS,"Equity Lifestyle Properties, Inc.",NYSE,NYSE,NYSE
ELV,ELV,"Elevance Health, Inc.",NYSE,NYSE,NYSE
EMA,EMA,Emera Incorporated Common Shares,NYSE,NYSE,NYSE
EMBJ,EMBJ,Embraer S.A.,NYSE,NYSE,NYSE
EMD,EMD,Western Asset Emerging Markets Debt Fund Inc,NYSE,NYSE,NYSE
EME,EME,"EMCOR Group, Inc.",NYSE,NYSE,NYSE
EMF,EMF,Templeton Emerging Markets Fund,NYSE,NYSE,NYSE
EMN,EMN,Eastman Chemical Company,NYSE,NYSE,NYSE
EMO,EMO,ClearBridge Energy Midstream Opportunity Fund In,NYSE,NYSE,NYSE
EMP,EMP,"Entergy Mississippi, LLC First Mortgage Bonds, 4",NYSE,NYSE,NYSE
EMR,EMR,Emerson Electric Company,NYSE,NYSE,NYSE
ENB,ENB,Enbridge Inc,NYSE,NYSE,NYSE
ENHA,ENHA,Enhanced Group Inc.,NYSE,NYSE,NYSE
ENIC,ENIC,Enel Chile S.A. American Depositary Shares (Each,NYSE,NYSE,NYSE
ENJ,ENJ,"Entergy New Orleans, LLC First Mortgage Bonds, 5",NYSE,NYSE,NYSE
ENO,ENO,"Entergy New Orleans, LLC First Mortgage Bonds, 5",NYSE,NYSE,NYSE
ENOV,ENOV,Enovis Corporation,NYSE,NYSE,NYSE
ENR,ENR,"Energizer Holdings, Inc.",NYSE,NYSE,NYSE
ENS,ENS,EnerSys,NYSE,NYSE,NYSE
ENVA,ENVA,"Enova International, Inc.",NYSE,NYSE,NYSE
EOD,EOD,Allspring Global Dividend Opportunity Fund Commo,NYSE,NYSE,NYSE
EOG,EOG,"EOG Resources, Inc.",NYSE,NYSE,NYSE
EOI,EOI,Eaton Vance Enhance Equity Income Fund Eaton Van,NYSE,NYSE,NYSE
EONR,EONR,EON Resources Inc.,NYSE American,NYSE American,NYSE American
EOS,EOS,Eaton Vance Enhance Equity Income Fund II,NYSE,NYSE,NYSE
EOT,EOT,Eaton Vance Municipal Income Trust EATON VANCE N,NYSE,NYSE,NYSE
EP,EP,Empire Petroleum Corporation,NYSE American,NYSE American,NYSE American
EPAC,EPAC,Enerpac Tool Group Corp.,NYSE,NYSE,NYSE
EPAM,EPAM,"EPAM Systems, Inc.",NYSE,NYSE,NYSE
EPC,EPC,Edgewell Personal Care Company,NYSE,NYSE,NYSE
EPD,EPD,Enterprise Products Partners L.P.,NYSE,NYSE,NYSE
EPM,EPM,"Evolution Petroleum Corporation, Inc.",NYSE American,NYSE American,NYSE American
EPR,EPR,EPR Properties,NYSE,NYSE,NYSE
EPRT,EPRT,"Essential Properties Realty Trust, Inc.",NYSE,NYSE,NYSE
EQBK,EQBK,"Equity Bancshares, Inc.",NYSE,NYSE,NYSE
EQH,EQH,"Equitable Holdings, Inc.",NYSE,NYSE,NYSE
EQNR,EQNR,Equinor ASA,NYSE,NYSE,NYSE
EQR,EQR,Equity Residential Common Shares of Beneficial I,NYSE,NYSE,NYSE
EQS,EQS,"Equus Total Return, Inc.",NYSE,NYSE,NYSE
EQT,EQT,EQT Corporation,NYSE,NYSE,NYSE
EQX,EQX,Equinox Gold Corp. Common Shares,NYSE American,NYSE American,NYSE American
ERC,ERC,Allspring Multi-Sector Income Fund,NYSE American,NYSE American,NYSE American
ERH,ERH,Allspring Utilities and High Income Fund Common ,NYSE American,NYSE American,NYSE American
ERO,ERO,Ero Copper Corp. Common Shares,NYSE,NYSE,NYSE
EROC,EROC,"ERock, Inc.",NYSE,NYSE,NYSE
EROK,EROK,"EagleRock Land, LLC",NYSE,NYSE,NYSE
ES,ES,Eversource Energy (D/B/A),NYSE,NYSE,NYSE
ESAB,ESAB,ESAB Corporation,NYSE,NYSE,NYSE
ESE,ESE,ESCO Technologies Inc.,NYSE,NYSE,NYSE
ESI,ESI,Element Solutions Inc.,NYSE,NYSE,NYSE
ESNT,ESNT,Essent Group Ltd. Common Shares,NYSE,NYSE,NYSE
ESP,ESP,Espey Mfg. & Electronics Corp.,NYSE American,NYSE American,NYSE American
ESRT,ESRT,"Empire State Realty Trust, Inc.",NYSE,NYSE,NYSE
ESS,ESS,"Essex Property Trust, Inc.",NYSE,NYSE,NYSE
ESTC,ESTC,Elastic N.V.,NYSE,NYSE,NYSE
ETB,ETB,Eaton Vance Tax-Managed Buy-Write Income Fund Ea,NYSE,NYSE,NYSE
ETD,ETD,Ethan Allen Interiors Inc.,NYSE,NYSE,NYSE
ETG,ETG,Eaton Vance Tax-Advantaged Global Dividend Incom,NYSE,NYSE,NYSE
ETJ,ETJ,Eaton Vance Risk-Managed Diversified Equity Inco,NYSE,NYSE,NYSE
ETN,ETN,"Eaton Corporation, PLC",NYSE,NYSE,NYSE
ETO,ETO,Eaton Vance Tax-Advantage Global Dividend Opp,NYSE,NYSE,NYSE
ETR,ETR,Entergy Corporation,NYSE,NYSE,NYSE
ETSS,ETSS,Energy Transition Special Opportunities,NYSE,NYSE,NYSE
ETSY,ETSY,"Etsy, Inc.",NYSE,NYSE,NYSE
ETV,ETV,Eaton Vance Corporation Eaton Vance Tax-Managed ,NYSE,NYSE,NYSE
ETW,ETW,Eaton Vance Corporation Eaton Vance Tax-Managed ,NYSE,NYSE,NYSE
ETX,ETX,Eaton Vance Municipal Income 2028 Term Trust Com,NYSE,NYSE,NYSE
ETY,ETY,Eaton Vance Tax-Managed Diversified Equity Incom,NYSE,NYSE,NYSE
EVAC,EVAC,EQV Ventures Acquisition Corp. II,NYSE,NYSE,NYSE
EVC,EVC,Entravision Communications Corporation,NYSE,NYSE,NYSE
EVEX,EVEX,"Eve Holding, Inc.",NYSE,NYSE,NYSE
EVF,EVF,Eaton Vance Senior Income Trust,NYSE,NYSE,NYSE
EVG,EVG,Eaton Vance Short Diversified Income Fund Eaton ,NYSE,NYSE,NYSE
EVH,EVH,"Evolent Health, Inc",NYSE,NYSE,NYSE
EVI,EVI,"EVI Industries, Inc.",NYSE American,NYSE American,NYSE American
EVMN,EVMN,"Evommune, Inc.",NYSE,NYSE,NYSE
EVN,EVN,Eaton Vance Municipal Income Trust,NYSE,NYSE,NYSE
EVR,EVR,Evercore Inc.,NYSE,NYSE,NYSE
EVT,EVT,Eaton Vance Tax Advantaged Dividend Income Fund ,NYSE,NYSE,NYSE
EVTC,EVTC,"Evertec, Inc.",NYSE,NYSE,NYSE
EVTL,EVTL,Vertical Aerospace Ltd.,NYSE,NYSE,NYSE
EVV,EVV,Eaton Vance Limited Duration Income Fund Common ,NYSE American,NYSE American,NYSE American
EW,EW,Edwards Lifesciences Corporation,NYSE,NYSE,NYSE
EXG,EXG,Eaton Vance Tax-Managed Global Diversified Equit,NYSE,NYSE,NYSE
EXK,EXK,Endeavour Silver Corporation Ordinary Shares (Ca,NYSE,NYSE,NYSE
EXOD,EXOD,"Exodus Movement, Inc.",NYSE American,NYSE American,NYSE American
EXP,EXP,Eagle Materials Inc,NYSE,NYSE,NYSE
EXPD,EXPD,"Expeditors International of Washington, Inc.",NYSE,NYSE,NYSE
EXR,EXR,Extra Space Storage Inc,NYSE,NYSE,NYSE
F,F,Ford Motor Company,NYSE,NYSE,NYSE
FAF,FAF,First American Corporation (New),NYSE,NYSE,NYSE
FAX,FAX,"abrdn Asia-Pacific Income Fund, Inc.",NYSE American,NYSE American,NYSE American
FBIN,FBIN,"Fortune Brands Innovations, Inc.",NYSE,NYSE,NYSE
FBK,FBK,FB Financial Corporation,NYSE,NYSE,NYSE
FBP,FBP,First BanCorp. New,NYSE,NYSE,NYSE
FBRT,FBRT,"Franklin BSP Realty Trust, Inc.",NYSE,NYSE,NYSE
FC,FC,Franklin Covey Company,NYSE,NYSE,NYSE
FCBM,FCBM,"First Carolina Financial Services, Inc.",NYSE,NYSE,NYSE
FCF,FCF,First Commonwealth Financial Corporation,NYSE,NYSE,NYSE
FCN,FCN,"FTI Consulting, Inc.",NYSE,NYSE,NYSE
FCPT,FCPT,"Four Corners Property Trust, Inc.",NYSE,NYSE,NYSE
FCRS,FCRS,FutureCrest Acquisition Corp.,NYSE,NYSE,NYSE
FCX,FCX,"Freeport-McMoRan, Inc.",NYSE,NYSE,NYSE
FDS,FDS,FactSet Research Systems Inc.,NYSE,NYSE,NYSE
FDX,FDX,FedEx Corporation,NYSE,NYSE,NYSE
FDXF,FDXF,"FedEx Freight Holding Company, Inc.",NYSE,NYSE,NYSE
FE,FE,FirstEnergy Corp.,NYSE,NYSE,NYSE
FEDU,FEDU,Four Seasons Education (Cayman) Inc. American De,NYSE,NYSE,NYSE
FENG,FENG,Phoenix New Media Limited American Depositary Sh,NYSE,NYSE,NYSE
FERG,FERG,Ferguson Enterprises Inc.,NYSE,NYSE,NYSE
FET,FET,"Forum Energy Technologies, Inc.",NYSE,NYSE,NYSE
FF,FF,FutureFuel Corp.  Common shares,NYSE,NYSE,NYSE
FFA,FFA,First Trust Enhanced Equity Income Fund Common S,NYSE,NYSE,NYSE
FFC,FFC,Flaherty & Crumrine Preferred and Income Securit,NYSE,NYSE,NYSE
FG,FG,"F&G Annuities & Life, Inc.",NYSE,NYSE,NYSE
FGN,FGN,"F&G Annuities & Life, Inc. 7.950% Senior Notes d",NYSE,NYSE,NYSE
FGSN,FGSN,"F&G Annuities & Life, Inc. 7.300% Junior Subordi",NYSE,NYSE,NYSE
FHI,FHI,"Federated Hermes, Inc.",NYSE,NYSE,NYSE
FHN,FHN,First Horizon Corporation,NYSE,NYSE,NYSE
FICO,FICO,Fair Isaac Corporation,NYSE,NYSE,NYSE
FIG,FIG,"Figma, Inc.",NYSE,NYSE,NYSE
FIGS,FIGS,"FIGS, Inc.",NYSE,NYSE,NYSE
FINS,FINS,Angel Oak Financial Strategies Income Term Trust,NYSE,NYSE,NYSE
FINV,FINV,FinVolution Group American Depositary Shares,NYSE,NYSE,NYSE
FIRY,FIRY,Firy Inc.,NYSE,NYSE,NYSE
FIS,FIS,"Fidelity National Information Services, Inc.",NYSE,NYSE,NYSE
FITB,FITB,Fifth Third Bancorp,NYSE,NYSE,NYSE
FIX,FIX,"Comfort Systems USA, Inc.",NYSE,NYSE,NYSE
FJET,FJET,"Starfighters Space, Inc.",NYSE American,NYSE American,NYSE American
FLC,FLC,Flaherty & Crumrine Total Return Fund Inc,NYSE,NYSE,NYSE
FLG,FLG,"Flagstar Bank, N.A.",NYSE,NYSE,NYSE
FLNG,FLNG,FLEX LNG Ltd.,NYSE,NYSE,NYSE
FLO,FLO,"Flowers Foods, Inc.",NYSE,NYSE,NYSE
FLOC,FLOC,Flowco Holdings Inc.,NYSE,NYSE,NYSE
FLR,FLR,Fluor Corporation,NYSE,NYSE,NYSE
FLS,FLS,Flowserve Corporation,NYSE,NYSE,NYSE
FLUT,FLUT,Flutter Entertainment plc,NYSE,NYSE,NYSE
FLYX,FLYX,"flyExclusive, Inc.",NYSE American,NYSE American,NYSE American
FMC,FMC,FMC Corporation,NYSE,NYSE,NYSE
FMN,FMN,Federated Hermes Premier Municipal Income Fund,NYSE,NYSE,NYSE
FMS,FMS,Fresenius Medical Care AG American Depositary Sh,NYSE,NYSE,NYSE
FMX,FMX,Fomento Economico Mexicano S.A.B. de C.V.,NYSE,NYSE,NYSE
FMY,FMY,First Trust Mortgage Income Fund Common Shares o,NYSE,NYSE,NYSE
FN,FN,Fabrinet,NYSE,NYSE,NYSE
FNB,FNB,F.N.B. Corporation,NYSE,NYSE,NYSE
FND,FND,"Floor & Decor Holdings, Inc.",NYSE,NYSE,NYSE
FNF,FNF,"Fidelity National Financial, Inc.",NYSE,NYSE,NYSE
FNV,FNV,Franco-Nevada Corporation,NYSE,NYSE,NYSE
FOA,FOA,Finance of America Companies Inc.,NYSE,NYSE,NYSE
FOF,FOF,"Cohen & Steers Closed-End Opportunity Fund, Inc.",NYSE,NYSE,NYSE
FOIL,FOIL,Londian Wason New Energy Tech Inc. American Depo,NYSE,NYSE,NYSE
FOR,FOR,Forestar Group Inc,NYSE,NYSE,NYSE
FOUR,FOUR,"Shift4 Payments, Inc.",NYSE,NYSE,NYSE
FPF,FPF,First Trust Intermediate Duration Preferred & In,NYSE,NYSE,NYSE
FPH,FPH,"Five Point Holdings, LLC",NYSE,NYSE,NYSE
FPI,FPI,Farmland Partners Inc.,NYSE,NYSE,NYSE
FPS,FPS,"Forgent Power Solutions, Inc.",NYSE,NYSE,NYSE
FR,FR,"First Industrial Realty Trust, Inc.",NYSE,NYSE,NYSE
FRA,FRA,Blackrock Floating Rate Income Strategies Fund I,NYSE,NYSE,NYSE
FRO,FRO,Frontline Plc,NYSE,NYSE,NYSE
FRT,FRT,Federal Realty Investment Trust,NYSE,NYSE,NYSE
FSCO,FSCO,FS Credit Opportunities Corp.,NYSE,NYSE,NYSE
FSI,FSI,Flexible Solutions International Inc. Common Sto,NYSE American,NYSE American,NYSE American
FSK,FSK,FS KKR Capital Corp.,NYSE,NYSE,NYSE
FSM,FSM,Fortuna Mining Corp. Common Shares,NYSE,NYSE,NYSE
FSP,FSP,Franklin Street Properties Corp.,NYSE American,NYSE American,NYSE American
FSS,FSS,Federal Signal Corporation,NYSE,NYSE,NYSE
FSSL,FSSL,FS Specialty Lending Fund Common Shares of Benef,NYSE,NYSE,NYSE
FT,FT,Franklin Universal Trust,NYSE,NYSE,NYSE
FTF,FTF,Franklin Limited Duration Income Trust Common Sh,NYSE American,NYSE American,NYSE American
FTHY,FTHY,First Trust High Yield Opportunities 2027 Term F,NYSE,NYSE,NYSE
FTI,FTI,TechnipFMC plc Ordinary Share,NYSE,NYSE,NYSE
FTK,FTK,"Flotek Industries, Inc.",NYSE,NYSE,NYSE
FTRA,FTRA,FutureCorp Space Acquisition 1,NYSE,NYSE,NYSE
FTS,FTS,Fortis Inc. Common Shares,NYSE,NYSE,NYSE
FTV,FTV,Fortive Corporation,NYSE,NYSE,NYSE
FTW,FTW,Presidio Production Company,NYSE,NYSE,NYSE
FUBO,FUBO,FuboTV Inc.,NYSE,NYSE,NYSE
FUL,FUL,H. B. Fuller Company,NYSE,NYSE,NYSE
FUN,FUN,Six Flags Entertainment Corporation Common Stock,NYSE,NYSE,NYSE
FURY,FURY,Fury Gold Mines Limited Common Shares,NYSE American,NYSE American,NYSE American
FVR,FVR,"FrontView REIT, Inc.",NYSE,NYSE,NYSE
FVRR,FVRR,"Fiverr International Ltd. Ordinary Shares, no pa",NYSE,NYSE,NYSE
G,G,Genpact Limited,NYSE,NYSE,NYSE
GAB,GAB,"Gabelli Equity Trust, Inc. (The)",NYSE,NYSE,NYSE
GAM,GAM,"General American Investors, Inc.",NYSE,NYSE,NYSE
GAP,GAP,"Gap, Inc. (The)",NYSE,NYSE,NYSE
GATX,GATX,GATX Corporation,NYSE,NYSE,NYSE
GAU,GAU,Galiano Gold Inc.,NYSE American,NYSE American,NYSE American
GBAB,GBAB,Guggenheim Taxable Municipal Bond & Investment G,NYSE,NYSE,NYSE
GBCI,GBCI,"Glacier Bancorp, Inc.",NYSE,NYSE,NYSE
GBR,GBR,"New Concept Energy, Inc",NYSE American,NYSE American,NYSE American
GBTG,GBTG,"Global Business Travel Group, Inc.",NYSE,NYSE,NYSE
GBX,GBX,"Greenbrier Companies, Inc. (The)",NYSE,NYSE,NYSE
GCDT,GCDT,Green Circle Decarbonize Technology Limited,NYSE American,NYSE American,NYSE American
GCO,GCO,Genesco Inc.,NYSE,NYSE,NYSE
GCTS,GCTS,"GCT Semiconductor Holding, Inc.",NYSE,NYSE,NYSE
GCV,GCV,"Gabelli Convertible and Income Securities Fund, ",NYSE,NYSE,NYSE
GD,GD,General Dynamics Corporation,NYSE,NYSE,NYSE
GDDY,GDDY,GoDaddy Inc.,NYSE,NYSE,NYSE
GDL,GDL,"GDL Fund, The Common Shares of Beneficial Intere",NYSE,NYSE,NYSE
GDO,GDO,Western Asset Global Corporate Opportunity Fund ,NYSE,NYSE,NYSE
GDOT,GDOT,Green Dot Corporation,NYSE,NYSE,NYSE
GDV,GDV,Gabelli Dividend & Income Trust Common Shares of,NYSE,NYSE,NYSE
GE,GE,GE Aerospace,NYSE,NYSE,NYSE
GEF,GEF,Greif Inc.,NYSE,NYSE,NYSE
GEF.B,GEF-B,"Greif, Inc. Corporation",NYSE,NYSE,NYSE
GENC,GENC,"Gencor Industries, Inc.",NYSE American,NYSE American,NYSE American
GENI,GENI,Genius Sports Limited,NYSE,NYSE,NYSE
GEO,GEO,Geo Group Inc (The) REIT,NYSE,NYSE,NYSE
GETY,GETY,"Getty Images Holdings, Inc.",NYSE,NYSE,NYSE
GEV,GEV,GE Vernova Inc.,NYSE,NYSE,NYSE
GF,GF,"New Germany Fund, Inc. (The)",NYSE,NYSE,NYSE
GFF,GFF,Griffon Corporation,NYSE,NYSE,NYSE
GFI,GFI,Gold Fields Limited American Depositary Shares,NYSE,NYSE,NYSE
GFL,GFL,GFL Environmental Inc. Subordinate voting shares,NYSE,NYSE,NYSE
GFR,GFR,Greenfire Resources Ltd. Common Shares,NYSE,NYSE,NYSE
GGB,GGB,Gerdau S.A.,NYSE,NYSE,NYSE
GGG,GGG,Graco Inc.,NYSE,NYSE,NYSE
GGN,GGN,"GAMCO Global Gold, Natural Resources & Income Tr",NYSE American,NYSE American,NYSE American
GGT,GGT,"Gabelli Multi-Media Trust, Inc. (The)",NYSE,NYSE,NYSE
GGZ,GGZ,Gabelli Global Small and Mid Cap Value Trust (Th,NYSE,NYSE,NYSE
GHC,GHC,Graham Holdings Company,NYSE,NYSE,NYSE
GHG,GHG,GreenTree Hospitality Group Ltd. American deposi,NYSE,NYSE,NYSE
GHM,GHM,Graham Corporation,NYSE,NYSE,NYSE
GHY,GHY,"PGIM Global High Yield Fund, Inc.",NYSE,NYSE,NYSE
GIB,GIB,CGI Inc.,NYSE,NYSE,NYSE
GIC,GIC,Global Industrial Company,NYSE,NYSE,NYSE
GIL,GIL,"Gildan Activewear, Inc.",NYSE,NYSE,NYSE
GIS,GIS,"General Mills, Inc.",NYSE,NYSE,NYSE
GJH,GJH,Synthetic Fixed-Income Securities Inc 6.375% (ST,NYSE,NYSE,NYSE
GJO,GJO,"Synthetic Fixed-Income Securities, Inc. on behal",NYSE,NYSE,NYSE
GJP,GJP,"Synthetic Fixed-Income Securities, Inc. on behal",NYSE,NYSE,NYSE
GJR,GJR,"Synthetic Fixed-Income Securities, Inc. STRATS T",NYSE,NYSE,NYSE
GJS,GJS,Goldman Sachs Group Securities STRATS Trust for ,NYSE,NYSE,NYSE
GJT,GJT,"Synthetic Fixed-Income Securities, Inc. Floating",NYSE,NYSE,NYSE
GKOS,GKOS,Glaukos Corporation,NYSE,NYSE,NYSE
GL,GL,Globe Life Inc.,NYSE,NYSE,NYSE
GLAS,GLAS,Glass House Brands Inc. Subordinate Voting Share,NYSE,NYSE,NYSE
GLDG,GLDG,GoldMining Inc. Common Shares,NYSE American,NYSE American,NYSE American
GLED,GLED,GalaxyEdge Acquisition Corporation,NYSE,NYSE,NYSE
GLO,GLO,Clough Global Opportunities Fund,NYSE American,NYSE American,NYSE American
GLOB,GLOB,Globant S.A. Common Shares,NYSE,NYSE,NYSE
GLQ,GLQ,Clough Global Equity Fund Clough Global Equity F,NYSE American,NYSE American,NYSE American
GLU,GLU,Gabelli Global Utility Common Shares of Benefici,NYSE American,NYSE American,NYSE American
GLV,GLV,Clough Global Dividend and Income Fund Common Sh,NYSE American,NYSE American,NYSE American
GLW,GLW,Corning Incorporated,NYSE,NYSE,NYSE
GM,GM,General Motors Company,NYSE,NYSE,NYSE
GME,GME,GameStop Corporation,NYSE,NYSE,NYSE
GMED,GMED,"Globus Medical, Inc.",NYSE,NYSE,NYSE
GMRS,GMRS,GMR Solutions Inc.,NYSE,NYSE,NYSE
GMTL,GMTL,Guardian Metal Resources PLC ADS,NYSE American,NYSE American,NYSE American
GNE,GNE,Genie Energy Ltd.,NYSE,NYSE,NYSE
GNK,GNK,Genco Shipping & Trading Limited Ordinary Shares,NYSE,NYSE,NYSE
GNL,GNL,"Global Net Lease, Inc.",NYSE,NYSE,NYSE
GNRC,GNRC,Generac Holdlings Inc.,NYSE,NYSE,NYSE
GNS,GNS,Genius Group Limited,NYSE American,NYSE American,NYSE American
GNT,GNT,"GAMCO Natural Resources, Gold & Income Trust",NYSE,NYSE,NYSE
GNW,GNW,Genworth Financial Inc,NYSE,NYSE,NYSE
GOF,GOF,Guggenheim Strategic Opportunities Fund Common S,NYSE,NYSE,NYSE
GOLD,GOLD,"Gold.com, Inc.",NYSE,NYSE,NYSE
GOLF,GOLF,Acushnet Holdings Corp.,NYSE,NYSE,NYSE
GOOS,GOOS,Canada Goose Holdings Inc. Subordinate Voting Sh,NYSE,NYSE,NYSE
GORO,GORO,Goldgroup Mining Inc. Common Shares,NYSE American,NYSE American,NYSE American
GOTU,GOTU,Gaotu Techedu Inc. American Depositary Shares,NYSE,NYSE,NYSE
GPC,GPC,Genuine Parts Company,NYSE,NYSE,NYSE
GPGI,GPGI,"GPGI, Inc.",NYSE,NYSE,NYSE
GPI,GPI,"Group 1 Automotive, Inc.",NYSE,NYSE,NYSE
GPJA,GPJA,Georgia Power Company Series 2017A 5.00% Junior ,NYSE,NYSE,NYSE
GPK,GPK,Graphic Packaging Holding Company,NYSE,NYSE,NYSE
GPMT,GPMT,Granite Point Mortgage Trust Inc.,NYSE,NYSE,NYSE
GPN,GPN,Global Payments Inc.,NYSE,NYSE,NYSE
GPOR,GPOR,Gulfport Energy Corporation Common Shares,NYSE,NYSE,NYSE
GPRK,GPRK,Geopark Ltd Common Shares,NYSE,NYSE,NYSE
GPUS,GPUS,"Hyperscale Data, Inc.",NYSE American,NYSE American,NYSE American
GRBK,GRBK,"Green Brick Partners, Inc.",NYSE,NYSE,NYSE
GRC,GRC,Gorman-Rupp Company (The),NYSE,NYSE,NYSE
GRDN,GRDN,"Guardian Pharmacy Services, Inc.",NYSE,NYSE,NYSE
GRF,GRF,"Eagle Capital Growth Fund, Inc.",NYSE American,NYSE American,NYSE American
GRMN,GRMN,Garmin Ltd. Common Stock (Switzerland),NYSE,NYSE,NYSE
GRN,GRN,iPath Series B Carbon Exchange-Traded Notes,NYSE Arca,NYSE Arca,NYSE Arca
GRND,GRND,Grindr Inc.,NYSE,NYSE,NYSE
GRNT,GRNT,"Granite Ridge Resources, Inc.",NYSE,NYSE,NYSE
GRO,GRO,Brazil Potash Corp. Common Shares,NYSE American,NYSE American,NYSE American
GROV,GROV,"Grove Collaborative Holdings, Inc.",NYSE,NYSE,NYSE
GROY,GROY,Gold Royalty Corp. Common Shares,NYSE American,NYSE American,NYSE American
GRX,GRX,The Gabelli Healthcare & Wellness Trust Common S,NYSE,NYSE,NYSE
GS,GS,"Goldman Sachs Group, Inc. (The)",NYSE,NYSE,NYSE
GSBD,GSBD,"Goldman Sachs BDC, Inc.",NYSE,NYSE,NYSE
GSK,GSK,GSK plc American Depositary Shares (Each represe,NYSE,NYSE,NYSE
GSL,GSL,Global Ship Lease Inc New,NYSE,NYSE,NYSE
GTE,GTE,Gran Tierra Energy Inc.,NYSE American,NYSE American,NYSE American
GTES,GTES,Gates Industrial Corporation Ltd. Common Shares,NYSE,NYSE,NYSE
GTN,GTN,"Gray Media, Inc.",NYSE,NYSE,NYSE
GTN.A,GTN-A,"Gray Media, Inc.",NYSE,NYSE,NYSE
GTY,GTY,Getty Realty Corporation,NYSE,NYSE,NYSE
GUG,GUG,Guggenheim Active Allocation Fund Common Shares ,NYSE,NYSE,NYSE
GUT,GUT,Gabelli Utility Trust (The),NYSE,NYSE,NYSE
GVA,GVA,Granite Construction Incorporated,NYSE,NYSE,NYSE
GWH,GWH,"ESS Tech, Inc.",NYSE,NYSE,NYSE
GWRE,GWRE,"Guidewire Software, Inc.",NYSE,NYSE,NYSE
GWW,GWW,"W.W. Grainger, Inc.",NYSE,NYSE,NYSE
GXO,GXO,"GXO Logistics, Inc.",NYSE,NYSE,NYSE
H,H,Hyatt Hotels Corporation,NYSE,NYSE,NYSE
HAE,HAE,Haemonetics Corporation,NYSE,NYSE,NYSE
HAFN,HAFN,Hafnia Limited Common Shares,NYSE,NYSE,NYSE
HAL,HAL,Halliburton Company,NYSE,NYSE,NYSE
HASI,HASI,"HA Sustainable Infrastructure Capital, Inc.",NYSE,NYSE,NYSE
HAWK,HAWK,"HawkEye 360, Inc.",NYSE,NYSE,NYSE
HAYW,HAYW,"Hayward Holdings, Inc.",NYSE,NYSE,NYSE
HBB,HBB,Hamilton Beach Brands Holding Company,NYSE,NYSE,NYSE
HBM,HBM,Hudbay Minerals Inc. Ordinary Shares (Canada),NYSE,NYSE,NYSE
HCA,HCA,"HCA Healthcare, Inc.",NYSE,NYSE,NYSE
HCC,HCC,"Warrior Met Coal, Inc.",NYSE,NYSE,NYSE
HCI,HCI,"HCI Group, Inc.",NYSE,NYSE,NYSE
HCWC,HCWC,Healthy Choice Wellness Corp.,NYSE American,NYSE American,NYSE American
HCXY,HCXY,"Hercules Capital, Inc. 6.25% Notes due 2033",NYSE,NYSE,NYSE
HD,HD,"Home Depot, Inc. (The)",NYSE,NYSE,NYSE
HDB,HDB,HDFC Bank Limited,NYSE,NYSE,NYSE
HE,HE,"Hawaiian Electric Industries, Inc.",NYSE,NYSE,NYSE
HEI,HEI,Heico Corporation,NYSE,NYSE,NYSE
HEI.A,HEI-A,Heico Corporation,NYSE,NYSE,NYSE
HEQ,HEQ,John Hancock Diversified Income Fund Common Shar,NYSE,NYSE,NYSE
HESM,HESM,Hess Midstream LP,NYSE,NYSE,NYSE
HFRO,HFRO,Highland Opportunities and Income Fund Common Sh,NYSE,NYSE,NYSE
HG,HG,"Hamilton Insurance Group, Ltd.",NYSE,NYSE,NYSE
HGLB,HGLB,Highland Global Allocation Fund,NYSE,NYSE,NYSE
HGTY,HGTY,"Hagerty, Inc.",NYSE,NYSE,NYSE
HGV,HGV,Hilton Grand Vacations Inc.,NYSE,NYSE,NYSE
HHH,HHH,Howard Hughes Holdings Inc.,NYSE,NYSE,NYSE
HIG,HIG,"The Hartford Insurance Group, Inc.",NYSE,NYSE,NYSE
HII,HII,"Huntington Ingalls Industries, Inc.",NYSE,NYSE,NYSE
HIMS,HIMS,"Hims & Hers Health, Inc.",NYSE,NYSE,NYSE
HIO,HIO,"Western Asset High Income Opportunity Fund, Inc.",NYSE,NYSE,NYSE
HIPO,HIPO,Hippo Holdings Inc.,NYSE,NYSE,NYSE
HIW,HIW,"Highwoods Properties, Inc.",NYSE,NYSE,NYSE
HIX,HIX,Western Asset High Income Fund II Inc.,NYSE,NYSE,NYSE
HKD,HKD,AMTD Digital Inc. American Depositary Shares (ev,NYSE,NYSE,NYSE
HL,HL,Hecla Mining Company,NYSE,NYSE,NYSE
HLF,HLF,Herbalife Ltd. Common Shares,NYSE,NYSE,NYSE
HLI,HLI,"Houlihan Lokey, Inc.",NYSE,NYSE,NYSE
HLIO,HLIO,"Helios Technologies, Inc.",NYSE,NYSE,NYSE
HLLY,HLLY,Holley Inc.,NYSE,NYSE,NYSE
HLN,HLN,Haleon plc American Depositary Shares (Each repr,NYSE,NYSE,NYSE
HLT,HLT,Hilton Worldwide Holdings Inc.,NYSE,NYSE,NYSE
HLX,HLX,"Helix Energy Solutions Group, Inc.",NYSE,NYSE,NYSE
HMC,HMC,"Honda Motor Company, Ltd.",NYSE,NYSE,NYSE
HMN,HMN,Horace Mann Educators Corporation,NYSE,NYSE,NYSE
HMY,HMY,Harmony Gold Mining Company Limited,NYSE,NYSE,NYSE
HNGE,HNGE,"Hinge Health, Inc.",NYSE,NYSE,NYSE
HNI,HNI,HNI Corporation,NYSE,NYSE,NYSE
HOG,HOG,"Harley-Davidson, Inc.",NYSE,NYSE,NYSE
HOMB,HOMB,"Home BancShares, Inc.",NYSE,NYSE,NYSE
HOV,HOV,"Hovnanian Enterprises, Inc.",NYSE,NYSE,NYSE
HP,HP,"Helmerich & Payne, Inc.",NYSE,NYSE,NYSE
HPE,HPE,Hewlett Packard Enterprise Company,NYSE,NYSE,NYSE
HPF,HPF,John Hancock Pfd Income Fund II Pfd Income Fund ,NYSE,NYSE,NYSE
HPI,HPI,John Hancock Preferred Income Fund Common Shares,NYSE,NYSE,NYSE
HPP,HPP,"Hudson Pacific Properties, Inc.",NYSE,NYSE,NYSE
HPQ,HPQ,HP Inc.,NYSE,NYSE,NYSE
HPS,HPS,John Hancock Preferred Income Fund III Preferred,NYSE,NYSE,NYSE
HQH,HQH,abrdn Healthcare Investors Shares of Beneficial ,NYSE,NYSE,NYSE
HQL,HQL,abrdn Life Sciences Investors Shares of Benefici,NYSE,NYSE,NYSE
HR,HR,Healthcare Realty Trust Incorporated,NYSE,NYSE,NYSE
HRB,HRB,"H&R Block, Inc.",NYSE,NYSE,NYSE
HRI,HRI,Herc Holdings Inc.,NYSE,NYSE,NYSE
HRL,HRL,Hormel Foods Corporation,NYSE,NYSE,NYSE
HRTG,HRTG,"Heritage Insurance Holdings, Inc.",NYSE,NYSE,NYSE
HSBC,HSBC,"HSBC Holdings, plc.",NYSE,NYSE,NYSE
HSHP,HSHP,Himalaya Shipping Ltd. Common Shares,NYSE,NYSE,NYSE
HSLV,HSLV,Highlander Silver Corp. Common Shares,NYSE American,NYSE American,NYSE American
HSY,HSY,The Hershey Company,NYSE,NYSE,NYSE
HTB,HTB,"HomeTrust Bancshares, Inc.",NYSE,NYSE,NYSE
HTD,HTD,John Hancock Tax Advantaged Dividend Income Fund,NYSE,NYSE,NYSE
HTFC,HTFC,Horizon Technology Finance Corporation 6.25% Not,NYSE,NYSE,NYSE
HTGC,HTGC,"Hercules Capital, Inc.",NYSE,NYSE,NYSE
HTH,HTH,Hilltop Holdings Inc.,NYSE,NYSE,NYSE
HTT,HTT,High Templar Tech Limited American depositary sh,NYSE,NYSE,NYSE
HUBB,HUBB,Hubbell Inc,NYSE,NYSE,NYSE
HUBS,HUBS,"HubSpot, Inc.",NYSE,NYSE,NYSE
HUM,HUM,Humana Inc.,NYSE,NYSE,NYSE
HUN,HUN,Huntsman Corporation,NYSE,NYSE,NYSE
HUYA,HUYA,"HUYA Inc. American depositary shares, each  repr",NYSE,NYSE,NYSE
HVT,HVT,"Haverty Furniture Companies, Inc.",NYSE,NYSE,NYSE
HVT.A,HVT-A,"Haverty Furniture Companies, Inc.",NYSE,NYSE,NYSE
HWM,HWM,Howmet Aerospace Inc.,NYSE,NYSE,NYSE
HXL,HXL,Hexcel Corporation,NYSE,NYSE,NYSE
HY,HY,"Hyster-Yale, Inc.",NYSE,NYSE,NYSE
HYI,HYI,Western Asset High Yield Opportunity Fund Inc.,NYSE,NYSE,NYSE
HYLN,HYLN,Hyliion Holdings Corp.,NYSE American,NYSE American,NYSE American
HYT,HYT,"Blackrock Corporate High Yield Fund, Inc.",NYSE,NYSE,NYSE
HZO,HZO,"MarineMax, Inc.  (FL)",NYSE,NYSE,NYSE
IAE,IAE,Voya Asia Pacific High Dividend Equity Income Fu,NYSE,NYSE,NYSE
IAF,IAF,"abrdn Australia Equity Fund, Inc.",NYSE American,NYSE American,NYSE American
IAG,IAG,Iamgold Corporation,NYSE,NYSE,NYSE
IAUX,IAUX,i-80 Gold Corp. Common Shares,NYSE American,NYSE American,NYSE American
IBM,IBM,International Business Machines Corporation,NYSE,NYSE,NYSE
IBN,IBN,ICICI Bank Limited,NYSE,NYSE,NYSE
IBO,IBO,"Impact BioMedical, Inc.",NYSE American,NYSE American,NYSE American
IBP,IBP,"Installed Building Products, Inc.",NYSE,NYSE,NYSE
IBTA,IBTA,"Ibotta, Inc.",NYSE,NYSE,NYSE
ICE,ICE,Intercontinental Exchange Inc.,NYSE,NYSE,NYSE
ICL,ICL,ICL Group Ltd.,NYSE,NYSE,NYSE
IDA,IDA,"IDACORP, Inc.",NYSE,NYSE,NYSE
IDE,IDE,"Voya Infrastructure, Industrials and Materials F",NYSE,NYSE,NYSE
IDR,IDR,"Idaho Strategic Resources, Inc.",NYSE American,NYSE American,NYSE American
IDT,IDT,IDT Corporation,NYSE,NYSE,NYSE
IE,IE,Ivanhoe Electric Inc.,NYSE American,NYSE American,NYSE American
IEX,IEX,IDEX Corporation,NYSE,NYSE,NYSE
IFF,IFF,"International Flavors & Fragrances, Inc.",NYSE,NYSE,NYSE
IFN,IFN,"Aberdeen India Fund, Inc.",NYSE,NYSE,NYSE
IFS,IFS,Intercorp Financial Services Inc. Common Shares,NYSE,NYSE,NYSE
IGA,IGA,Voya Global Advantage and Premium Opportunity Fu,NYSE,NYSE,NYSE
IGC,IGC,"IGC Pharma, Inc.",NYSE American,NYSE American,NYSE American
IGD,IGD,Voya Global Equity Dividend and Premium Opportun,NYSE,NYSE,NYSE
IGI,IGI,Western Asset Investment Grade Opportunity Trust,NYSE,NYSE,NYSE
IGR,IGR,CBRE Global Real Estate Income Fund Common Share,NYSE,NYSE,NYSE
IH,IH,"iHuman Inc. American depositary shares, each rep",NYSE,NYSE,NYSE
IHD,IHD,Voya Emerging Markets High Income Dividend Equit,NYSE,NYSE,NYSE
IHG,IHG,Intercontinental Hotels Group American Depositar,NYSE,NYSE,NYSE
IHS,IHS,IHS Holding Limited,NYSE,NYSE,NYSE
IHT,IHT,InnSuites Hospitality Trust Shares of Beneficial,NYSE American,NYSE American,NYSE American
IIF,IIF,"Morgan Stanley India Investment Fund, Inc.",NYSE,NYSE,NYSE
IIIN,IIIN,"Insteel Industries, Inc.",NYSE,NYSE,NYSE
IIM,IIM,Invesco Value Municipal Income Trust,NYSE,NYSE,NYSE
IIPR,IIPR,"Innovative Industrial Properties, Inc.",NYSE,NYSE,NYSE
IMAX,IMAX,Imax Corporation,NYSE,NYSE,NYSE
IMC,IMC,IMC Rare Earths Ltd,NYSE American,NYSE American,NYSE American
IMO,IMO,Imperial Oil Limited,NYSE American,NYSE American,NYSE American
INDO,INDO,Indonesia Energy Corporation Limited,NYSE American,NYSE American,NYSE American
INFQ,INFQ,"Infleqtion, Inc.",NYSE,NYSE,NYSE
INFU,INFU,"InfuSystems Holdings, Inc.",NYSE American,NYSE American,NYSE American
INFY,INFY,Infosys Limited American Depositary Shares,NYSE,NYSE,NYSE
ING,ING,"ING Group, N.V.",NYSE,NYSE,NYSE
INGM,INGM,Ingram Micro Holding Corporation,NYSE,NYSE,NYSE
INGR,INGR,Ingredion Incorporated,NYSE,NYSE,NYSE
INLX,INLX,"Intellinetics, Inc.",NYSE American,NYSE American,NYSE American
INN,INN,"Summit Hotel Properties, Inc.",NYSE,NYSE,NYSE
INR,INR,"Infinity Natural Resources, Inc.",NYSE,NYSE,NYSE
INSP,INSP,"Inspire Medical Systems, Inc.",NYSE,NYSE,NYSE
INSW,INSW,"International Seaways, Inc.",NYSE,NYSE,NYSE
INTT,INTT,inTest Corporation,NYSE American,NYSE American,NYSE American
INUV,INUV,"Inuvo, Inc.",NYSE American,NYSE American,NYSE American
INVH,INVH,Invitation Homes Inc.,NYSE,NYSE,NYSE
INVX,INVX,"Innovex International, Inc.",NYSE,NYSE,NYSE
IONQ,IONQ,"IonQ, Inc.",NYSE,NYSE,NYSE
IOR,IOR,"Income Opportunity Realty Investors, Inc.",NYSE American,NYSE American,NYSE American
IOT,IOT,Samsara Inc.,NYSE,NYSE,NYSE
IP,IP,International Paper Company,NYSE,NYSE,NYSE
IPI,IPI,"Intrepid Potash, Inc",NYSE,NYSE,NYSE
IQI,IQI,Invesco Quality Municipal Income Trust,NYSE,NYSE,NYSE
IQV,IQV,"IQVIA Holdings, Inc.",NYSE,NYSE,NYSE
IR,IR,Ingersoll Rand Inc.,NYSE,NYSE,NYSE
IRAB,IRAB,Iris Acquisition Corp II,NYSE,NYSE,NYSE
IRM,IRM,Iron Mountain Incorporated (Delaware)Common Stoc,NYSE,NYSE,NYSE
IRS,IRS,IRSA Inversiones Y Representaciones S.A. Global ,NYSE,NYSE,NYSE
IRT,IRT,"Independence Realty Trust, Inc.",NYSE,NYSE,NYSE
ISD,ISD,"PGIM High Yield Bond Fund, Inc.",NYSE,NYSE,NYSE
ISOU,ISOU,IsoEnergy Ltd. Common Shares,NYSE American,NYSE American,NYSE American
IT,IT,"Gartner, Inc.",NYSE,NYSE,NYSE
ITGR,ITGR,Integer Holdings Corporation,NYSE,NYSE,NYSE
ITP,ITP,"IT Tech Packaging, Inc.",NYSE American,NYSE American,NYSE American
ITRG,ITRG,Integra Resources Corp. Common Shares,NYSE American,NYSE American,NYSE American
ITT,ITT,ITT Inc.,NYSE,NYSE,NYSE
ITW,ITW,Illinois Tool Works Inc.,NYSE,NYSE,NYSE
IVR,IVR,INVESCO MORTGAGE CAPITAL INC,NYSE,NYSE,NYSE
IVT,IVT,InvenTrust Properties Corp.,NYSE,NYSE,NYSE
IVZ,IVZ,Invesco Ltd,NYSE,NYSE,NYSE
IX,IX,ORIX Corporation American Depositary Shares,NYSE,NYSE,NYSE
J,J,Jacobs Solutions Inc.,NYSE,NYSE,NYSE
JACS,JACS,Jackson Acquisition Company II,NYSE,NYSE,NYSE
JAGU,JAGU,Jaguar Uranium Corp.,NYSE American,NYSE American,NYSE American
JAN,JAN,"Janus Living, Inc.",NYSE,NYSE,NYSE
JBGS,JBGS,JBG SMITH Properties Common Shares,NYSE,NYSE,NYSE
JBI,JBI,"Janus International Group, Inc.",NYSE,NYSE,NYSE
JBK,JBK,Lehman ABS 3.50 3.50% Adjustable Corp Backed Tr ,NYSE,NYSE,NYSE
JBL,JBL,Jabil Inc.,NYSE,NYSE,NYSE
JBS,JBS,JBS N.V.,NYSE,NYSE,NYSE
JBTM,JBTM,JBT Marel Corporation,NYSE,NYSE,NYSE
JCE,JCE,Nuveen Core Equity Alpha Fund Common Shares of B,NYSE,NYSE,NYSE
JCI,JCI,Johnson Controls International plc Ordinary Shar,NYSE,NYSE,NYSE
JEF,JEF,Jefferies Financial Group Inc.,NYSE,NYSE,NYSE
JELD,JELD,"JELD-WEN Holding, Inc.",NYSE,NYSE,NYSE
JENA,JENA,Jena Acquisition Corporation II,NYSE,NYSE,NYSE
JFR,JFR,Nuveen Floating Rate Income Fund,NYSE,NYSE,NYSE
JGH,JGH,Nuveen Global High Income Fund Common Shares of ,NYSE,NYSE,NYSE
JHI,JHI,John Hancock Investors Trust,NYSE,NYSE,NYSE
JHS,JHS,John Hancock Income Securities Trust,NYSE,NYSE,NYSE
JHX,JHX,James Hardie Industries plc.,NYSE,NYSE,NYSE
JILL,JILL,"J. Jill, Inc.",NYSE,NYSE,NYSE
JKS,JKS,JinkoSolar Holding Company Limited American Depo,NYSE,NYSE,NYSE
JLL,JLL,Jones Lang LaSalle Incorporated,NYSE,NYSE,NYSE
JLS,JLS,Nuveen Mortgage and Income Fund,NYSE,NYSE,NYSE
JMIA,JMIA,Jumia Technologies AG American Depositary Shares,NYSE,NYSE,NYSE
JMKE,JMKE,Jersey Mike's Subs Inc.,NYSE,NYSE,NYSE
JMM,JMM,Nuveen Multi-Market Income Fund (MA),NYSE,NYSE,NYSE
JNJ,JNJ,Johnson & Johnson,NYSE,NYSE,NYSE
JOB,JOB,GEE Group Inc.,NYSE American,NYSE American,NYSE American
JOBY,JOBY,"Joby Aviation, Inc.",NYSE,NYSE,NYSE
JOE,JOE,St. Joe Company (The),NYSE,NYSE,NYSE
JOF,JOF,Japan Smaller Capitalization Fund Inc,NYSE,NYSE,NYSE
JPC,JPC,Nuveen Preferred & Income Opportunities Fund,NYSE,NYSE,NYSE
JPM,JPM,JP Morgan Chase & Co.,NYSE,NYSE,NYSE
JQC,JQC,Nuveen Credit Strategies Income Fund Shares of B,NYSE,NYSE,NYSE
JRI,JRI,Nuveen Real Asset Income and Growth Fund Common ,NYSE,NYSE,NYSE
JRS,JRS,Nuveen Real Estate Income Fund Common Shares of ,NYSE,NYSE,NYSE
JXN,JXN,Jackson Financial Inc.,NYSE,NYSE,NYSE
KAI,KAI,Kadant Inc,NYSE,NYSE,NYSE
KAPA,KAPA,"Kairos Pharma, Ltd.",NYSE American,NYSE American,NYSE American
KB,KB,KB Financial Group Inc,NYSE,NYSE,NYSE
KBDC,KBDC,"Kayne Anderson BDC, Inc.",NYSE,NYSE,NYSE
KBH,KBH,KB Home,NYSE,NYSE,NYSE
KBR,KBR,"KBR, Inc.",NYSE,NYSE,NYSE
KD,KD,"Kyndryl Holdings, Inc.",NYSE,NYSE,NYSE
KEN,KEN,Kenon Holdings Ltd.,NYSE,NYSE,NYSE
KEP,KEP,Korea Electric Power Corporation,NYSE,NYSE,NYSE
KEX,KEX,Kirby Corporation,NYSE,NYSE,NYSE
KEY,KEY,KeyCorp,NYSE,NYSE,NYSE
KEYS,KEYS,Keysight Technologies Inc.,NYSE,NYSE,NYSE
KF,KF,"Korea Fund, Inc. (The) New",NYSE,NYSE,NYSE
KFRC,KFRC,"Kforce, Inc.",NYSE,NYSE,NYSE
KFY,KFY,Korn Ferry,NYSE,NYSE,NYSE
KGC,KGC,Kinross Gold Corporation,NYSE,NYSE,NYSE
KGS,KGS,"Kodiak Gas Services, Inc.",NYSE,NYSE,NYSE
KIM,KIM,Kimco Realty Corporation (HC),NYSE,NYSE,NYSE
KIO,KIO,KKR Income Opportunities Fund Common Shares,NYSE,NYSE,NYSE
KKR,KKR,KKR & Co. Inc.,NYSE,NYSE,NYSE
KKRS,KKRS,KKR Group Finance Co. IX LLC 4.625% Subordinated,NYSE,NYSE,NYSE
KKRT,KKRT,KKR & Co. Inc. 6.875% Subordinated Notes due 206,NYSE,NYSE,NYSE
KLAR,KLAR,Klarna Group plc,NYSE,NYSE,NYSE
KLC,KLC,"KinderCare Learning Companies, Inc.",NYSE,NYSE,NYSE
KMI,KMI,"Kinder Morgan, Inc.",NYSE,NYSE,NYSE
KMPB,KMPB,Kemper Corporation 5.875% Fixed-Rate Reset Junio,NYSE,NYSE,NYSE
KMPR,KMPR,Kemper Corporation,NYSE,NYSE,NYSE
KMT,KMT,Kennametal Inc.,NYSE,NYSE,NYSE
KMX,KMX,CarMax Inc,NYSE,NYSE,NYSE
KN,KN,Knowles Corporation,NYSE,NYSE,NYSE
KNF,KNF,Knife Riv Holding Co.,NYSE,NYSE,NYSE
KNRX,KNRX,KNOREX LTD.,NYSE American,NYSE American,NYSE American
KNSL,KNSL,"Kinsale Capital Group, Inc.",NYSE,NYSE,NYSE
KNTK,KNTK,Kinetik Holdings Inc.,NYSE,NYSE,NYSE
KNX,KNX,Knight-Swift Transportation Holdings Inc.,NYSE,NYSE,NYSE
KO,KO,Coca-Cola Company (The),NYSE,NYSE,NYSE
KODK,KODK,Eastman Kodak Company Common New,NYSE,NYSE,NYSE
KOP,KOP,Koppers Holdings Inc.,NYSE,NYSE,NYSE
KOS,KOS,Kosmos Energy Ltd. Common Shares (DE),NYSE,NYSE,NYSE
KPET,KPET,KPET Ultra Paceline Corporation,NYSE,NYSE,NYSE
KR,KR,Kroger Company (The),NYSE,NYSE,NYSE
KRC,KRC,Kilroy Realty Corporation,NYSE,NYSE,NYSE
KREF,KREF,KKR Real Estate Finance Trust Inc.,NYSE,NYSE,NYSE
KRG,KRG,Kite Realty Group Trust,NYSE,NYSE,NYSE
KRMN,KRMN,Karman Holdings Inc.,NYSE,NYSE,NYSE
KRO,KRO,Kronos Worldwide Inc,NYSE,NYSE,NYSE
KRSP,KRSP,Rice Acquisition Corporation 3,NYSE,NYSE,NYSE
KSS,KSS,Kohl's Corporation,NYSE,NYSE,NYSE
KT,KT,KT Corporation,NYSE,NYSE,NYSE
KTB,KTB,"Kontoor Brands, Inc.",NYSE,NYSE,NYSE
KTF,KTF,DWS Municipal Income Trust,NYSE,NYSE,NYSE
KTH,KTH,Structures Products Cp 8% CorTS Issued by Peco E,NYSE,NYSE,NYSE
KTN,KTN,Structured Products Corp 8.205% CorTS 8.205% Cor,NYSE,NYSE,NYSE
KULR,KULR,"KULR Technology Group, Inc.",NYSE American,NYSE American,NYSE American
KVUE,KVUE,Kenvue Inc.,NYSE,NYSE,NYSE
KVYO,KVYO,"Klaviyo, Inc. Series A",NYSE,NYSE,NYSE
KWR,KWR,Quaker Houghton,NYSE,NYSE,NYSE
KWY,KWY,Kingsway Corporation,NYSE,NYSE,NYSE
KYN,KYN,"Kayne Anderson Energy Infrastructure Fund, Inc.",NYSE,NYSE,NYSE
L,L,Loews Corporation,NYSE,NYSE,NYSE
LAC,LAC,Lithium Americas Corp. Common Shares,NYSE,NYSE,NYSE
LAD,LAD,"Lithia Motors, Inc.",NYSE,NYSE,NYSE
LADR,LADR,Ladder Capital Corp,NYSE,NYSE,NYSE
LANV,LANV,Lanvin Group Holdings Limited,NYSE,NYSE,NYSE
LAR,LAR,Lithium Argentina AG Common Shares,NYSE,NYSE,NYSE
LAW,LAW,"CS Disco, Inc.",NYSE,NYSE,NYSE
LAZ,LAZ,"Lazard, Inc.",NYSE,NYSE,NYSE
LB,LB,LandBridge Company LLC,NYSE,NYSE,NYSE
LBRT,LBRT,Liberty Energy Inc.,NYSE,NYSE,NYSE
LCII,LCII,LCI Industries,NYSE,NYSE,NYSE
LCLN,LCLN,"Lincoln International, Inc.",NYSE,NYSE,NYSE
LCTX,LCTX,"Lineage Cell Therapeutics, Inc.",NYSE American,NYSE American,NYSE American
LDI,LDI,"loanDepot, Inc.",NYSE,NYSE,NYSE
LDOS,LDOS,"Leidos Holdings, Inc.",NYSE,NYSE,NYSE
LDP,LDP,Cohen & Steers Limited Duration Preferred and In,NYSE,NYSE,NYSE
LEA,LEA,Lear Corporation,NYSE,NYSE,NYSE
LEG,LEG,"Leggett & Platt, Incorporated",NYSE,NYSE,NYSE
LEGO,LEGO,Legato Merger Corp. IV,NYSE American,NYSE American,NYSE American
LEN,LEN,Lennar Corporation,NYSE,NYSE,NYSE
LEN.B,LEN-B,Lennar Corporation,NYSE,NYSE,NYSE
LEO,LEO,"BNY Mellon Strategic Municipals, Inc.",NYSE,NYSE,NYSE
LEU,LEU,Centrus Energy Corp.,NYSE,NYSE,NYSE
LEVI,LEVI,Levi Strauss & Co,NYSE,NYSE,NYSE
LFT,LFT,"Lument Finance Trust, Inc.",NYSE,NYSE,NYSE
LGCY,LGCY,Legacy Education Inc.,NYSE American,NYSE American,NYSE American
LGI,LGI,Lazard Global Total Return and Income Fund,NYSE,NYSE,NYSE
LGL,LGL,"LGL Group, Inc. (The)",NYSE American,NYSE American,NYSE American
LGPS,LGPS,LogProstyle Inc. Common Shares,NYSE American,NYSE American,NYSE American
LH,LH,Labcorp Holdings Inc.,NYSE,NYSE,NYSE
LHX,LHX,"L3Harris Technologies, Inc.",NYSE,NYSE,NYSE
LII,LII,"Lennox International, Inc.",NYSE,NYSE,NYSE
LION,LION,Lionsgate Studios Corp Common Shares,NYSE,NYSE,NYSE
LITB,LITB,"LightInTheBox Holding Co., Ltd. American Deposit",NYSE,NYSE,NYSE
LLY,LLY,Eli Lilly and Company,NYSE,NYSE,NYSE
LMND,LMND,"Lemonade, Inc.",NYSE,NYSE,NYSE
LMT,LMT,Lockheed Martin Corporation,NYSE,NYSE,NYSE
LNC,LNC,Lincoln National Corporation,NYSE,NYSE,NYSE
LND,LND,Brasilagro Brazilian Agric Real Estate Co Sponso,NYSE,NYSE,NYSE
LNG,LNG,"Cheniere Energy, Inc.",NYSE,NYSE,NYSE
LNN,LNN,Lindsay Corporation,NYSE,NYSE,NYSE
LOAR,LOAR,Loar Holdings Inc.,NYSE,NYSE,NYSE
LOB,LOB,"Live Oak Bancshares, Inc.",NYSE,NYSE,NYSE
LOCL,LOCL,Local Bounti Corporation,NYSE,NYSE,NYSE
LODE,LODE,Comstock Inc.,NYSE American,NYSE American,NYSE American
LOMA,LOMA,Loma Negra Compania Industrial Argentina Socieda,NYSE,NYSE,NYSE
LOW,LOW,"Lowe's Companies, Inc.",NYSE,NYSE,NYSE
LPA,LPA,Logistic Properties of the Americas,NYSE American,NYSE American,NYSE American
LPG,LPG,Dorian LPG Ltd.,NYSE,NYSE,NYSE
LPL,LPL,"LG Display Co, Ltd AMERICAN DEPOSITORY SHARES",NYSE,NYSE,NYSE
LPX,LPX,Louisiana-Pacific Corporation,NYSE,NYSE,NYSE
LRN,LRN,"Stride, Inc.",NYSE,NYSE,NYSE
LSF,LSF,"Laird Superfood, Inc.",NYSE American,NYSE American,NYSE American
LSPD,LSPD,Lightspeed Commerce Inc. Subordinate Voting Shar,NYSE,NYSE,NYSE
LTC,LTC,"LTC Properties, Inc.",NYSE,NYSE,NYSE
LTH,LTH,"Life Time Group Holdings, Inc.",NYSE,NYSE,NYSE
LTM,LTM,LATAM Airlines Group S.A. American Depositary Sh,NYSE,NYSE,NYSE
LU,LU,"Lufax Holding Ltd American Depositary Shares, ea",NYSE,NYSE,NYSE
LUCK,LUCK,Lucky Strike Entertainment Corporation,NYSE,NYSE,NYSE
LUD,LUD,Luda Technology Group Limited,NYSE American,NYSE American,NYSE American
LUMN,LUMN,"Lumen Technologies, Inc.",NYSE,NYSE,NYSE
LUV,LUV,Southwest Airlines Company,NYSE,NYSE,NYSE
LUXE,LUXE,"LuxExperience B.V. American Depositary Shares, e",NYSE,NYSE,NYSE
LVS,LVS,Las Vegas Sands Corp.,NYSE,NYSE,NYSE
LVWR,LVWR,"LiveWire Group, Inc.",NYSE,NYSE,NYSE
LW,LW,"Lamb Weston Holdings, Inc.",NYSE,NYSE,NYSE
LXFR,LXFR,Luxfer Holdings PLC,NYSE,NYSE,NYSE
LXP,LXP,LXP Industrial Trust Common Stock (Maryland REIT,NYSE,NYSE,NYSE
LXU,LXU,"LSB Industries, Inc.",NYSE,NYSE,NYSE
LYB,LYB,LyondellBasell Industries NV Ordinary Shares,NYSE,NYSE,NYSE
LYG,LYG,Lloyds Banking Group Plc American Depositary Sha,NYSE,NYSE,NYSE
LYV,LYV,"Live Nation Entertainment, Inc.",NYSE,NYSE,NYSE
LZB,LZB,La-Z-Boy Incorporated,NYSE,NYSE,NYSE
LZM,LZM,Lifezone Metals Limited,NYSE,NYSE,NYSE
M,M,Macy's Inc,NYSE,NYSE,NYSE
MA,MA,Mastercard Incorporated,NYSE,NYSE,NYSE
MAA,MAA,"Mid-America Apartment Communities, Inc.",NYSE,NYSE,NYSE
MAC,MAC,Macerich Company (The),NYSE,NYSE,NYSE
MAGN,MAGN,Magnera Corporation,NYSE,NYSE,NYSE
MAIA,MAIA,"MAIA Biotechnology, Inc.",NYSE American,NYSE American,NYSE American
MAIN,MAIN,Main Street Capital Corporation,NYSE,NYSE,NYSE
MAIR,MAIR,Madison Air Solutions Corporation,NYSE,NYSE,NYSE
MAN,MAN,ManpowerGroup,NYSE,NYSE,NYSE
MANE,MANE,"Veradermics, Incorporated",NYSE,NYSE,NYSE
MANU,MANU,Manchester United Ltd.,NYSE,NYSE,NYSE
MAS,MAS,Masco Corporation,NYSE,NYSE,NYSE
MATV,MATV,"Mativ Holdings, Inc.",NYSE,NYSE,NYSE
MATX,MATX,"Matson, Inc.",NYSE,NYSE,NYSE
MAX,MAX,"MediaAlpha, Inc.",NYSE,NYSE,NYSE
MBC,MBC,"MasterBrand, Inc.",NYSE,NYSE,NYSE
MBGL,MBGL,Mobility Global Inc.,NYSE,NYSE,NYSE
MBI,MBI,MBIA Inc.,NYSE,NYSE,NYSE
MC,MC,Moelis & Company,NYSE,NYSE,NYSE
MCB,MCB,Metropolitan Bank Holding Corp.,NYSE,NYSE,NYSE
MCD,MCD,McDonald's Corporation,NYSE,NYSE,NYSE
MCI,MCI,Barings Corporate Investors,NYSE,NYSE,NYSE
MCK,MCK,McKesson Corporation,NYSE,NYSE,NYSE
MCN,MCN,XAI Madison Equity Premium Income Fund Common Sh,NYSE,NYSE,NYSE
MCO,MCO,Moody's Corporation,NYSE,NYSE,NYSE
MCRP,MCRP,Micropolis AI Robotics,NYSE American,NYSE American,NYSE American
MCS,MCS,Marcus Corporation (The),NYSE,NYSE,NYSE
MCY,MCY,Mercury General Corporation,NYSE,NYSE,NYSE
MD,MD,"Pediatrix Medical Group, Inc.",NYSE,NYSE,NYSE
MDA,MDA,MDA Space Ltd. Common Shares,NYSE,NYSE,NYSE
MDT,MDT,Medtronic plc.,NYSE,NYSE,NYSE
MDU,MDU,"MDU Resources Group, Inc. Common Stock (Holding ",NYSE,NYSE,NYSE
MEC,MEC,"Mayville Engineering Company, Inc.",NYSE,NYSE,NYSE
MED,MED,MEDIFAST INC,NYSE,NYSE,NYSE
MEGI,MEGI,NYLI CBRE Global Infrastructure Megatrends Term ,NYSE,NYSE,NYSE
MEI,MEI,"Methode Electronics, Inc.",NYSE,NYSE,NYSE
MET,MET,"MetLife, Inc.",NYSE,NYSE,NYSE
MFA,MFA,"MFA Financial, Inc.",NYSE,NYSE,NYSE
MFAN,MFAN,"MFA Financial, Inc. 8.875% Senior Notes due 2029",NYSE,NYSE,NYSE
MFAO,MFAO,"MFA Financial, Inc. 9.000% Senior Notes due 2029",NYSE,NYSE,NYSE
MFC,MFC,Manulife Financial Corporation,NYSE,NYSE,NYSE
MFG,MFG,"Mizuho Financial Group, Inc. Sponosred ADR (Japa",NYSE,NYSE,NYSE
MFM,MFM,Aberdeen Municipal Income Fund Common Shares of ,NYSE,NYSE,NYSE
MG,MG,Mistras Group Inc,NYSE,NYSE,NYSE
MGA,MGA,"Magna International, Inc.",NYSE,NYSE,NYSE
MGF,MGF,Aberdeen Government Markets Income Fund Common S,NYSE,NYSE,NYSE
MGLD,MGLD,"The Marygold Companies, Inc.",NYSE American,NYSE American,NYSE American
MGM,MGM,MGM Resorts International,NYSE,NYSE,NYSE
MGR,MGR,"Affiliated Managers Group, Inc. 5.875% Junior Su",NYSE,NYSE,NYSE
MGRB,MGRB,"Affiliated Managers Group, Inc. 4.750% Junior Su",NYSE,NYSE,NYSE
MGRD,MGRD,"Affiliated Managers Group, Inc. 4.200% Junior Su",NYSE,NYSE,NYSE
MGRE,MGRE,"Affiliated Managers Group, Inc. 6.750% Junior Su",NYSE,NYSE,NYSE
MGY,MGY,Magnolia Oil & Gas Corporation,NYSE,NYSE,NYSE
MH,MH,"McGraw Hill, Inc.",NYSE,NYSE,NYSE
MHD,MHD,"Blackrock MuniHoldings Fund, Inc.",NYSE,NYSE,NYSE
MHF,MHF,"Western Asset Municipal High Income Fund, Inc.",NYSE,NYSE,NYSE
MHH,MHH,"Mastech Digital, Inc",NYSE American,NYSE American,NYSE American
MHK,MHK,"Mohawk Industries, Inc.",NYSE,NYSE,NYSE
MHLA,MHLA,"Maiden Holdings, Ltd. 6.625% Notes due 2046",NYSE,NYSE,NYSE
MHNC,MHNC,"Maiden Holdings North America, Ltd. 7.75% Notes ",NYSE,NYSE,NYSE
MHO,MHO,"M/I Homes, Inc.",NYSE,NYSE,NYSE
MI,MI,NFT Limited,NYSE American,NYSE American,NYSE American
MIAX,MIAX,"Miami International Holdings, Inc.",NYSE,NYSE,NYSE
MICC,MICC,The Magnum Ice Cream Company N.V.,NYSE,NYSE,NYSE
MIN,MIN,Aberdeen Intermediate Income Fund Common Shares ,NYSE,NYSE,NYSE
MINE,MINE,Mayfair Gold Corp. Common Shares,NYSE American,NYSE American,NYSE American
MIR,MIR,"Mirion Technologies, Inc.",NYSE,NYSE,NYSE
MITN,MITN,"TPG Mortgage Investment Trust, Inc. 9.500% Senio",NYSE,NYSE,NYSE
MITP,MITP,"TPG Mortgage Investment Trust, Inc. 9.500% Senio",NYSE,NYSE,NYSE
MITQ,MITQ,"Moving iMage Technologies, Inc.",NYSE American,NYSE American,NYSE American
MITT,MITT,"TPG Mortgage Investment Trust, Inc.",NYSE,NYSE,NYSE
MIY,MIY,"Blackrock MuniYield Michigan Quality Fund, Inc.",NYSE,NYSE,NYSE
MKC,MKC,"McCormick & Company, Incorporated",NYSE,NYSE,NYSE
MKC.V,MKC-V,"McCormick & Company, Incorporated",NYSE,NYSE,NYSE
MKL,MKL,Markel Group Inc.,NYSE,NYSE,NYSE
MLI,MLI,"Mueller Industries, Inc.",NYSE,NYSE,NYSE
MLM,MLM,"Martin Marietta Materials, Inc.",NYSE,NYSE,NYSE
MLP,MLP,"Maui Land & Pineapple Company, Inc.",NYSE,NYSE,NYSE
MLR,MLR,"Miller Industries, Inc.",NYSE,NYSE,NYSE
MLSS,MLSS,"Milestone Scientific, Inc.",NYSE American,NYSE American,NYSE American
MMA,MMA,Mixed Martial Arts Group Limited,NYSE American,NYSE American,NYSE American
MMD,MMD,NYLI MacKay DefinedTerm Muni Opportunities Fund ,NYSE,NYSE,NYSE
MMI,MMI,"Marcus & Millichap, Inc.",NYSE,NYSE,NYSE
MMM,MMM,3M Company,NYSE,NYSE,NYSE
MMS,MMS,"Maximus, Inc.",NYSE,NYSE,NYSE
MMT,MMT,Aberdeen Multi-Market Income Fund Common Shares ,NYSE,NYSE,NYSE
MMU,MMU,"Western Asset Managed Municipals Fund, Inc.",NYSE,NYSE,NYSE
MNSO,MNSO,MINISO Group Holding Limited American Depositary,NYSE,NYSE,NYSE
MNTN,MNTN,"MNTN, Inc.",NYSE,NYSE,NYSE
MO,MO,"Altria Group, Inc.",NYSE,NYSE,NYSE
MOD,MOD,Modine Manufacturing Company,NYSE,NYSE,NYSE
MOG.A,MOG-A,Moog Inc.,NYSE,NYSE,NYSE
MOG.B,MOG-B,Moog Inc.,NYSE,NYSE,NYSE
MOGU,MOGU,MOGU Inc. American Depositary Shares (each  repr,NYSE,NYSE,NYSE
MOH,MOH,Molina Healthcare Inc,NYSE,NYSE,NYSE
MOS,MOS,Mosaic Company (The),NYSE,NYSE,NYSE
MOV,MOV,Movado Group Inc.,NYSE,NYSE,NYSE
MP,MP,MP Materials Corp.,NYSE,NYSE,NYSE
MPA,MPA,Blackrock MuniYield Pennsylvania Quality Fund,NYSE,NYSE,NYSE
MPC,MPC,Marathon Petroleum Corporation,NYSE,NYSE,NYSE
MPT,MPT,"Medical Properties Trust, Inc.",NYSE,NYSE,NYSE
MPTI,MPTI,"M-tron Industries, Inc.",NYSE American,NYSE American,NYSE American
MPU,MPU,Mega Matrix Inc.,NYSE American,NYSE American,NYSE American
MPV,MPV,Barings Participation Investors,NYSE,NYSE,NYSE
MQY,MQY,"Blackrock MuniYield Quality Fund, Inc.",NYSE,NYSE,NYSE
MRK,MRK,"Merck & Company, Inc. Common Stock (new)",NYSE,NYSE,NYSE
MRP,MRP,"Millrose Properties, Inc.",NYSE,NYSE,NYSE
MRSH,MRSH,Marsh,NYSE,NYSE,NYSE
MRT,MRT,"Marti Technologies, Inc.",NYSE American,NYSE American,NYSE American
MS,MS,Morgan Stanley,NYSE,NYSE,NYSE
MSA,MSA,MSA Safety Incorporated,NYSE,NYSE,NYSE
MSB,MSB,Mesabi Trust,NYSE,NYSE,NYSE
MSC,MSC,Studio City International Holdings Limited Ameri,NYSE,NYSE,NYSE
MSCI,MSCI,MSCI Inc.,NYSE,NYSE,NYSE
MSD,MSD,"Morgan Stanley Emerging Markets Debt Fund, Inc.",NYSE,NYSE,NYSE
MSDL,MSDL,Morgan Stanley Direct Lending Fund,NYSE,NYSE,NYSE
MSGE,MSGE,Madison Square Garden Entertainment Corp.,NYSE,NYSE,NYSE
MSGS,MSGS,Madison Square Garden Sports Corp.,NYSE,NYSE,NYSE
MSI,MSI,"Motorola Solutions, Inc.",NYSE,NYSE,NYSE
MSIF,MSIF,"MSC Income Fund, Inc.",NYSE,NYSE,NYSE
MSM,MSM,"MSC Industrial Direct Company, Inc.",NYSE,NYSE,NYSE
MSN,MSN,Emerson Radio Corporation,NYSE American,NYSE American,NYSE American
MT,MT,Arcelor Mittal NY Registry Shares NEW,NYSE,NYSE,NYSE
MTA,MTA,Metalla Royalty & Streaming Ltd. Common Shares,NYSE American,NYSE American,NYSE American
MTAL,MTAL,Metals Acquisition Corp. II,NYSE,NYSE,NYSE
MTB,MTB,M&T Bank Corporation,NYSE,NYSE,NYSE
MTD,MTD,"Mettler-Toledo International, Inc.",NYSE,NYSE,NYSE
MTDR,MTDR,Matador Resources Company,NYSE,NYSE,NYSE
MTG,MTG,MGIC Investment Corporation,NYSE,NYSE,NYSE
MTH,MTH,Meritage Homes Corporation,NYSE,NYSE,NYSE
MTN,MTN,"Vail Resorts, Inc.",NYSE,NYSE,NYSE
MTNB,MTNB,"Matinas Biopharma Holdings, Inc.",NYSE American,NYSE American,NYSE American
MTNE,MTNE,CH4 Natural Solutions Corporation,NYSE,NYSE,NYSE
MTR,MTR,Mesa Royalty Trust,NYSE,NYSE,NYSE
MTRN,MTRN,Materion Corporation,NYSE,NYSE,NYSE
MTUS,MTUS,Metallus Inc. Common Shares,NYSE,NYSE,NYSE
MTW,MTW,"Manitowoc Company, Inc. (The)",NYSE,NYSE,NYSE
MTX,MTX,Minerals Technologies Inc.,NYSE,NYSE,NYSE
MTZ,MTZ,"MasTec, Inc.",NYSE,NYSE,NYSE
MUA,MUA,"Blackrock MuniAssets Fund, Inc",NYSE,NYSE,NYSE
MUC,MUC,"Blackrock MuniHoldings California Quality Fund, ",NYSE,NYSE,NYSE
MUFG,MUFG,"Mitsubishi UFJ Financial Group, Inc.",NYSE,NYSE,NYSE
MUJ,MUJ,"Blackrock MuniHoldings New Jersey Quality Fund, ",NYSE,NYSE,NYSE
MUR,MUR,Murphy Oil Corporation,NYSE,NYSE,NYSE
MUSA,MUSA,Murphy USA Inc.,NYSE,NYSE,NYSE
MUX,MUX,McEwen Inc.,NYSE,NYSE,NYSE
MWA,MWA,MUELLER WATER PRODUCTS,NYSE,NYSE,NYSE
MWG,MWG,Multi Ways Holdings Limited,NYSE American,NYSE American,NYSE American
MX,MX,Magnachip Semiconductor Corporation,NYSE,NYSE,NYSE
MXC,MXC,Mexco Energy Corporation,NYSE American,NYSE American,NYSE American
MXE,MXE,"Mexico Equity and Income Fund, Inc. (The)",NYSE,NYSE,NYSE
MXF,MXF,"Mexico Fund, Inc. (The)",NYSE,NYSE,NYSE
MYE,MYE,"Myers Industries, Inc.",NYSE,NYSE,NYSE
MYI,MYI,"Blackrock MuniYield Quality Fund III, Inc",NYSE,NYSE,NYSE
MYN,MYN,"Blackrock MuniYield New York Quality Fund, Inc.C",NYSE,NYSE,NYSE
MYND,MYND,"Mynd.ai, Inc. American Depositary Shares",NYSE American,NYSE American,NYSE American
MYO,MYO,Myomo Inc.,NYSE American,NYSE American,NYSE American
MZYX,MZYX,MOZAYYX Acquisition Corp.,NYSE,NYSE,NYSE
NABL,NABL,"N-able, Inc.",NYSE,NYSE,NYSE
NAC,NAC,Nuveen California Quality Municipal Income Fund,NYSE,NYSE,NYSE
NAD,NAD,Nuveen Quality Municipal Income Fund,NYSE,NYSE,NYSE
NAK,NAK,"Northern Dynasty Minerals, Ltd.",NYSE American,NYSE American,NYSE American
NAT,NAT,Nordic American Tankers Limited,NYSE,NYSE,NYSE
NATL,NATL,NCR Atleos Corporation,NYSE,NYSE,NYSE
NAZ,NAZ,Nuveen Arizona Quality Municipal Income Fund,NYSE,NYSE,NYSE
NBB,NBB,Nuveen Taxable Municipal Income Fund Common Shar,NYSE,NYSE,NYSE
NBH,NBH,Neuberger Municipal Fund Inc.,NYSE American,NYSE American,NYSE American
NBHC,NBHC,National Bank Holdings Corporation,NYSE,NYSE,NYSE
NBR,NBR,Nabors Industries Ltd.,NYSE,NYSE,NYSE
NBXG,NBXG,Neuberger Next Generation Connectivity Fund Inc.,NYSE,NYSE,NYSE
NC,NC,"NACCO Industries, Inc.",NYSE,NYSE,NYSE
NCA,NCA,Nuveen California Municipal Value Fund,NYSE,NYSE,NYSE
NCDL,NCDL,Nuveen Churchill Direct Lending Corp.,NYSE,NYSE,NYSE
NCL,NCL,Northann Corp.,NYSE American,NYSE American,NYSE American
NCLH,NCLH,Norwegian Cruise Line Holdings Ltd.,NYSE,NYSE,NYSE
NCV,NCV,Virtus Convertible & Income Fund Common Shares o,NYSE,NYSE,NYSE
NCZ,NCZ,Virtus Convertible & Income Fund II Common Share,NYSE,NYSE,NYSE
NDMO,NDMO,Nuveen Dynamic Municipal Opportunities Fund Comm,NYSE,NYSE,NYSE
NE,NE,Noble Corporation plc A,NYSE,NYSE,NYSE
NEA,NEA,Nuveen AMT-Free Quality Municipal Income Fund Co,NYSE,NYSE,NYSE
NEE,NEE,"NextEra Energy, Inc.",NYSE,NYSE,NYSE
NEM,NEM,Newmont Corporation,NYSE,NYSE,NYSE
NET,NET,"Cloudflare, Inc.",NYSE,NYSE,NYSE
NEU,NEU,NewMarket Corp,NYSE,NYSE,NYSE
NEWP,NEWP,New Pacific Metals Corp. Common Shares,NYSE American,NYSE American,NYSE American
NEXA,NEXA,Nexa Resources S.A. Common Shares,NYSE,NYSE,NYSE
NFG,NFG,National Fuel Gas Company,NYSE,NYSE,NYSE
NFGC,NFGC,New Found Gold Corp Common Shares,NYSE American,NYSE American,NYSE American
NFJ,NFJ,"Virtus Dividend, Interest & Premium Strategy Fun",NYSE,NYSE,NYSE
NG,NG,Novagold Resources Inc.,NYSE American,NYSE American,NYSE American
NGG,NGG,"National Grid Transco, PLC National Grid PLC (NE",NYSE,NYSE,NYSE
NGS,NGS,"Natural Gas Services Group, Inc.",NYSE,NYSE,NYSE
NGVC,NGVC,"Natural Grocers by Vitamin Cottage, Inc.",NYSE,NYSE,NYSE
NGVT,NGVT,Ingevity Corporation,NYSE,NYSE,NYSE
NHC,NHC,National HealthCare Corporation,NYSE American,NYSE American,NYSE American
NHI,NHI,"National Health Investors, Inc.",NYSE,NYSE,NYSE
NHS,NHS,Neuberger High Yield Strategies Fund Inc.,NYSE American,NYSE American,NYSE American
NI,NI,NiSource Inc,NYSE,NYSE,NYSE
NIC,NIC,Nicolet Bankshares Inc.,NYSE,NYSE,NYSE
NIE,NIE,Virtus Equity & Convertible Income Fund Common S,NYSE,NYSE,NYSE
NIM,NIM,Nuveen Select Maturities Municipal Fund,NYSE,NYSE,NYSE
NINE,NINE,"Nine Energy Service, Inc.",NYSE American,NYSE American,NYSE American
NIO,NIO,"NIO Inc. American depositary shares, each  repre",NYSE,NYSE,NYSE
NIQ,NIQ,NIQ Global Intelligence plc,NYSE,NYSE,NYSE
NJR,NJR,NewJersey Resources Corporation,NYSE,NYSE,NYSE
NKE,NKE,"Nike, Inc.",NYSE,NYSE,NYSE
NKX,NKX,Nuveen California AMT-Free Quality Municipal Inc,NYSE,NYSE,NYSE
NL,NL,"NLI Holdings, Inc.",NYSE,NYSE,NYSE
NLOP,NLOP,Net Lease Office Properties Common Shares of Ben,NYSE,NYSE,NYSE
NLY,NLY,Annaly Capital Management Inc.,NYSE,NYSE,NYSE
NMAI,NMAI,Nuveen Multi-Asset Income Fund Common Shares of ,NYSE,NYSE,NYSE
NMAX,NMAX,"Newsmax, Inc.",NYSE,NYSE,NYSE
NMCO,NMCO,Nuveen Municipal Credit Opportunities Fund Commo,NYSE,NYSE,NYSE
NMG,NMG,Nouveau Monde Graphite Inc. Common Shares,NYSE,NYSE,NYSE
NMI,NMI,"Nuveen Municipal Income Fund, Inc.",NYSE,NYSE,NYSE
NML,NML,Neuberger Energy Infrastructure and Income Fund ,NYSE American,NYSE American,NYSE American
NMR,NMR,Nomura Holdings Inc ADR American Depositary Shar,NYSE,NYSE,NYSE
NMS,NMS,Nuveen Minnesota Quality Municipal Income Fund,NYSE,NYSE,NYSE
NMT,NMT,Nuveen Massachusetts Quality Municipal Income Fu,NYSE,NYSE,NYSE
NMZ,NMZ,Nuveen Municipal High Income Opportunity Fund Co,NYSE,NYSE,NYSE
NNI,NNI,"Nelnet, Inc.",NYSE,NYSE,NYSE
NNN,NNN,"NNN REIT, Inc.",NYSE,NYSE,NYSE
NNVC,NNVC,"NanoViricides, Inc.",NYSE American,NYSE American,NYSE American
NNY,NNY,Nuveen New York Municipal Value Fund,NYSE,NYSE,NYSE
NOA,NOA,North American Construction Group Ltd. Common Sh,NYSE,NYSE,NYSE
NOAH,NOAH,Noah Holdings Limited American Depositary Shares,NYSE,NYSE,NYSE
NOC,NOC,Northrop Grumman Corporation,NYSE,NYSE,NYSE
NOG,NOG,"Northern Oil and Gas, Inc.",NYSE,NYSE,NYSE
NOK,NOK,Nokia Corporation Sponsored American Depositary ,NYSE,NYSE,NYSE
NOMD,NOMD,Nomad Foods Limited,NYSE,NYSE,NYSE
NOV,NOV,NOV Inc.,NYSE,NYSE,NYSE
NOW,NOW,"ServiceNow, Inc.",NYSE,NYSE,NYSE
NP,NP,Neptune Insurance Holdings Inc.,NYSE,NYSE,NYSE
NPB,NPB,"Northpointe Bancshares, Inc.",NYSE,NYSE,NYSE
NPCT,NPCT,Nuveen Core Plus Impact Fund Common Shares of Be,NYSE,NYSE,NYSE
NPFD,NPFD,Nuveen Variable Rate Preferred & Income Fund Com,NYSE,NYSE,NYSE
NPK,NPK,"National Presto Industries, Inc.",NYSE,NYSE,NYSE
NPKI,NPKI,NPK International Inc.,NYSE,NYSE,NYSE
NPO,NPO,Enpro Inc.,NYSE,NYSE,NYSE
NPV,NPV,Nuveen Virginia Quality Municipal Income Fund,NYSE,NYSE,NYSE
NPWR,NPWR,NET Power Inc.,NYSE,NYSE,NYSE
NRDY,NRDY,Nerdy Inc.,NYSE,NYSE,NYSE
NREF,NREF,"NexPoint Real Estate Finance, Inc.",NYSE,NYSE,NYSE
NRG,NRG,"NRG Energy, Inc.",NYSE,NYSE,NYSE
NRGV,NRGV,"Energy Vault Holdings, Inc.",NYSE,NYSE,NYSE
NRK,NRK,Nuveen New York AMT-Free Quality Municipal Incom,NYSE,NYSE,NYSE
NRO,NRO,Neuberger Real Estate Securities Income Fund Inc,NYSE American,NYSE American,NYSE American
NRP,NRP,Natural Resource Partners LP Limited Partnership,NYSE,NYSE,NYSE
NRT,NRT,North European Oil Royality Trust,NYSE,NYSE,NYSE
NRUC,NRUC,National Rural Utilities Cooperative Finance Cor,NYSE,NYSE,NYSE
NRXS,NRXS,"Neuraxis, Inc.",NYSE American,NYSE American,NYSE American
NSC,NSC,Norfolk Southern Corporation,NYSE,NYSE,NYSE
NSP,NSP,"Insperity, Inc.",NYSE,NYSE,NYSE
NSRX,NSRX,Nasus Pharma Ltd.,NYSE American,NYSE American,NYSE American
NTB,NTB,Bank of N.T. Butterfield & Son Limited (The) Vot,NYSE,NYSE,NYSE
NTIP,NTIP,"Network-1 Technologies, Inc.",NYSE American,NYSE American,NYSE American
NTR,NTR,Nutrien Ltd. Common Shares,NYSE,NYSE,NYSE
NTST,NTST,NetSTREIT Corp.,NYSE,NYSE,NYSE
NTZ,NTZ,"Natuzzi, S.p.A.",NYSE,NYSE,NYSE
NU,NU,Nu Holdings Ltd.,NYSE,NYSE,NYSE
NUE,NUE,Nucor Corporation,NYSE,NYSE,NYSE
NUS,NUS,"Nu Skin Enterprises, Inc.",NYSE,NYSE,NYSE
NUV,NUV,"Nuveen Municipal Value Fund, Inc.",NYSE,NYSE,NYSE
NUVB,NUVB,Nuvation Bio Inc.,NYSE,NYSE,NYSE
NUW,NUW,Nuveen AMT-Free Municipal Value Fund,NYSE,NYSE,NYSE
NVA,NVA,Nova Minerals Corp,NYSE American,NYSE American,NYSE American
NVG,NVG,Nuveen AMT-Free Municipal Credit Income Fund,NYSE,NYSE,NYSE
NVGS,NVGS,Navigator Holdings Ltd. Ordinary Shares (Marshal,NYSE,NYSE,NYSE
NVO,NVO,Novo Nordisk A/S,NYSE,NYSE,NYSE
NVR,NVR,"NVR, Inc.",NYSE,NYSE,NYSE
NVRI,NVRI,Enviri Corporation,NYSE,NYSE,NYSE
NVS,NVS,Novartis AG,NYSE,NYSE,NYSE
NVST,NVST,Envista Holdings Corporation,NYSE,NYSE,NYSE
NVT,NVT,nVent Electric plc,NYSE,NYSE,NYSE
NWAX,NWAX,New America Acquisition I Corp.,NYSE,NYSE,NYSE
NWG,NWG,"NatWest Group plc American Depositary Shares, (e",NYSE,NYSE,NYSE
NWN,NWN,Northwest Natural Holding Company,NYSE,NYSE,NYSE
NX,NX,Quanex Building Products Corporation,NYSE,NYSE,NYSE
NXB,NXB,NextBoat Inc. Common Stcok,NYSE American,NYSE American,NYSE American
NXDR,NXDR,"Nextdoor Holdings, Inc.",NYSE,NYSE,NYSE
NXDT,NXDT,NexPoint Diversified Real Estate Trust,NYSE,NYSE,NYSE
NXE,NXE,Nexgen Energy Ltd. Common Shares,NYSE,NYSE,NYSE
NXG,NXG,NXG NextGen Infrastructure Income Fund Common Sh,NYSE,NYSE,NYSE
NXP,NXP,Nuveen Select Tax Free Income Portfolio,NYSE,NYSE,NYSE
NXRT,NXRT,"NexPoint Residential Trust, Inc.",NYSE,NYSE,NYSE
NYC,NYC,American Strategic Investment Co.,NYSE,NYSE,NYSE
NYT,NYT,New York Times Company (The),NYSE,NYSE,NYSE
NZF,NZF,Nuveen Municipal Credit Income Fund,NYSE,NYSE,NYSE
O,O,Realty Income Corporation,NYSE,NYSE,NYSE
OBDC,OBDC,Blue Owl Capital Corporation,NYSE,NYSE,NYSE
OBE,OBE,Obsidian Energy Ltd. Common Shares,NYSE American,NYSE American,NYSE American
OBK,OBK,"Origin Bancorp, Inc.",NYSE,NYSE,NYSE
OC,OC,Owens Corning Inc Common Stock New,NYSE,NYSE,NYSE
OCAC,OCAC,Ocean Capital Acquisition Corporation,NYSE,NYSE,NYSE
ODC,ODC,Oil-Dri Corporation Of America,NYSE,NYSE,NYSE
OEC,OEC,Orion S.A. Common Shares,NYSE,NYSE,NYSE
OFG,OFG,OFG Bancorp,NYSE,NYSE,NYSE
OFRM,OFRM,"Once Upon a Farm, PBC",NYSE,NYSE,NYSE
OGC,OGC,OceanaGold Corporation Common Shares,NYSE,NYSE,NYSE
OGE,OGE,OGE Energy Corp,NYSE,NYSE,NYSE
OGEN,OGEN,Oragenics Inc.,NYSE American,NYSE American,NYSE American
OGG,OGG,Osisko Gold Group Inc. Common Shares,NYSE,NYSE,NYSE
OGN,OGN,Organon & Co.,NYSE,NYSE,NYSE
OGS,OGS,"ONE Gas, Inc.",NYSE,NYSE,NYSE
OHI,OHI,"Omega Healthcare Investors, Inc.",NYSE,NYSE,NYSE
OI,OI,"O-I Glass, Inc.",NYSE,NYSE,NYSE
OIA,OIA,Invesco Municipal Income Opportunities Trust,NYSE,NYSE,NYSE
OII,OII,"Oceaneering International, Inc.",NYSE,NYSE,NYSE
OIS,OIS,"Oil States International, Inc.",NYSE,NYSE,NYSE
OKE,OKE,"ONEOK, Inc.",NYSE,NYSE,NYSE
OKLO,OKLO,Oklo Inc.,NYSE,NYSE,NYSE
OLN,OLN,Olin Corporation,NYSE,NYSE,NYSE
OLP,OLP,"One Liberty Properties, Inc.",NYSE,NYSE,NYSE
OMC,OMC,Omnicom Group Inc.,NYSE,NYSE,NYSE
OMF,OMF,"OneMain Holdings, Inc.",NYSE,NYSE,NYSE
ONIT,ONIT,Onity Group Inc.,NYSE,NYSE,NYSE
ONL,ONL,Orion Properties Inc.,NYSE,NYSE,NYSE
ONON,ONON,On Holding AG,NYSE,NYSE,NYSE
ONT,ONT,"Onterris, Inc.",NYSE,NYSE,NYSE
ONTO,ONTO,Onto Innovation Inc.,NYSE,NYSE,NYSE
OOMA,OOMA,"Ooma, Inc.",NYSE,NYSE,NYSE
OPAD,OPAD,Offerpad Solutions Inc.,NYSE,NYSE,NYSE
OPFI,OPFI,OppFi Inc.,NYSE,NYSE,NYSE
OPHC,OPHC,"OptimumBank Holdings, Inc.",NYSE American,NYSE American,NYSE American
OPLN,OPLN,"OPENLANE, Inc.",NYSE,NYSE,NYSE
OPP,OPP,RiverNorth/DoubleLine Strategic Opportunity Fund,NYSE,NYSE,NYSE
OPTT,OPTT,"Ocean Power Technologies, Inc.",NYSE American,NYSE American,NYSE American
OPTU,OPTU,"Optimum Communications, Inc.",NYSE,NYSE,NYSE
OPY,OPY,"Oppenheimer Holdings, Inc.",NYSE,NYSE,NYSE
OR,OR,OR Royalties Inc. Common Shares,NYSE,NYSE,NYSE
ORA,ORA,"Ormat Technologies, Inc.",NYSE,NYSE,NYSE
ORC,ORC,"Orchid Island Capital, Inc.",NYSE,NYSE,NYSE
ORCL,ORCL,Oracle Corporation,NYSE,NYSE,NYSE
ORI,ORI,Old Republic International Corporation,NYSE,NYSE,NYSE
ORN,ORN,"Orion Group Holdings, Inc. Common",NYSE,NYSE,NYSE
OSCR,OSCR,"Oscar Health, Inc.",NYSE,NYSE,NYSE
OSG,OSG,"Octave Specialty Group, Inc.",NYSE,NYSE,NYSE
OSK,OSK,Oshkosh Corporation (Holding Company)Common Stoc,NYSE,NYSE,NYSE
OSTX,OSTX,OS Therapies Incorporated,NYSE American,NYSE American,NYSE American
OTAI,OTAI,Starlink AI Acquisition Corporation,NYSE,NYSE,NYSE
OTF,OTF,Blue Owl Technology Finance Corp.,NYSE,NYSE,NYSE
OTIS,OTIS,Otis Worldwide Corporation,NYSE,NYSE,NYSE
OUT,OUT,OUTFRONT Media Inc.,NYSE,NYSE,NYSE
OVV,OVV,Ovintiv Inc. (DE),NYSE,NYSE,NYSE
OWL,OWL,Blue Owl Capital Inc.,NYSE,NYSE,NYSE
OWLT,OWLT,"Owlet, Inc.",NYSE,NYSE,NYSE
OXM,OXM,"Oxford Industries, Inc.",NYSE,NYSE,NYSE
OXY,OXY,Occidental Petroleum Corporation,NYSE,NYSE,NYSE
P,P,"Everpure, Inc.",NYSE,NYSE,NYSE
PAAS,PAAS,Pan American Silver Corp.,NYSE,NYSE,NYSE
PAC,PAC,"Grupo Aeroportuario Del Pacifico, S.A. B. de C.V",NYSE,NYSE,NYSE
PACK,PACK,Ranpak Holdings Corp,NYSE,NYSE,NYSE
PACS,PACS,"PACS Group, Inc.",NYSE,NYSE,NYSE
PAG,PAG,"Penske Automotive Group, Inc.",NYSE,NYSE,NYSE
PAGS,PAGS,PagSeguro Digital Ltd.,NYSE,NYSE,NYSE
PAI,PAI,Western Asset Investment Grade Income Fund Inc.,NYSE,NYSE,NYSE
PAII,PAII,Pyrophyte Acquisition Corp. II,NYSE,NYSE,NYSE
PAM,PAM,Pampa Energia S.A.,NYSE,NYSE,NYSE
PAPL,PAPL,Pineapple Financial Inc.,NYSE American,NYSE American,NYSE American
PAR,PAR,PAR Technology Corporation,NYSE,NYSE,NYSE
PARR,PARR,"Par Pacific Holdings, Inc.",NYSE,NYSE,NYSE
PATH,PATH,"UiPath, Inc.",NYSE,NYSE,NYSE
PAXS,PAXS,PIMCO Access Income Fund Common Shares of Benefi,NYSE,NYSE,NYSE
PAY,PAY,"Paymentus Holdings, Inc.",NYSE,NYSE,NYSE
PAYC,PAYC,"Paycom Software, Inc.",NYSE,NYSE,NYSE
PB,PB,"Prosperity Bancshares, Inc.",NYSE,NYSE,NYSE
PBA,PBA,Pembina Pipeline Corp. Ordinary Shares (Canada),NYSE,NYSE,NYSE
PBF,PBF,PBF Energy Inc.,NYSE,NYSE,NYSE
PBH,PBH,Prestige Consumer Healthcare Inc.,NYSE,NYSE,NYSE
PBI,PBI,Pitney Bowes Inc.,NYSE,NYSE,NYSE
PBR,PBR,Petroleo Brasileiro S.A. Petrobras ADS,NYSE,NYSE,NYSE
PBT,PBT,Permian Basin Royalty Trust,NYSE,NYSE,NYSE
PCF,PCF,High Income Securities Fund,NYSE,NYSE,NYSE
PCG,PCG,Pacific Gas & Electric Co.,NYSE,NYSE,NYSE
PCM,PCM,"PCM Fund, Inc.",NYSE,NYSE,NYSE
PCN,PCN,Pimco Corporate & Income Strategy Fund,NYSE,NYSE,NYSE
PCOR,PCOR,"Procore Technologies, Inc.",NYSE,NYSE,NYSE
PCQ,PCQ,PIMCO California Municipal Income Fund,NYSE,NYSE,NYSE
PD,PD,"PagerDuty, Inc.",NYSE,NYSE,NYSE
PDCC,PDCC,Pearl Diver Credit Company Inc.,NYSE,NYSE,NYSE
PDI,PDI,PIMCO Dynamic Income Fund,NYSE,NYSE,NYSE
PDM,PDM,"Piedmont Realty Trust, Inc.",NYSE,NYSE,NYSE
PDO,PDO,PIMCO Dynamic Income Opportunities Fund Common S,NYSE,NYSE,NYSE
PDPA,PDPA,Pearl Diver Credit Company Inc. 8.00% Series A P,NYSE,NYSE,NYSE
PDS,PDS,Precision Drilling Corporation,NYSE,NYSE,NYSE
PDT,PDT,John Hancock Premium Dividend Fund,NYSE,NYSE,NYSE
PDX,PDX,PIMCO Dynamic Income Strategy Fund Common Shares,NYSE,NYSE,NYSE
PEB,PEB,Pebblebrook Hotel Trust Common Shares of Benefic,NYSE,NYSE,NYSE
PED,PED,Pedevco Corp.,NYSE American,NYSE American,NYSE American
PEG,PEG,Public Service Enterprise Group Incorporated,NYSE,NYSE,NYSE
PEN,PEN,"Penumbra, Inc.",NYSE,NYSE,NYSE
PEO,PEO,"Adams Natural Resources Fund, Inc.",NYSE,NYSE,NYSE
PERF,PERF,Perfect Corp.,NYSE,NYSE,NYSE
PEW,PEW,GrabAGun Digital Holdings Inc.,NYSE,NYSE,NYSE
PFD,PFD,Flaherty & Crumrine Preferred and Income Fund In,NYSE,NYSE,NYSE
PFE,PFE,"Pfizer, Inc.",NYSE,NYSE,NYSE
PFGC,PFGC,Performance Food Group Company,NYSE,NYSE,NYSE
PFH,PFH,"Prudential Financial, Inc. 4.125% Junior Subordi",NYSE,NYSE,NYSE
PFL,PFL,PIMCO Income Strategy Fund Shares of Beneficial ,NYSE,NYSE,NYSE
PFLA,PFLA,PennantPark Floating Rate Capital Ltd. 7.375% No,NYSE,NYSE,NYSE
PFLT,PFLT,PennantPark Floating Rate Capital Ltd.,NYSE,NYSE,NYSE
PFN,PFN,PIMCO Income Strategy Fund II,NYSE,NYSE,NYSE
PFO,PFO,Flaherty & Crumrine Preferred and Income Opportu,NYSE,NYSE,NYSE
PFS,PFS,"Provident Financial Services, Inc",NYSE,NYSE,NYSE
PFSI,PFSI,"PennyMac Financial Services, Inc.",NYSE,NYSE,NYSE
PG,PG,Procter & Gamble Company (The),NYSE,NYSE,NYSE
PGP,PGP,Pimco Global StocksPlus & Income Fund Common Sha,NYSE,NYSE,NYSE
PGR,PGR,Progressive Corporation (The),NYSE,NYSE,NYSE
PGZ,PGZ,Principal Real Estate Income Fund Common Shares ,NYSE,NYSE,NYSE
PH,PH,Parker-Hannifin Corporation,NYSE,NYSE,NYSE
PHG,PHG,Koninklijke Philips N.V. NY Registry Shares,NYSE,NYSE,NYSE
PHGE,PHGE,BiomX Inc.,NYSE American,NYSE American,NYSE American
PHI,PHI,PLDT Inc. Sponsored ADR,NYSE,NYSE,NYSE
PHIN,PHIN,PHINIA Inc.,NYSE,NYSE,NYSE
PHK,PHK,Pimco High Income Fund,NYSE,NYSE,NYSE
PHM,PHM,"PulteGroup, Inc.",NYSE,NYSE,NYSE
PHR,PHR,"Phreesia, Inc.",NYSE,NYSE,NYSE
PII,PII,Polaris Inc.,NYSE,NYSE,NYSE
PIM,PIM,Franklin Master Intermediate Income Trust Shares,NYSE,NYSE,NYSE
PINE,PINE,"Alpine Income Property Trust, Inc.",NYSE,NYSE,NYSE
PINS,PINS,"Pinterest, Inc.",NYSE,NYSE,NYSE
PIPR,PIPR,Piper Sandler Companies,NYSE,NYSE,NYSE
PJT,PJT,PJT Partners Inc.,NYSE,NYSE,NYSE
PK,PK,Park Hotels & Resorts Inc.,NYSE,NYSE,NYSE
PKE,PKE,Park Aerospace Corp.,NYSE,NYSE,NYSE
PKG,PKG,Packaging Corporation of America,NYSE,NYSE,NYSE
PKX,PKX,POSCO HOLDINGS INC. American Depositary Shares (,NYSE,NYSE,NYSE
PL,PL,Planet Labs PBC,NYSE,NYSE,NYSE
PLAG,PLAG,Planet Green Holdings Corp.,NYSE American,NYSE American,NYSE American
PLD,PLD,"Prologis, Inc.",NYSE,NYSE,NYSE
PLG,PLG,Platinum Group Metals Ltd. Ordinary Shares (Cana,NYSE American,NYSE American,NYSE American
PLGO,PLGO,Pelagos Insurance Capital Limited Common Shares,NYSE,NYSE,NYSE
PLNT,PLNT,"Planet Fitness, Inc.",NYSE,NYSE,NYSE
PLOW,PLOW,"Douglas Dynamics, Inc.",NYSE,NYSE,NYSE
PLUN,PLUN,Plutonian Acquisition Corp II,NYSE,NYSE,NYSE
PLX,PLX,"Protalix BioTherapeutics, Inc. (DE)",NYSE American,NYSE American,NYSE American
PM,PM,Philip Morris International Inc,NYSE,NYSE,NYSE
PMI,PMI,"Picard Medical, Inc.",NYSE American,NYSE American,NYSE American
PML,PML,Pimco Municipal Income Fund II Common Shares of ,NYSE,NYSE,NYSE
PMM,PMM,Franklin Managed Municipal Income Trust Shares o,NYSE,NYSE,NYSE
PMO,PMO,Franklin Municipal Opportunities Trust Shares of,NYSE,NYSE,NYSE
PMT,PMT,PennyMac Mortgage Investment Trust Common Shares,NYSE,NYSE,NYSE
PMTU,PMTU,PennyMac Mortgage Investment Trust 8.50% Senior ,NYSE,NYSE,NYSE
PMTV,PMTV,PennyMac Mortgage Investment Trust 9.00% Senior ,NYSE,NYSE,NYSE
PMTW,PMTW,PennyMac Mortgage Investment Trust 9.00% Senior ,NYSE,NYSE,NYSE
PNC,PNC,"PNC Financial Services Group, Inc. (The)",NYSE,NYSE,NYSE
PNFP,PNFP,"Pinnacle Financial Partners, Inc.",NYSE,NYSE,NYSE
PNI,PNI,Pimco New York Municipal Income Fund II Common S,NYSE,NYSE,NYSE
PNNT,PNNT,PennantPark Investment Corporation,NYSE,NYSE,NYSE
PNR,PNR,Pentair plc. Ordinary Share,NYSE,NYSE,NYSE
PNW,PNW,Pinnacle West Capital Corporation,NYSE,NYSE,NYSE
POAS,POAS,Phaos Technology Holdings (Cayman) Limited,NYSE American,NYSE American,NYSE American
POR,POR,Portland General Electric Co,NYSE,NYSE,NYSE
POST,POST,"Post Holdings, Inc.",NYSE,NYSE,NYSE
PPG,PPG,"PPG Industries, Inc.",NYSE,NYSE,NYSE
PPL,PPL,PPL Corporation,NYSE,NYSE,NYSE
PPT,PPT,Franklin Premier Income Trust Shares of Benefici,NYSE,NYSE,NYSE
PR,PR,Permian Resources Corporation,NYSE,NYSE,NYSE
PRG,PRG,"PROG Holdings, Inc.",NYSE,NYSE,NYSE
PRGO,PRGO,Perrigo Company plc,NYSE,NYSE,NYSE
PRH,PRH,"Prudential Financial, Inc. 5.950% Junior Subordi",NYSE,NYSE,NYSE
PRI,PRI,"Primerica, Inc.",NYSE,NYSE,NYSE
PRIM,PRIM,Primoris Services Corporation,NYSE,NYSE,NYSE
PRK,PRK,Park National Corporation,NYSE American,NYSE American,NYSE American
PRKS,PRKS,United Parks & Resorts Inc.,NYSE,NYSE,NYSE
PRLB,PRLB,"Proto Labs, Inc.",NYSE,NYSE,NYSE
PRM,PRM,"Perimeter Solutions, SA",NYSE,NYSE,NYSE
PRMB,PRMB,Primo Brands Corporation,NYSE,NYSE,NYSE
PRS,PRS,"Prudential Financial, Inc. 5.625% Junior Subordi",NYSE,NYSE,NYSE
PRSU,PRSU,"Pursuit Attractions and Hospitality, Inc.",NYSE,NYSE,NYSE
PRU,PRU,"Prudential Financial, Inc.",NYSE,NYSE,NYSE
PS,PS,Pershing Square Inc.,NYSE,NYSE,NYSE
PSA,PSA,Public Storage,NYSE,NYSE,NYSE
PSBD,PSBD,Palmer Square Capital BDC Inc.,NYSE,NYSE,NYSE
PSF,PSF,"Cohen & Steers Select Preferred and Income Fund,",NYSE,NYSE,NYSE
PSFE,PSFE,Paysafe Limited Common Shares,NYSE,NYSE,NYSE
PSN,PSN,Parsons Corporation,NYSE,NYSE,NYSE
PSO,PSO,"Pearson, Plc",NYSE,NYSE,NYSE
PSQH,PSQH,"PSQ Holdings, Inc.",NYSE,NYSE,NYSE
PSTL,PSTL,"Postal Realty Trust, Inc.",NYSE,NYSE,NYSE
PSUS,PSUS,"Pershing Square USA, Ltd. Common Shares",NYSE,NYSE,NYSE
PSX,PSX,Phillips 66,NYSE,NYSE,NYSE
PTA,PTA,Cohen & Steers Tax-Advantaged Preferred Securiti,NYSE,NYSE,NYSE
PTHS,PTHS,Pelthos Therapeutics Inc.,NYSE American,NYSE American,NYSE American
PTY,PTY,Pimco Corporate & Income Opportunity Fund,NYSE,NYSE,NYSE
PUK,PUK,Prudential Public Limited Company,NYSE,NYSE,NYSE
PUMP,PUMP,ProPetro Holding Corp.,NYSE,NYSE,NYSE
PVH,PVH,PVH Corp.,NYSE,NYSE,NYSE
PW,PW,Power REIT (MD),NYSE American,NYSE American,NYSE American
PWR,PWR,"Quanta Services, Inc.",NYSE,NYSE,NYSE
PXED,PXED,"Phoenix Education Partners, Inc.",NYSE,NYSE,NYSE
PYT,PYT,PPlus Tr GSC-2 Tr Ctf Fltg Rate,NYSE,NYSE,NYSE
PZG,PZG,Paramount Gold Nevada Corp.,NYSE American,NYSE American,NYSE American
Q,Q,"Qnity Electronics, Inc.",NYSE,NYSE,NYSE
QGEN,QGEN,Qiagen N.V. Common Shares,NYSE,NYSE,NYSE
QLEP,QLEP,Quantum Leap Acquisition Corp,NYSE,NYSE,NYSE
QNC,QNC,Quantum eMotion Corp. Common Shares,NYSE American,NYSE American,NYSE American
QRED,QRED,QuasarEdge Acquisition Corporation,NYSE,NYSE,NYSE
QSR,QSR,Restaurant Brands International Inc. Common Shar,NYSE,NYSE,NYSE
QTWO,QTWO,"Q2 Holdings, Inc.",NYSE,NYSE,NYSE
QUAD,QUAD,"Quad Graphics, Inc",NYSE,NYSE,NYSE
QXO,QXO,"QXO, Inc.",NYSE,NYSE,NYSE
R,R,"Ryder System, Inc.",NYSE,NYSE,NYSE
RA,RA,Brookfield Real Assets Income Fund Inc.,NYSE,NYSE,NYSE
RAC,RAC,Rithm Acquisition Corp.,NYSE,NYSE,NYSE
RACE,RACE,Ferrari N.V. Common Shares,NYSE,NYSE,NYSE
RAL,RAL,Ralliant Corporation,NYSE,NYSE,NYSE
RAMP,RAMP,"LiveRamp Holdings, Inc.",NYSE,NYSE,NYSE
RBA,RBA,"RB Global, Inc.",NYSE,NYSE,NYSE
RBC,RBC,RBC Bearings Incorporated,NYSE,NYSE,NYSE
RBLX,RBLX,Roblox Corporation,NYSE,NYSE,NYSE
RBRK,RBRK,"Rubrik, Inc.",NYSE,NYSE,NYSE
RC,RC,Ready Capital Corporation,NYSE,NYSE,NYSE
RCD,RCD,Ready Capital Corporation 9.00% Senior Notes due,NYSE,NYSE,NYSE
RCG,RCG,"RENN Fund, Inc",NYSE American,NYSE American,NYSE American
RCI,RCI,"Rogers Communication, Inc.",NYSE,NYSE,NYSE
RCL,RCL,Royal Caribbean Cruises Ltd.,NYSE,NYSE,NYSE
RCS,RCS,"PIMCO Strategic Income Fund, Inc.",NYSE,NYSE,NYSE
RCUS,RCUS,"Arcus Biosciences, Inc.",NYSE,NYSE,NYSE
RDDT,RDDT,"Reddit, Inc.",NYSE,NYSE,NYSE
RDN,RDN,Radian Group Inc.,NYSE,NYSE,NYSE
RDW,RDW,Redwire Corporation,NYSE,NYSE,NYSE
RDY,RDY,Dr. Reddy's Laboratories Ltd,NYSE,NYSE,NYSE
REA,REA,"Rare Earths Americas, Inc.",NYSE American,NYSE American,NYSE American
REED,REED,"Reed's, Inc.",NYSE American,NYSE American,NYSE American
REF,REF,Reformation Inc.,NYSE,NYSE,NYSE
REI,REI,"Ring Energy, Inc.",NYSE American,NYSE American,NYSE American
RELX,RELX,RELX PLC PLC American Depositary Shares (Each re,NYSE,NYSE,NYSE
REPX,REPX,"Riley Exploration Permian, Inc.",NYSE American,NYSE American,NYSE American
RERE,RERE,ATRenew Inc. American Depositary Shares (every t,NYSE,NYSE,NYSE
RES,RES,"RPC, Inc.",NYSE,NYSE,NYSE
REX,REX,REX American Resources Corporation,NYSE,NYSE,NYSE
REXR,REXR,"Rexford Industrial Realty, Inc.",NYSE,NYSE,NYSE
REZI,REZI,"Resideo Technologies, Inc.",NYSE,NYSE,NYSE
RF,RF,Regions Financial Corporation,NYSE,NYSE,NYSE
RFI,RFI,"Cohen & Steers Total Return Realty Fund, Inc.",NYSE,NYSE,NYSE
RFL,RFL,"Rafael Holdings, Inc.",NYSE,NYSE,NYSE
RFM,RFM,"RiverNorth Flexible Municipal Income Fund, Inc.",NYSE,NYSE,NYSE
RFMZ,RFMZ,"RiverNorth Flexible Municipal Income Fund II, In",NYSE,NYSE,NYSE
RGA,RGA,"Reinsurance Group of America, Incorporated",NYSE,NYSE,NYSE
RGNT,RGNT,Regentis Biomaterials Ltd.,NYSE American,NYSE American,NYSE American
RGR,RGR,"Sturm, Ruger & Company, Inc.",NYSE,NYSE,NYSE
RGT,RGT,"Royce Global Trust, Inc.",NYSE,NYSE,NYSE
RH,RH,RH,NYSE,NYSE,NYSE
RHI,RHI,Robert Half Inc.,NYSE,NYSE,NYSE
RHLD,RHLD,Resolute Holdings Management,NYSE,NYSE,NYSE
RHP,RHP,"Ryman Hospitality Properties, Inc. (REIT)",NYSE,NYSE,NYSE
RIG,RIG,Transocean Ltd (Switzerland),NYSE,NYSE,NYSE
RIO,RIO,Rio Tinto Plc,NYSE,NYSE,NYSE
RITM,RITM,Rithm Capital Corp.,NYSE,NYSE,NYSE
RIV,RIV,"RiverNorth Opportunities Fund, Inc.",NYSE,NYSE,NYSE
RJF,RJF,"Raymond James Financial, Inc.",NYSE,NYSE,NYSE
RKT,RKT,"Rocket Companies, Inc.",NYSE,NYSE,NYSE
RL,RL,Ralph Lauren Corporation,NYSE,NYSE,NYSE
RLGT,RLGT,"Radiant Logistics, Inc.",NYSE American,NYSE American,NYSE American
RLI,RLI,RLI Corp. Common Stock (DE),NYSE,NYSE,NYSE
RLJ,RLJ,RLJ Lodging Trust Common Shares of Beneficial In,NYSE,NYSE,NYSE
RLTY,RLTY,Cohen & Steers Real Estate Opportunities and Inc,NYSE,NYSE,NYSE
RM,RM,Regional Management Corp.,NYSE,NYSE,NYSE
RMAX,RMAX,"RE/MAX Holdings, Inc.",NYSE,NYSE,NYSE
RMD,RMD,ResMed Inc.,NYSE,NYSE,NYSE
RMI,RMI,"RiverNorth Opportunistic Municipal Income Fund, ",NYSE,NYSE,NYSE
RMM,RMM,RiverNorth Managed Duration Municipal Income Fun,NYSE,NYSE,NYSE
RMMZ,RMMZ,RiverNorth Managed Duration Municipal Income Fun,NYSE,NYSE,NYSE
RMT,RMT,"Royce Micro-Cap Trust, Inc.",NYSE,NYSE,NYSE
RNG,RNG,"RingCentral, Inc.",NYSE,NYSE,NYSE
RNGR,RNGR,"Ranger Energy Services, Inc.",NYSE,NYSE,NYSE
RNP,RNP,Cohen & Steers REIT and Preferred and Income Fun,NYSE,NYSE,NYSE
RNR,RNR,RenaissanceRe Holdings Ltd.,NYSE,NYSE,NYSE
RNST,RNST,Renasant Corporation,NYSE,NYSE,NYSE
ROG,ROG,Rogers Corporation,NYSE,NYSE,NYSE
ROK,ROK,"Rockwell Automation, Inc.",NYSE,NYSE,NYSE
ROL,ROL,"Rollins, Inc.",NYSE,NYSE,NYSE
ROLR,ROLR,"High Roller Technologies, Inc.",NYSE American,NYSE American,NYSE American
RPC,RPC,"Ridgepost Capital, Inc.",NYSE,NYSE,NYSE
RPM,RPM,RPM International Inc.,NYSE,NYSE,NYSE
RPT,RPT,Rithm Property Trust Inc.,NYSE,NYSE,NYSE
RQI,RQI,Cohen & Steers Quality Income Realty Fund Inc Co,NYSE,NYSE,NYSE
RRC,RRC,Range Resources Corporation,NYSE,NYSE,NYSE
RRX,RRX,Regal Rexnord Corporation,NYSE,NYSE,NYSE
RS,RS,"Reliance, Inc.",NYSE,NYSE,NYSE
RSF,RSF,RiverNorth Capital and Income Fund,NYSE,NYSE,NYSE
RSG,RSG,"Republic Services, Inc.",NYSE,NYSE,NYSE
RSI,RSI,"Rush Street Interactive, Inc.",NYSE,NYSE,NYSE
RSKD,RSKD,Riskified Ltd.,NYSE,NYSE,NYSE
RTO,RTO,Rentokil Initial plc American Depositary Shares ,NYSE,NYSE,NYSE
RTX,RTX,RTX Corporation,NYSE,NYSE,NYSE
RVI,RVI,Robinhood Ventures Fund I Common Shares of Benef,NYSE,NYSE,NYSE
RVLV,RVLV,"Revolve Group, Inc.",NYSE,NYSE,NYSE
RVP,RVP,"Retractable Technologies, Inc.",NYSE American,NYSE American,NYSE American
RVT,RVT,"Royce Small-Cap Trust, Inc.",NYSE,NYSE,NYSE
RVTY,RVTY,"Revvity, Inc.",NYSE,NYSE,NYSE
RWT,RWT,"Redwood Trust, Inc.",NYSE,NYSE,NYSE
RWTN,RWTN,"Redwood Trust, Inc. 9.125% Senior Notes Due 2029",NYSE,NYSE,NYSE
RWTO,RWTO,"Redwood Trust, Inc. 9.00% Senior Notes Due 2029",NYSE,NYSE,NYSE
RWTP,RWTP,"Redwood Trust, Inc. 9.125% Senior Notes Due 2030",NYSE,NYSE,NYSE
RWTQ,RWTQ,"Redwood Trust, Inc. 9.500% Senior Notes Due 2030",NYSE,NYSE,NYSE
RWTS,RWTS,"Redwood Trust, Inc. 9.75% Senior Notes Due 2031",NYSE,NYSE,NYSE
RXO,RXO,"RXO, Inc.",NYSE,NYSE,NYSE
RY,RY,Royal Bank Of Canada,NYSE,NYSE,NYSE
RYAM,RYAM,Rayonier Advanced Materials Inc.,NYSE,NYSE,NYSE
RYAN,RYAN,"Ryan Specialty Holdings, Inc.",NYSE,NYSE,NYSE
RYDE,RYDE,Ryde Group Ltd.,NYSE American,NYSE American,NYSE American
RYN,RYN,Rayonier Inc. REIT,NYSE,NYSE,NYSE
RYZ,RYZ,Ryerson Holding Corporation,NYSE,NYSE,NYSE
RZC,RZC,"Reinsurance Group of America, Incorporated 7.125",NYSE,NYSE,NYSE
S,S,"SentinelOne, Inc.",NYSE,NYSE,NYSE
SA,SA,"Seabridge Gold, Inc. Common Shares New",NYSE,NYSE,NYSE
SABA,SABA,Saba Capital Income & Opportunities Fund II Shar,NYSE,NYSE,NYSE
SAC,SAC,Safeguard Acquisition Corp.,NYSE,NYSE,NYSE
SACH,SACH,Sachem Capital Corp. Common Shares,NYSE American,NYSE American,NYSE American
SAFE,SAFE,Safehold Inc. New,NYSE,NYSE,NYSE
SAGU,SAGU,Shreya Acquisition Group,NYSE,NYSE,NYSE
SAH,SAH,"Sonic Automotive, Inc.",NYSE,NYSE,NYSE
SAJ,SAJ,Saratoga Investment Corp 8.00% Notes due 2027,NYSE,NYSE,NYSE
SAM,SAM,"Boston Beer Company, Inc. (The)",NYSE,NYSE,NYSE
SAN,SAN,"Banco Santander, S.A. Sponsored ADR (Spain)",NYSE,NYSE,NYSE
SAP,SAP,SAP  SE ADS,NYSE,NYSE,NYSE
SAR,SAR,Saratoga Investment Corp New,NYSE,NYSE,NYSE
SARO,SARO,"StandardAero, Inc.",NYSE,NYSE,NYSE
SAT,SAT,Saratoga Investment Corp 6.00% Notes due 2027,NYSE,NYSE,NYSE
SAV,SAV,Saratoga Investment Corp 7.50% Notes due 2031,NYSE,NYSE,NYSE
SAY,SAY,Saratoga Investment Corp 8.125% Notes due 2027,NYSE,NYSE,NYSE
SAZ,SAZ,Saratoga Investment Corp 8.50% Notes due 2028,NYSE,NYSE,NYSE
SB,SB,"Safe Bulkers, Inc Common Stock ($0.001 par value",NYSE,NYSE,NYSE
SBEV,SBEV,"Splash Beverage Group, Inc. (NV)",NYSE American,NYSE American,NYSE American
SBH,SBH,"Sally Beauty Holdings, Inc. (Name to be changed ",NYSE,NYSE,NYSE
SBI,SBI,Western Asset Intermediate Muni Fund Inc,NYSE,NYSE,NYSE
SBMT,SBMT,Silver Bow Mining Corp. Common Shares,NYSE American,NYSE American,NYSE American
SBR,SBR,Sabine Royalty Trust,NYSE,NYSE,NYSE
SBS,SBS,Companhia de saneamento Basico Do Estado De Sao ,NYSE,NYSE,NYSE
SBSI,SBSI,"Southside Bancshares, Inc.",NYSE,NYSE,NYSE
SBSW,SBSW,D/B/A Sibanye-Stillwater Limited ADS,NYSE,NYSE,NYSE
SBXD,SBXD,SilverBox Corp IV,NYSE,NYSE,NYSE
SBXE,SBXE,SilverBox Corp V,NYSE,NYSE,NYSE
SCCD,SCCD,Sachem Capital Corp. 6.00% Notes due 2026,NYSE American,NYSE American,NYSE American
SCCE,SCCE,Sachem Capital Corp. 6.00% Notes due 2027,NYSE American,NYSE American,NYSE American
SCCF,SCCF,Sachem Capital Corp. 7.125% Notes due 2027,NYSE American,NYSE American,NYSE American
SCCG,SCCG,Sachem Capital Corp. 8.00% Notes due 2027,NYSE American,NYSE American,NYSE American
SCCO,SCCO,Southern Copper Corporation,NYSE,NYSE,NYSE
SCD,SCD,LMP Capital and Income Fund Inc.,NYSE,NYSE,NYSE
SCHW,SCHW,Charles Schwab Corporation (The),NYSE,NYSE,NYSE
SCI,SCI,Service Corporation International,NYSE,NYSE,NYSE
SCL,SCL,Stepan Company,NYSE,NYSE,NYSE
SCM,SCM,Stellus Capital Investment Corporation,NYSE,NYSE,NYSE
SD,SD,"SandRidge Energy, Inc.",NYSE,NYSE,NYSE
SDEV,SDEV,Stablecoin Development Corporation,NYSE American,NYSE American,NYSE American
SDHC,SDHC,Smith Douglas Homes Corp.,NYSE,NYSE,NYSE
SDHY,SDHY,PGIM Short Duration High Yield Opportunities Fun,NYSE,NYSE,NYSE
SDRL,SDRL,Seadrill Limited Common Shares,NYSE,NYSE,NYSE
SE,SE,"Sea Limited American Depositary Shares, each rep",NYSE,NYSE,NYSE
SEB,SEB,Seaboard Corporation,NYSE American,NYSE American,NYSE American
SECZ,SECZ,Securitize Corp.,NYSE,NYSE,NYSE
SEG,SEG,Seaport Entertainment Group Inc.,NYSE,NYSE,NYSE
SEI,SEI,"Solaris Energy Infrastructure, Inc.",NYSE,NYSE,NYSE
SER,SER,"Serina Therapeutics, Inc.",NYSE American,NYSE American,NYSE American
SES,SES,SES AI Corporation,NYSE,NYSE,NYSE
SF,SF,Stifel Financial Corporation,NYSE,NYSE,NYSE
SFB,SFB,Stifel Financial Corporation 5.20% Senior Notes ,NYSE,NYSE,NYSE
SFBS,SFBS,"ServisFirst Bancshares, Inc.",NYSE,NYSE,NYSE
SFL,SFL,SFL Corporation Ltd,NYSE,NYSE,NYSE
SG,SG,"Sweetgreen, Inc.",NYSE,NYSE,NYSE
SGHC,SGHC,Super Group (SGHC) Limited,NYSE,NYSE,NYSE
SGI,SGI,Somnigroup International Inc.,NYSE,NYSE,NYSE
SGU,SGU,Star Group L.P.,NYSE,NYSE,NYSE
SHAK,SHAK,"Shake Shack, Inc.",NYSE,NYSE,NYSE
SHEL,SHEL,Shell PLC American Depositary Shares (each repre,NYSE,NYSE,NYSE
SHG,SHG,Shinhan Financial Group Co Ltd American Deposita,NYSE,NYSE,NYSE
SHO,SHO,"Sunstone Hotel Investors, Inc. Sunstone Hotel In",NYSE,NYSE,NYSE
SHW,SHW,Sherwin-Williams Company (The),NYSE,NYSE,NYSE
SI,SI,"Shoulder Innovations, Inc.",NYSE,NYSE,NYSE
SID,SID,Companhia Siderurgica Nacional S.A.,NYSE,NYSE,NYSE
SIF,SIF,"SIFCO Industries, Inc.",NYSE American,NYSE American,NYSE American
SIG,SIG,Signet Jewelers Limited Common Shares,NYSE,NYSE,NYSE
SII,SII,Sprott Inc. Common Shares,NYSE,NYSE,NYSE
SIM,SIM,"Grupo Simec, S.A.B. de C.V. American Depositary ",NYSE American,NYSE American,NYSE American
SIND,SIND,Sinda Ltd.,NYSE,NYSE,NYSE
SITC,SITC,SITE Centers Corp.,NYSE,NYSE,NYSE
SITE,SITE,"SiteOne Landscape Supply, Inc.",NYSE,NYSE,NYSE
SJM,SJM,The J.M. Smucker Company,NYSE,NYSE,NYSE
SJT,SJT,San Juan Basin Royalty Trust,NYSE,NYSE,NYSE
SKE,SKE,Skeena Resources Limited Common Shares,NYSE,NYSE,NYSE
SKIL,SKIL,Skillsoft Corp.,NYSE,NYSE,NYSE
SKM,SKM,"SK Telecom Co., Ltd.",NYSE,NYSE,NYSE
SKT,SKT,Tanger Inc.,NYSE,NYSE,NYSE
SKY,SKY,"Champion Homes, Inc.",NYSE,NYSE,NYSE
SKYH,SKYH,Sky Harbour Group Corporation,NYSE,NYSE,NYSE
SLB,SLB,SLB Limited Common Shares,NYSE,NYSE,NYSE
SLF,SLF,Sun Life Financial Inc.,NYSE,NYSE,NYSE
SLG,SLG,SL Green Realty Corp,NYSE,NYSE,NYSE
SLGN,SLGN,Silgan Holdings Inc.,NYSE,NYSE,NYSE
SLI,SLI,Standard Lithium Ltd. Common Shares,NYSE American,NYSE American,NYSE American
SLND,SLND,"Southland Holdings, Inc.",NYSE American,NYSE American,NYSE American
SLQT,SLQT,"SelectQuote, Inc.",NYSE,NYSE,NYSE
SLSR,SLSR,Solaris Resources Inc. Common Shares,NYSE American,NYSE American,NYSE American
SLVM,SLVM,Sylvamo Corporation,NYSE,NYSE,NYSE
SM,SM,SM Energy Company,NYSE,NYSE,NYSE
SMA,SMA,"SmartStop Self Storage REIT, Inc.",NYSE,NYSE,NYSE
SMBK,SMBK,"SmartFinancial, Inc.",NYSE,NYSE,NYSE
SMC,SMC,Summit Midstream Corporation,NYSE,NYSE,NYSE
SMFG,SMFG,Sumitomo Mitsui Financial Group Inc Unsponsored ,NYSE,NYSE,NYSE
SMG,SMG,Scotts Miracle-Gro Company (The),NYSE,NYSE,NYSE
SMHI,SMHI,SEACOR Marine Holdings Inc.,NYSE,NYSE,NYSE
SMJF,SMJF,SMJ International Holdings Inc.,NYSE American,NYSE American,NYSE American
SMP,SMP,"Standard Motor Products, Inc.",NYSE,NYSE,NYSE
SMR,SMR,NuScale Power Corporation,NYSE,NYSE,NYSE
SMRT,SMRT,"SmartRent, Inc.",NYSE,NYSE,NYSE
SMWB,SMWB,Similarweb Ltd.,NYSE,NYSE,NYSE
SN,SN,"SharkNinja, Inc.",NYSE,NYSE,NYSE
SNA,SNA,Snap-On Incorporated,NYSE,NYSE,NYSE
SNAP,SNAP,Snap Inc.,NYSE,NYSE,NYSE
SNDA,SNDA,"Sonida Senior Living, Inc.",NYSE,NYSE,NYSE
SNDR,SNDR,"Schneider National, Inc.",NYSE,NYSE,NYSE
SNN,SNN,"Smith & Nephew SNATS, Inc.",NYSE,NYSE,NYSE
SNOW,SNOW,Snowflake Inc.,NYSE,NYSE,NYSE
SNSC,SNSC,SunScout Holding Limited,NYSE American,NYSE American,NYSE American
SNX,SNX,TD SYNNEX Corporation,NYSE,NYSE,NYSE
SO,SO,Southern Company (The),NYSE,NYSE,NYSE
SOAR,SOAR,"Volato Group, Inc.",NYSE American,NYSE American,NYSE American
SOBO,SOBO,South Bow Corporation Common Shares,NYSE,NYSE,NYSE
SOC,SOC,Sable Offshore Corp.,NYSE,NYSE,NYSE
SOJC,SOJC,Southern Company (The) Series 2017B 5.25% Junior,NYSE,NYSE,NYSE
SOJD,SOJD,Southern Company (The) Series 2020A 4.95% Junior,NYSE,NYSE,NYSE
SOJE,SOJE,Southern Company (The) Series 2020C 4.20% Junior,NYSE,NYSE,NYSE
SOJF,SOJF,Southern Company (The) Series 2025A 6.50% Junior,NYSE,NYSE,NYSE
SOLV,SOLV,Solventum Corporation,NYSE,NYSE,NYSE
SON,SON,Sonoco Products Company,NYSE,NYSE,NYSE
SONY,SONY,Sony Group Corporation American Depositary Share,NYSE,NYSE,NYSE
SOR,SOR,"Source Capital, Inc. Cmn Shs of BI",NYSE,NYSE,NYSE
SOS,SOS,SOS Limited,NYSE,NYSE,NYSE
SOUL,SOUL,Soulpower Acquisition Corporation,NYSE,NYSE,NYSE
SPB,SPB,"Spectrum Brands Holdings, Inc.",NYSE,NYSE,NYSE
SPCE,SPCE,"Virgin Galactic Holdings, Inc.",NYSE,NYSE,NYSE
SPE,SPE,"Special Opportunities Fund, Inc",NYSE,NYSE,NYSE
SPG,SPG,"Simon Property Group, Inc.",NYSE,NYSE,NYSE
SPGI,SPGI,S&P Global Inc.,NYSE,NYSE,NYSE
SPH,SPH,"Suburban Propane Partners, L.P.",NYSE,NYSE,NYSE
SPHR,SPHR,Sphere Entertainment Co.,NYSE,NYSE,NYSE
SPIR,SPIR,"Spire Global, Inc.",NYSE,NYSE,NYSE
SPMC,SPMC,"Sound Point Meridian Capital, Inc.",NYSE,NYSE,NYSE
SPNT,SPNT,SiriusPoint Ltd. Common Shares,NYSE,NYSE,NYSE
SPOT,SPOT,Spotify Technology S.A.,NYSE,NYSE,NYSE
SPRU,SPRU,Spruce Power Holding Corporation,NYSE,NYSE,NYSE
SPXC,SPXC,"SPX Technologies, Inc.",NYSE,NYSE,NYSE
SPXX,SPXX,Nuveen S&P 500 Dynamic Overwrite Fund,NYSE,NYSE,NYSE
SQM,SQM,Sociedad Quimica y Minera S.A.,NYSE,NYSE,NYSE
SQNS,SQNS,Sequans Communications S.A. American Depositary ,NYSE,NYSE,NYSE
SR,SR,Spire Inc.,NYSE,NYSE,NYSE
SRE,SRE,DBA Sempra,NYSE,NYSE,NYSE
SREA,SREA,DBA Sempra 5.750% Junior Subordinated Notes due ,NYSE,NYSE,NYSE
SRFM,SRFM,Surf Air Mobility Inc.,NYSE,NYSE,NYSE
SRG,SRG,Seritage Growth Properties,NYSE,NYSE,NYSE
SRI,SRI,"Stoneridge, Inc.",NYSE,NYSE,NYSE
SRJN,SRJN,Spire Inc. 6.375% Junior Subordinated Notes due ,NYSE,NYSE,NYSE
SRL,SRL,Scully Royalty Ltd.,NYSE,NYSE,NYSE
SRV,SRV,NXG Cushing Midstream Energy Fund Common Shares ,NYSE,NYSE,NYSE
SRXH,SRXH,SRX Global Inc.,NYSE American,NYSE American,NYSE American
SSB,SSB,SouthState Bank Corporation,NYSE,NYSE,NYSE
SSD,SSD,"Simpson Manufacturing Company, Inc.",NYSE,NYSE,NYSE
SSL,SSL,Sasol Ltd. American Depositary Shares,NYSE,NYSE,NYSE
SSMR,SSMR,Sunshine Silver Mining & Refining Company,NYSE,NYSE,NYSE
SST,SST,"System1, Inc.",NYSE,NYSE,NYSE
SSTK,SSTK,"Shutterstock, Inc.",NYSE,NYSE,NYSE
ST,ST,Sensata Technologies Holding plc,NYSE,NYSE,NYSE
STAG,STAG,"Stag Industrial, Inc.",NYSE,NYSE,NYSE
STC,STC,Stewart Information Services Corporation,NYSE,NYSE,NYSE
STDN,STDN,"Standard Nuclear, Inc.",NYSE,NYSE,NYSE
STE,STE,STERIS plc (Ireland),NYSE,NYSE,NYSE
STEM,STEM,"Stem, Inc.",NYSE,NYSE,NYSE
STEW,STEW,"SRH Total Return Fund, Inc.",NYSE,NYSE,NYSE
STG,STG,Sunlands Technology Group American Depositary Sh,NYSE,NYSE,NYSE
STK,STK,Columbia Seligman Premium Technology Growth Fund,NYSE,NYSE,NYSE
STLA,STLA,Stellantis N.V. Common Shares,NYSE,NYSE,NYSE
STM,STM,STMicroelectronics N.V.,NYSE,NYSE,NYSE
STN,STN,Stantec Inc,NYSE,NYSE,NYSE
STNG,STNG,Scorpio Tankers Inc. Common Shares,NYSE,NYSE,NYSE
STRW,STRW,"Strawberry Fields REIT, Inc.",NYSE American,NYSE American,NYSE American
STT,STT,State Street Corporation,NYSE,NYSE,NYSE
STUB,STUB,"StubHub Holdings, Inc.",NYSE,NYSE,NYSE
STVN,STVN,Stevanato Group S.p.A.,NYSE,NYSE,NYSE
STWD,STWD,"STARWOOD PROPERTY TRUST, INC. Starwood Property ",NYSE,NYSE,NYSE
STXS,STXS,"Stereotaxis, Inc.",NYSE American,NYSE American,NYSE American
STZ,STZ,"Constellation Brands, Inc.",NYSE,NYSE,NYSE
SU,SU,Suncor Energy  Inc.,NYSE,NYSE,NYSE
SUI,SUI,"Sun Communities, Inc.",NYSE,NYSE,NYSE
SUNB,SUNB,"Sunbelt Rentals Holdings, Inc.",NYSE,NYSE,NYSE
SUPV,SUPV,Grupo Supervielle S.A. American Depositary Share,NYSE,NYSE,NYSE
SUZ,SUZ,Suzano S.A. American Depositary Shares (each rep,NYSE,NYSE,NYSE
SVM,SVM,Silvercorp Metals Inc. Common Shares,NYSE American,NYSE American,NYSE American
SVV,SVV,"Savers Value Village, Inc.",NYSE,NYSE,NYSE
SW,SW,Smurfit WestRock plc,NYSE,NYSE,NYSE
SWK,SWK,"Stanley Black & Decker, Inc.",NYSE,NYSE,NYSE
SWX,SWX,"Southwest Gas Holdings, Inc. Common Stock (DE)",NYSE,NYSE,NYSE
SWZ,SWZ,Total Return Securities Fund,NYSE,NYSE,NYSE
SXC,SXC,"SunCoke Energy, Inc.",NYSE,NYSE,NYSE
SXI,SXI,Standex International Corporation,NYSE,NYSE,NYSE
SXT,SXT,Sensient Technologies Corporation,NYSE,NYSE,NYSE
SYF,SYF,Synchrony Financial,NYSE,NYSE,NYSE
SYK,SYK,Stryker Corporation,NYSE,NYSE,NYSE
SYNX,SYNX,Silynxcom Ltd.,NYSE American,NYSE American,NYSE American
SYY,SYY,Sysco Corporation,NYSE,NYSE,NYSE
T,T,AT&T Inc.,NYSE,NYSE,NYSE
TAC,TAC,TransAlta Corporation,NYSE,NYSE,NYSE
TAK,TAK,Takeda Pharmaceutical Company Limited American D,NYSE,NYSE,NYSE
TAL,TAL,TAL Education Group American Depositary Shares,NYSE,NYSE,NYSE
TALO,TALO,"Talos Energy, Inc.",NYSE,NYSE,NYSE
TAP,TAP,Molson Coors Beverage Company,NYSE,NYSE,NYSE
TAP.A,TAP-A,Molson Coors Beverage Company,NYSE,NYSE,NYSE
TBB,TBB,AT&T Inc. 5.350% Global Notes due 2066,NYSE,NYSE,NYSE
TBBB,TBBB,BBB Foods Inc.,NYSE,NYSE,NYSE
TBI,TBI,"TrueBlue, Inc.",NYSE,NYSE,NYSE
TBN,TBN,Tamboran Resources Corporation,NYSE,NYSE,NYSE
TCBX,TCBX,"Third Coast Bancshares, Inc.",NYSE,NYSE,NYSE
TCI,TCI,"Transcontinental Realty Investors, Inc.",NYSE,NYSE,NYSE
TCPA,TCPA,TransCanada PipeLines Limited 6.250% Junior Subo,NYSE,NYSE,NYSE
TD,TD,Toronto Dominion Bank (The),NYSE,NYSE,NYSE
TDAY,TDAY,"USA TODAY Co., Inc.",NYSE,NYSE,NYSE
TDC,TDC,Teradata Corporation,NYSE,NYSE,NYSE
TDF,TDF,"Templeton Dragon Fund, Inc.",NYSE,NYSE,NYSE
TDG,TDG,Transdigm Group Incorporated,NYSE,NYSE,NYSE
TDOC,TDOC,"Teladoc Health, Inc.",NYSE,NYSE,NYSE
TDS,TDS,"Telephone and Data Systems, Inc. Common Shares",NYSE,NYSE,NYSE
TDW,TDW,Tidewater Inc.,NYSE,NYSE,NYSE
TDY,TDY,Teledyne Technologies Incorporated,NYSE,NYSE,NYSE
TE,TE,T1 Energy Inc.,NYSE,NYSE,NYSE
TECK,TECK,Teck Resources Ltd,NYSE,NYSE,NYSE
TEI,TEI,"Templeton Emerging Markets Income Fund, Inc.",NYSE,NYSE,NYSE
TEL,TEL,TE Connectivity plc,NYSE,NYSE,NYSE
TEN,TEN,Tsakos Energy Navigation Ltd Common Shares,NYSE,NYSE,NYSE
TEO,TEO,Telecom Argentina SA,NYSE,NYSE,NYSE
TEVA,TEVA,Teva Pharmaceutical Industries Limited American ,NYSE,NYSE,NYSE
TEX,TEX,Terex Corporation,NYSE,NYSE,NYSE
TFC,TFC,Truist Financial Corporation,NYSE,NYSE,NYSE
TFII,TFII,TFI International Inc. Common Shares,NYSE,NYSE,NYSE
TFIN,TFIN,"Triumph Financial, Inc.",NYSE,NYSE,NYSE
TFPM,TFPM,Triple Flag Precious Metals Corp. Common Shares,NYSE,NYSE,NYSE
TFX,TFX,Teleflex Incorporated,NYSE,NYSE,NYSE
TG,TG,Tredegar Corporation,NYSE,NYSE,NYSE
TGB,TGB,Trekor Metals Limited Common Shares,NYSE American,NYSE American,NYSE American
TGE,TGE,The Generation Essentials Group,NYSE,NYSE,NYSE
TGEN,TGEN,Tecogen Inc.,NYSE American,NYSE American,NYSE American
TGLS,TGLS,Tecnoglass Holdings Inc.,NYSE,NYSE,NYSE
TGS,TGS,Transportadora de Gas del Sur SA TGS,NYSE,NYSE,NYSE
TGT,TGT,Target Corporation,NYSE,NYSE,NYSE
THC,THC,Tenet Healthcare Corporation,NYSE,NYSE,NYSE
THG,THG,Hanover Insurance Group Inc,NYSE,NYSE,NYSE
THM,THM,"International Tower Hill Mines, Ltd. Ordinary Sh",NYSE American,NYSE American,NYSE American
THO,THO,"Thor Industries, Inc.",NYSE,NYSE,NYSE
THQ,THQ,abrdn Healthcare Opportunities Fund Shares of Be,NYSE,NYSE,NYSE
THW,THW,abrdn World Healthcare Fund Shares of Beneficial,NYSE,NYSE,NYSE
TIC,TIC,"TIC Solutions, Inc.",NYSE,NYSE,NYSE
TII,TII,Titan Mining Corporation Common Shares,NYSE American,NYSE American,NYSE American
TIMB,TIMB,TIM S.A. American Depositary Shares (Each repres,NYSE,NYSE,NYSE
TISI,TISI,"Team, Inc.",NYSE,NYSE,NYSE
TJX,TJX,"TJX Companies, Inc. (The)",NYSE,NYSE,NYSE
TK,TK,Teekay Corporation Ltd.,NYSE,NYSE,NYSE
TKC,TKC,Turkcell Iletisim Hizmetleri AS,NYSE,NYSE,NYSE
TKO,TKO,"TKO Group Holdings, Inc.",NYSE,NYSE,NYSE
TKR,TKR,Timken Company (The),NYSE,NYSE,NYSE
TLK,TLK,"PT Telekomunikasi Indonesia, Tbk",NYSE,NYSE,NYSE
TLYS,TLYS,"Tilly's, Inc.",NYSE,NYSE,NYSE
TM,TM,Toyota Motor Corporation,NYSE,NYSE,NYSE
TMDE,TMDE,TMD Energy Limited,NYSE American,NYSE American,NYSE American
TME,TME,Tencent Music Entertainment Group American Depos,NYSE,NYSE,NYSE
TMO,TMO,Thermo Fisher Scientific Inc,NYSE,NYSE,NYSE
TMP,TMP,Tompkins Financial Corporation,NYSE American,NYSE American,NYSE American
TMQ,TMQ,Trilogy Metals Inc.,NYSE American,NYSE American,NYSE American
TNC,TNC,Tennant Company,NYSE,NYSE,NYSE
TNET,TNET,"TriNet Group, Inc.",NYSE,NYSE,NYSE
TNK,TNK,Teekay Tankers Ltd.,NYSE,NYSE,NYSE
TNL,TNL,Travel   Leisure Co. Common  Stock,NYSE,NYSE,NYSE
TOL,TOL,"Toll Brothers, Inc.",NYSE,NYSE,NYSE
TONT,TONT,Graf Global Corp.,NYSE American,NYSE American,NYSE American
TOON,TOON,"Kartoon Studios, Inc.",NYSE American,NYSE American,NYSE American
TOPP,TOPP,Toppoint Holdings Inc.,NYSE American,NYSE American,NYSE American
TOPS,TOPS,"TOP Ships, Inc.",NYSE American,NYSE American,NYSE American
TOST,TOST,"Toast, Inc.",NYSE,NYSE,NYSE
TOVX,TOVX,"Theriva Biologics, Inc.",NYSE American,NYSE American,NYSE American
TP,TP,Ticketplus Ltd.,NYSE American,NYSE American,NYSE American
TPB,TPB,"Turning Point Brands, Inc.",NYSE,NYSE,NYSE
TPC,TPC,Tutor Perini Corporation,NYSE,NYSE,NYSE
TPET,TPET,Trio Petroleum Corp.,NYSE American,NYSE American,NYSE American
TPL,TPL,Texas Pacific Land Corporation,NYSE,NYSE,NYSE
TPR,TPR,"Tapestry, Inc.",NYSE,NYSE,NYSE
TPTS,TPTS,"Terra Property Trust, Inc. 7.00% Senior Secured ",NYSE,NYSE,NYSE
TPVG,TPVG,TriplePoint Venture Growth BDC Corp.,NYSE,NYSE,NYSE
TR,TR,"Tootsie Roll Industries, Inc.",NYSE,NYSE,NYSE
TRAD,TRAD,APEX Tech Acquisition Inc.,NYSE,NYSE,NYSE
TRAK,TRAK,"ReposiTrak, Inc.",NYSE,NYSE,NYSE
TRC,TRC,Tejon Ranch Co,NYSE,NYSE,NYSE
TREX,TREX,"Trex Company, Inc.",NYSE,NYSE,NYSE
TRGP,TRGP,"Targa Resources, Inc.",NYSE,NYSE,NYSE
TRIN,TRIN,Trinity Capital Inc.,NYSE,NYSE,NYSE
TRLV,TRLV,Trulieve Cannabis Corp. Subordinate Voting Share,NYSE,NYSE,NYSE
TRN,TRN,"Trinity Industries, Inc.",NYSE,NYSE,NYSE
TRNI,TRNI,Trinity Capital Inc. 7.875% Notes Due 2029,NYSE,NYSE,NYSE
TRNO,TRNO,Terreno Realty Corporation,NYSE,NYSE,NYSE
TRNZ,TRNZ,Trinity Capital Inc. 7.875% Notes due 2029,NYSE,NYSE,NYSE
TROX,TROX,Tronox Holdings plc Ordinary Shares (UK),NYSE,NYSE,NYSE
TRP,TRP,TC Energy Corporation,NYSE,NYSE,NYSE
TRT,TRT,Trio-Tech International,NYSE American,NYSE American,NYSE American
TRTX,TRTX,"TPG RE Finance Trust, Inc.",NYSE,NYSE,NYSE
TRU,TRU,TransUnion,NYSE,NYSE,NYSE
TRV,TRV,"The Travelers Companies, Inc.",NYSE,NYSE,NYSE
TRX,TRX,TRX Gold Corporation,NYSE American,NYSE American,NYSE American
TS,TS,Tenaris S.A. American Depositary Shares,NYSE,NYSE,NYSE
TSI,TSI,"TCW Strategic Income Fund, Inc.",NYSE,NYSE,NYSE
TSLX,TSLX,"Sixth Street Specialty Lending, Inc.",NYSE,NYSE,NYSE
TSM,TSM,Taiwan Semiconductor Manufacturing Company Ltd.,NYSE,NYSE,NYSE
TSN,TSN,"Tyson Foods, Inc.",NYSE,NYSE,NYSE
TSQ,TSQ,"Townsquare Media, Inc.",NYSE,NYSE,NYSE
TT,TT,Trane Technologies plc,NYSE,NYSE,NYSE
TTAM,TTAM,Titan America SA Common Shares,NYSE,NYSE,NYSE
TTC,TTC,Toro Company (The),NYSE,NYSE,NYSE
TTE,TTE,TotalEnergies SE,NYSE,NYSE,NYSE
TTI,TTI,"Tetra Technologies, Inc.",NYSE,NYSE,NYSE
TU,TU,Telus Corporation,NYSE,NYSE,NYSE
TUYA,TUYA,"Tuya Inc. American Depositary Shares, each repre",NYSE,NYSE,NYSE
TV,TV,Grupo Televisa S.A.B.,NYSE,NYSE,NYSE
TVC,TVC,Tennessee Valley Authority,NYSE,NYSE,NYSE
TVE,TVE,Tennessee Valley Authority,NYSE,NYSE,NYSE
TWI,TWI,"Titan International, Inc. (DE)",NYSE,NYSE,NYSE
TWLO,TWLO,Twilio Inc.,NYSE,NYSE,NYSE
TWN,TWN,"Taiwan Fund, Inc. (The)",NYSE,NYSE,NYSE
TWO,TWO,Two Harbors Investment Corp,NYSE,NYSE,NYSE
TWOD,TWOD,Two Harbors Investments Corp 9.375% Senior Notes,NYSE,NYSE,NYSE
TX,TX,Ternium S.A. Ternium S.A. American Depositary Sh,NYSE,NYSE,NYSE
TXNM,TXNM,"TXNM Energy, Inc.",NYSE,NYSE,NYSE
TXT,TXT,Textron Inc.,NYSE,NYSE,NYSE
TY,TY,Tri Continental Corporation,NYSE,NYSE,NYSE
TYG,TYG,Tortoise Energy Infrastructure Corporation,NYSE,NYSE,NYSE
TYL,TYL,"Tyler Technologies, Inc.",NYSE,NYSE,NYSE
U,U,Unity Software Inc.,NYSE,NYSE,NYSE
UA,UA,"Under Armour, Inc.",NYSE,NYSE,NYSE
UAA,UAA,"Under Armour, Inc.",NYSE,NYSE,NYSE
UAC,UAC,United Acquisition Corp. I,NYSE American,NYSE American,NYSE American
UAMY,UAMY,United States Antimony Corporation,NYSE,NYSE,NYSE
UAVS,UAVS,"AgEagle Aerial Systems, Inc.",NYSE American,NYSE American,NYSE American
UBER,UBER,"Uber Technologies, Inc.",NYSE,NYSE,NYSE
UBS,UBS,UBS Group AG Registered,NYSE,NYSE,NYSE
UCB,UCB,"United Community Banks, Inc.",NYSE,NYSE,NYSE
UDR,UDR,"UDR, Inc.",NYSE,NYSE,NYSE
UE,UE,Urban Edge Properties Common Shares of Beneficia,NYSE,NYSE,NYSE
UEC,UEC,Uranium Energy Corp.,NYSE American,NYSE American,NYSE American
UFI,UFI,"Unifi, Inc. New",NYSE,NYSE,NYSE
UGI,UGI,UGI Corporation,NYSE,NYSE,NYSE
UGP,UGP,Ultrapar Participacoes S.A. (New) American Depos,NYSE,NYSE,NYSE
UHAL,UHAL,U-Haul Holding Company,NYSE,NYSE,NYSE
UHAL.B,UHAL-B,U-Haul Holding Company Series N Non-Voting,NYSE,NYSE,NYSE
UHS,UHS,"Universal Health Services, Inc.",NYSE,NYSE,NYSE
UHT,UHT,Universal Health Realty Income Trust,NYSE,NYSE,NYSE
UI,UI,Ubiquiti Inc.,NYSE,NYSE,NYSE
UIS,UIS,Unisys Corporation New,NYSE,NYSE,NYSE
UL,UL,Unilever PLC American Depositary Shares (each re,NYSE,NYSE,NYSE
ULS,ULS,UL Solutions Inc.,NYSE,NYSE,NYSE
UMAC,UMAC,"Unusual Machines, Inc.",NYSE American,NYSE American,NYSE American
UMC,UMC,United Microelectronics Corporation (NEW),NYSE,NYSE,NYSE
UMH,UMH,"UMH Properties, Inc.",NYSE,NYSE,NYSE
UNF,UNF,Unifirst Corporation,NYSE,NYSE,NYSE
UNFI,UNFI,"United Natural Foods, Inc.",NYSE,NYSE,NYSE
UNH,UNH,UnitedHealth Group Incorporated Common Stock (DE,NYSE,NYSE,NYSE
UNM,UNM,Unum Group,NYSE,NYSE,NYSE
UNMA,UNMA,Unum Group 6.250% Junior Subordinated Notes due ,NYSE,NYSE,NYSE
UNP,UNP,Union Pacific Corporation,NYSE,NYSE,NYSE
UP,UP,Wheels Up Experience Inc.,NYSE,NYSE,NYSE
UPS,UPS,"United Parcel Service, Inc.",NYSE,NYSE,NYSE
URG,URG,Ur Energy Inc Common Shares (Canada),NYSE American,NYSE American,NYSE American
URI,URI,"United Rentals, Inc.",NYSE,NYSE,NYSE
USA,USA,Liberty All-Star Equity Fund,NYSE,NYSE,NYSE
USAS,USAS,Americas Gold and Silver Corporation Common Shar,NYSE American,NYSE American,NYSE American
USB,USB,U.S. Bancorp,NYSE,NYSE,NYSE
USBC,USBC,"USBC, Inc.",NYSE American,NYSE American,NYSE American
USFD,USFD,US Foods Holding Corp.,NYSE,NYSE,NYSE
USNA,USNA,"USANA Health Sciences, Inc.",NYSE,NYSE,NYSE
USPH,USPH,"U.S. Physical Therapy, Inc.",NYSE,NYSE,NYSE
UTF,UTF,"Cohen & Steers Infrastructure Fund, Inc",NYSE,NYSE,NYSE
UTG,UTG,Reaves Utility Income Fund Common Shares of Bene,NYSE American,NYSE American,NYSE American
UTI,UTI,Universal Technical Institute Inc,NYSE,NYSE,NYSE
UTL,UTL,UNITIL Corporation,NYSE,NYSE,NYSE
UTZ,UTZ,Utz Brands Inc,NYSE,NYSE,NYSE
UUU,UUU,"Universal Safety Products, Inc.",NYSE American,NYSE American,NYSE American
UUUU,UUUU,Energy Fuels Inc Ordinary Shares (Canada),NYSE American,NYSE American,NYSE American
UVE,UVE,UNIVERSAL INSURANCE HOLDINGS INC,NYSE,NYSE,NYSE
UVV,UVV,Universal Corporation,NYSE,NYSE,NYSE
UWMC,UWMC,UWM Holdings Corporation,NYSE,NYSE,NYSE
UZD,UZD,"Array Digital Infrastructure, Inc. 6.250% Senior",NYSE,NYSE,NYSE
UZE,UZE,"Array Digital Infrastructure, Inc. 5.500% Senior",NYSE,NYSE,NYSE
UZF,UZF,"Array Digital Infrastructure, Inc. 5.500% Senior",NYSE,NYSE,NYSE
V,V,Visa Inc.,NYSE,NYSE,NYSE
VAC,VAC,Marriott Vacations Worldwide Corporation,NYSE,NYSE,NYSE
VACI,VACI,Viking Acquisition Corp. I,NYSE,NYSE,NYSE
VAL,VAL,Valaris Limited Common Shares,NYSE,NYSE,NYSE
VALE,VALE,VALE S.A.  American Depositary Shares Each Repre,NYSE,NYSE,NYSE
VATE,VATE,INNOVATE Corp.,NYSE,NYSE,NYSE
VBF,VBF,Invesco Bond Fund,NYSE,NYSE,NYSE
VCV,VCV,Invesco California Value Municipal Income Trust,NYSE,NYSE,NYSE
VCX,VCX,"Fundrise Innovation Fund, LLC Common Shares of L",NYSE,NYSE,NYSE
VECA,VECA,Vernal Capital Acquisition Corp.,NYSE,NYSE,NYSE
VEEV,VEEV,Veeva Systems Inc.,NYSE,NYSE,NYSE
VEL,VEL,"Velocity Financial, Inc.",NYSE,NYSE,NYSE
VENU,VENU,Venu Holding Corporation,NYSE American,NYSE American,NYSE American
VET,VET,Vermilion Energy Inc. Common (Canada),NYSE,NYSE,NYSE
VFC,VFC,V.F. Corporation,NYSE,NYSE,NYSE
VG,VG,"Venture Global, Inc.",NYSE,NYSE,NYSE
VGI,VGI,Virtus Global Multi-Sector Income Fund Common Sh,NYSE,NYSE,NYSE
VGM,VGM,Invesco Trust for Investment Grade Municipals Co,NYSE,NYSE,NYSE
VGNT,VGNT,Versigent PLC,NYSE,NYSE,NYSE
VGZ,VGZ,Vista Gold Corp,NYSE American,NYSE American,NYSE American
VHI,VHI,"Valhi, Inc.",NYSE,NYSE,NYSE
VIA,VIA,"Via Transportation, Inc.",NYSE,NYSE,NYSE
VICI,VICI,VICI Properties Inc.,NYSE,NYSE,NYSE
VIDA,VIDA,VIDA Global Inc.,NYSE American,NYSE American,NYSE American
VII,VII,Viking Acquisition Corp. II,NYSE,NYSE,NYSE
VIK,VIK,Viking Holdings Ltd,NYSE,NYSE,NYSE
VIPS,VIPS,Vipshop Holdings Limited American Depositary Sha,NYSE,NYSE,NYSE
VIRT,VIRT,"Virtu Financial, Inc.",NYSE,NYSE,NYSE
VIST,VIST,Vista Energy S.A.B. de C.V. American Depositary ,NYSE,NYSE,NYSE
VIV,VIV,Telefonica Brasil S.A. American Depositary Share,NYSE,NYSE,NYSE
VKI,VKI,Invesco Advantage Municipal Income Trust II Comm,NYSE American,NYSE American,NYSE American
VKQ,VKQ,Invesco Municipal Trust,NYSE,NYSE,NYSE
VLN,VLN,Valens Semiconductor Ltd.,NYSE,NYSE,NYSE
VLO,VLO,Valero Energy Corporation,NYSE,NYSE,NYSE
VLRS,VLRS,"Controladora Vuela Compania de Aviacion, S.A.B. ",NYSE,NYSE,NYSE
VLT,VLT,Invesco High Income Trust II,NYSE,NYSE,NYSE
VLTO,VLTO,Veralto Corp,NYSE,NYSE,NYSE
VMC,VMC,Vulcan Materials Company (Holding Company),NYSE,NYSE,NYSE
VMI,VMI,"Valmont Industries, Inc.",NYSE,NYSE,NYSE
VMO,VMO,Invesco Municipal Opportunity Trust,NYSE,NYSE,NYSE
VNO,VNO,Vornado Realty Trust,NYSE,NYSE,NYSE
VNRX,VNRX,VolitionRX Limited,NYSE American,NYSE American,NYSE American
VNT,VNT,Vontier Corporation,NYSE,NYSE,NYSE
VNTG,VNTG,Vantage Corp,NYSE American,NYSE American,NYSE American
VOYA,VOYA,"Voya Financial, Inc.",NYSE,NYSE,NYSE
VOYG,VOYG,"Voyager Technologies, Inc.",NYSE,NYSE,NYSE
VPG,VPG,"Vishay Precision Group, Inc.",NYSE,NYSE,NYSE
VPV,VPV,Invesco Pennsylvania Value Municipal Income Trus,NYSE,NYSE,NYSE
VRT,VRT,"Vertiv Holdings, LLC",NYSE,NYSE,NYSE
VRTS,VRTS,"Virtus Investment Partners, Inc.",NYSE,NYSE,NYSE
VSH,VSH,"Vishay Intertechnology, Inc.",NYSE,NYSE,NYSE
VST,VST,Vistra Corp.,NYSE,NYSE,NYSE
VSTS,VSTS,Vestis Corporation,NYSE,NYSE,NYSE
VSXY,VSXY,Victorias Secret & Co.,NYSE,NYSE,NYSE
VTAK,VTAK,"Catheter Precision, Inc.",NYSE American,NYSE American,NYSE American
VTEX,VTEX,VTEX,NYSE,NYSE,NYSE
VTMX,VTMX,"Corporacion Inmobiliaria Vesta, S.A.B de C.V. Am",NYSE,NYSE,NYSE
VTN,VTN,Invesco Trust for Investment Grade New York Muni,NYSE,NYSE,NYSE
VTOL,VTOL,"Bristow Group, Inc.",NYSE,NYSE,NYSE
VTR,VTR,"Ventas, Inc.",NYSE,NYSE,NYSE
VTS,VTS,"Vitesse Energy, Inc.",NYSE,NYSE,NYSE
VVR,VVR,Invesco Senior Income Trust Common Stock (DE),NYSE,NYSE,NYSE
VVV,VVV,Valvoline Inc.,NYSE,NYSE,NYSE
VVX,VVX,"V2X, Inc.",NYSE,NYSE,NYSE
VYX,VYX,NCR Voyix Corporation,NYSE,NYSE,NYSE
VZ,VZ,Verizon Communications Inc.,NYSE,NYSE,NYSE
VZLA,VZLA,Vizsla Silver Corp. Common Shares,NYSE American,NYSE American,NYSE American
W,W,Wayfair Inc.,NYSE,NYSE,NYSE
WAB,WAB,Westinghouse Air Brake Technologies Corporation,NYSE,NYSE,NYSE
WAL,WAL,Western Alliance Bancorporation Common Stock (DE,NYSE,NYSE,NYSE
WAT,WAT,Waters Corporation,NYSE,NYSE,NYSE
WBI,WBI,WaterBridge Infrastructure LLC,NYSE,NYSE,NYSE
WBS,WBS,Webster Financial Corporation,NYSE,NYSE,NYSE
WBX,WBX,Wallbox N.V.,NYSE,NYSE,NYSE
WCC,WCC,"WESCO International, Inc.",NYSE,NYSE,NYSE
WCN,WCN,"Waste Connections, Inc. Common Shares",NYSE,NYSE,NYSE
WD,WD,"Walker & Dunlop, Inc",NYSE,NYSE,NYSE
WDI,WDI,Western Asset Diversified Income Fund Common Sha,NYSE,NYSE,NYSE
WDS,WDS,Woodside Energy Group Limited American Depositar,NYSE,NYSE,NYSE
WEA,WEA,Western Asset Bond Fund Share of Beneficial Inte,NYSE,NYSE,NYSE
WEAV,WEAV,"Weave Communications, Inc.",NYSE,NYSE,NYSE
WEC,WEC,"WEC Energy Group, Inc.",NYSE,NYSE,NYSE
WELL,WELL,Welltower Inc.,NYSE,NYSE,NYSE
WENC,WENC,West Enclave Merger Corp.,NYSE,NYSE,NYSE
WEX,WEX,WEX Inc.,NYSE,NYSE,NYSE
WF,WF,Woori Financial Group Inc. American Depositary S,NYSE,NYSE,NYSE
WFC,WFC,Wells Fargo & Company,NYSE,NYSE,NYSE
WFG,WFG,West Fraser Timber Co. Ltd,NYSE,NYSE,NYSE
WGO,WGO,"Winnebago Industries, Inc.",NYSE,NYSE,NYSE
WH,WH,"Wyndham Hotels & Resorts, Inc.",NYSE,NYSE,NYSE
WHD,WHD,"Cactus, Inc.",NYSE,NYSE,NYSE
WHG,WHG,Westwood Holdings Group Inc,NYSE,NYSE,NYSE
WHK,WHK,WhiteHawk Minerals Corp,NYSE,NYSE,NYSE
WHR,WHR,Whirlpool Corporation,NYSE,NYSE,NYSE
WIA,WIA,Western Asset Inflation-Linked Income Fund,NYSE,NYSE,NYSE
WIT,WIT,Wipro Limited,NYSE,NYSE,NYSE
WIW,WIW,Western Asset Inflation-Linked Opportunities & I,NYSE,NYSE,NYSE
WK,WK,Workiva Inc.,NYSE,NYSE,NYSE
WKC,WKC,World Kinect Corporation,NYSE,NYSE,NYSE
WLK,WLK,Westlake Corporation,NYSE,NYSE,NYSE
WLY,WLY,"John Wiley & Sons, Inc.",NYSE,NYSE,NYSE
WLYB,WLYB,"John Wiley & Sons, Inc.",NYSE,NYSE,NYSE
WM,WM,"Waste Management, Inc.",NYSE,NYSE,NYSE
WMB,WMB,"Williams Companies, Inc. (The)",NYSE,NYSE,NYSE
WMK,WMK,"Weis Markets, Inc.",NYSE,NYSE,NYSE
WMS,WMS,"Advanced Drainage Systems, Inc.",NYSE,NYSE,NYSE
WNC,WNC,Wabash National Corporation,NYSE,NYSE,NYSE
WOLF,WOLF,"Wolfspeed, Inc. Common Stock New",NYSE,NYSE,NYSE
WOR,WOR,"Worthington Enterprises, Inc. Common Shares",NYSE,NYSE,NYSE
WPAC,WPAC,White Pearl Acquisition Corp.,NYSE,NYSE,NYSE
WPC,WPC,W. P. Carey Inc. REIT,NYSE,NYSE,NYSE
WPM,WPM,Wheaton Precious Metals Corp Common Shares (Cana,NYSE,NYSE,NYSE
WPP,WPP,WPP plc American Depositary Shares,NYSE,NYSE,NYSE
WRB,WRB,W.R. Berkley Corporation,NYSE,NYSE,NYSE
WRBY,WRBY,Warby Parker Inc.,NYSE,NYSE,NYSE
WRN,WRN,Western Copper and Gold Corporation,NYSE American,NYSE American,NYSE American
WS,WS,"Worthington Steel, Inc. Common Shares",NYSE,NYSE,NYSE
WSM,WSM,"Williams-Sonoma, Inc. Common Stock (DE)",NYSE,NYSE,NYSE
WSO,WSO,"Watsco, Inc.",NYSE,NYSE,NYSE
WSO.B,WSO-B,"Watsco, Inc.",NYSE,NYSE,NYSE
WST,WST,"West Pharmaceutical Services, Inc.",NYSE,NYSE,NYSE
WT,WT,"WisdomTree, Inc.",NYSE,NYSE,NYSE
WTI,WTI,"W&T Offshore, Inc.",NYSE,NYSE,NYSE
WTM,WTM,"White Mountains Insurance Group, Ltd.",NYSE,NYSE,NYSE
WTRG,WTRG,"Essential Utilities, Inc.",NYSE,NYSE,NYSE
WTS,WTS,"Watts Water Technologies, Inc.",NYSE,NYSE,NYSE
WTTR,WTTR,"Select Water Solutions, Inc.",NYSE,NYSE,NYSE
WU,WU,Western Union Company (The),NYSE,NYSE,NYSE
WWR,WWR,"Westwater Resources, Inc.",NYSE American,NYSE American,NYSE American
WWW,WWW,"Wolverine World Wide, Inc.",NYSE,NYSE,NYSE
WY,WY,Weyerhaeuser Company,NYSE,NYSE,NYSE
WYY,WYY,WidePoint Corporation,NYSE American,NYSE American,NYSE American
XFLH,XFLH,XFLH Capital Corporation,NYSE,NYSE,NYSE
XFLT,XFLT,XAI Floating Rate & Alternative Income Trust Com,NYSE,NYSE,NYSE
XHR,XHR,"Xenia Hotels & Resorts, Inc.",NYSE,NYSE,NYSE
XOM,XOM,ExxonMobil Holdings Corporation,NYSE,NYSE,NYSE
XPER,XPER,Xperi Inc.,NYSE,NYSE,NYSE
XPEV,XPEV,"XPeng Inc. American depositary shares, each repr",NYSE,NYSE,NYSE
XPL,XPL,Solitario Resources Corp.,NYSE American,NYSE American,NYSE American
XPO,XPO,"XPO, Inc.",NYSE,NYSE,NYSE
XPOF,XPOF,"Xponential Fitness, Inc.",NYSE,NYSE,NYSE
XPRO,XPRO,Expro Ltd,NYSE,NYSE,NYSE
XRN,XRN,Chiron Real Estate Inc.,NYSE,NYSE,NYSE
XTNT,XTNT,"Xtant Medical Holdings, Inc.",NYSE American,NYSE American,NYSE American
XXI,XXI,"Twenty One Capital, Inc.",NYSE,NYSE,NYSE
XYF,XYF,"X Financial American Depositary Shares, each rep",NYSE,NYSE,NYSE
XYL,XYL,Xylem Inc. Common Stock New,NYSE,NYSE,NYSE
XYZ,XYZ,"Block, Inc.",NYSE,NYSE,NYSE
XZO,XZO,"Exzeo Group, Inc.",NYSE,NYSE,NYSE
YALA,YALA,"Yalla Group Limited American Depositary Shares, ",NYSE,NYSE,NYSE
YCBD,YCBD,"cbdMD, Inc.",NYSE American,NYSE American,NYSE American
YCY,YCY,AA Mission Acquisition Corp. II,NYSE,NYSE,NYSE
YELP,YELP,Yelp Inc.,NYSE,NYSE,NYSE
YETI,YETI,"YETI Holdings, Inc.",NYSE,NYSE,NYSE
YEXT,YEXT,"Yext, Inc.",NYSE,NYSE,NYSE
YMM,YMM,Full Truck Alliance Co. Ltd. American Depositary,NYSE,NYSE,NYSE
YOU,YOU,"Clear Secure, Inc.",NYSE,NYSE,NYSE
YPF,YPF,YPF Sociedad Anonima American Depositary Shares,NYSE,NYSE,NYSE
YRD,YRD,"Yiren Digital Ltd. American Depositary Shares, e",NYSE,NYSE,NYSE
YSG,YSG,Yatsen Holding Limited American Depositary Share,NYSE,NYSE,NYSE
YSS,YSS,York Space Systems Inc.,NYSE,NYSE,NYSE
YUM,YUM,"Yum! Brands, Inc.",NYSE,NYSE,NYSE
YUMC,YUMC,"Yum China Holdings, Inc.",NYSE,NYSE,NYSE
ZBH,ZBH,"Zimmer Biomet Holdings, Inc.",NYSE,NYSE,NYSE
ZDGE,ZDGE,"Zedge, Inc.",NYSE American,NYSE American,NYSE American
ZEPP,ZEPP,Zepp Health Corporation American depositary shar,NYSE,NYSE,NYSE
ZETA,ZETA,Zeta Global Holdings Corp.,NYSE,NYSE,NYSE
ZGN,ZGN,Ermenegildo Zegna N.V.,NYSE,NYSE,NYSE
ZH,ZH,"Zhihu Inc. American Depositary Shares, each repr",NYSE,NYSE,NYSE
ZIM,ZIM,ZIM Integrated Shipping Services Ltd.,NYSE,NYSE,NYSE
ZIP,ZIP,"ZipRecruiter, Inc.",NYSE,NYSE,NYSE
ZKH,ZKH,"ZKH Group Limited American Depositary Shares, ea",NYSE,NYSE,NYSE
ZONE,ZONE,CleanCore Solutions Inc.,NYSE American,NYSE American,NYSE American
ZTO,ZTO,ZTO Express (Cayman) Inc. American Depositary Sh,NYSE,NYSE,NYSE
ZTR,ZTR,Virtus Total Return Fund Inc.,NYSE,NYSE,NYSE
ZTS,ZTS,Zoetis Inc.,NYSE,NYSE,NYSE
ZVIA,ZVIA,Zevia PBC,NYSE,NYSE,NYSE
ZWS,ZWS,Zurn Elkay Water Solutions Corporation,NYSE,NYSE,NYSE
